country,region,region_code,start_date,end_date,days,year,week,population,total_deaths,covid_deaths,expected_deaths,excess_deaths,non_covid_deaths,covid_deaths_per_100k,excess_deaths_per_100k,excess_deaths_pct_change
Australia,Australia,0,30-12-2019,05-01-2020,7,2020,1,25921089,2926,0,2965.372893,-39.37289326,2926,0,-0.151895213,-0.013277552
Australia,Australia,0,06-01-2020,12-01-2020,7,2020,2,25921089,2902,0,2956.53956,-54.53955993,2902,0,-0.210406129,-0.018447093
Australia,Australia,0,13-01-2020,19-01-2020,7,2020,3,25921089,2914,0,2932.03956,-18.03955993,2914,0,-0.069594144,-0.006152564
Australia,Australia,0,20-01-2020,26-01-2020,7,2020,4,25921089,3007,0,2940.372893,66.62710674,3007,0,0.257038224,0.022659407
Australia,Australia,0,27-01-2020,02-02-2020,7,2020,5,25921089,2910,0,2900.03956,9.960440075,2910,0,0.038426009,0.003434588
Australia,Australia,0,03-02-2020,09-02-2020,7,2020,6,25921089,2917,0,2931.706227,-14.70622659,2917,0,-0.056734602,-0.005016269
Australia,Australia,0,10-02-2020,16-02-2020,7,2020,7,25921089,3030,0,2936.372893,93.62710674,3030,0,0.361200514,0.031885292
Australia,Australia,0,17-02-2020,23-02-2020,7,2020,8,25921089,3059,0,2989.03956,69.96044007,3059,0,0.269897766,0.023405659
Australia,Australia,0,24-02-2020,01-03-2020,7,2020,9,25921089,3090,1,2952.647472,137.3525281,3089,0.003857863,0.529887182,0.046518431
Australia,Australia,0,02-03-2020,08-03-2020,7,2020,10,25921089,2996,2,2992.247472,3.75252809,2994,0.007715725,0.014476738,0.001254083
Australia,Australia,0,09-03-2020,15-03-2020,7,2020,11,25921089,2976,0,2928.047472,47.95252809,2976,0,0.184994265,0.016376964
Australia,Australia,0,16-03-2020,22-03-2020,7,2020,12,25921089,3095,4,2960.047472,134.9525281,3091,0.01543145,0.520628312,0.045591339
Australia,Australia,0,23-03-2020,29-03-2020,7,2020,13,25921089,3143,9,2979.447472,163.5525281,3134,0.034720763,0.630963182,0.054893577
Australia,Australia,0,30-03-2020,05-04-2020,7,2020,14,25921089,3217,19,2997.247472,219.7525281,3198,0.07329939,0.847775061,0.073318113
Australia,Australia,0,06-04-2020,12-04-2020,7,2020,15,25921089,3140,25,3042.647472,97.35252809,3115,0.096446565,0.375572678,0.031995993
Australia,Australia,0,13-04-2020,19-04-2020,7,2020,16,25921089,3084,7,3045.847472,38.15252809,3077,0.027005038,0.147187212,0.01252608
Australia,Australia,0,20-04-2020,26-04-2020,7,2020,17,25921089,3044,16,3037.647472,6.35252809,3028,0.061725802,0.024507181,0.002091266
Australia,Australia,0,27-04-2020,03-05-2020,7,2020,18,25921089,3032,12,3070.847472,-38.84747191,3020,0.046294351,-0.149868209,-0.012650408
Australia,Australia,0,04-05-2020,10-05-2020,7,2020,19,25921089,3161,2,3193.047472,-32.04747191,3159,0.007715725,-0.123634744,-0.010036641
Australia,Australia,0,11-05-2020,17-05-2020,7,2020,20,25921089,3150,2,3192.047472,-42.04747191,3148,0.007715725,-0.16221337,-0.013172571
Australia,Australia,0,18-05-2020,24-05-2020,7,2020,21,25921089,3214,3,3266.647472,-52.64747191,3211,0.011573588,-0.203106713,-0.016116668
Australia,Australia,0,25-05-2020,31-05-2020,7,2020,22,25921089,3178,1,3283.447472,-105.4474719,3177,0.003857863,-0.406801859,-0.032114865
Australia,Australia,0,01-06-2020,07-06-2020,7,2020,23,25921089,3113,0,3353.847472,-240.8474719,3113,0,-0.929156456,-0.071812291
Australia,Australia,0,08-06-2020,14-06-2020,7,2020,24,25921089,3128,0,3302.247472,-174.2474719,3128,0,-0.672222806,-0.052766328
Australia,Australia,0,15-06-2020,21-06-2020,7,2020,25,25921089,3064,0,3331.047472,-267.0474719,3064,0,-1.030232456,-0.080169218
Australia,Australia,0,22-06-2020,28-06-2020,7,2020,26,25921089,3058,2,3384.447472,-326.4474719,3056,0.007715725,-1.259389495,-0.096455175
Australia,Australia,0,29-06-2020,05-07-2020,7,2020,27,25921089,3218,2,3461.447472,-243.4474719,3216,0.007715725,-0.939186899,-0.070331118
Australia,Australia,0,06-07-2020,12-07-2020,7,2020,28,25921089,3197,2,3443.247472,-246.2474719,3195,0.007715725,-0.949988914,-0.071516054
Australia,Australia,0,13-07-2020,19-07-2020,7,2020,29,25921089,3204,15,3528.247472,-324.2474719,3189,0.057867939,-1.250902197,-0.091900433
Australia,Australia,0,20-07-2020,26-07-2020,7,2020,30,25921089,3332,38,3550.247472,-218.2474719,3294,0.146598779,-0.841968761,-0.061473876
Australia,Australia,0,27-07-2020,02-08-2020,7,2020,31,25921089,3353,60,3505.447472,-152.4474719,3293,0.231471756,-0.588121401,-0.043488734
Australia,Australia,0,03-08-2020,09-08-2020,7,2020,32,25921089,3398,92,3527.847472,-129.8474719,3306,0.35492336,-0.500933707,-0.03680643
Australia,Australia,0,10-08-2020,16-08-2020,7,2020,33,25921089,3478,108,3573.647472,-95.64747191,3370,0.416649162,-0.368994805,-0.026764663
Australia,Australia,0,17-08-2020,23-08-2020,7,2020,34,25921089,3310,96,3597.447472,-287.4474719,3214,0.37035481,-1.108932854,-0.079903174
Australia,Australia,0,24-08-2020,30-08-2020,7,2020,35,25921089,3283,135,3605.447472,-322.4474719,3148,0.520811452,-1.243958045,-0.089433413
Australia,Australia,0,31-08-2020,06-09-2020,7,2020,36,25921089,3290,110,3539.647472,-249.6474719,3180,0.424364887,-0.963105647,-0.070528908
Australia,Australia,0,07-09-2020,13-09-2020,7,2020,37,25921089,3239,54,3455.247472,-216.2474719,3185,0.208324581,-0.834253036,-0.062585234
Australia,Australia,0,14-09-2020,20-09-2020,7,2020,38,25921089,3100,35,3404.247472,-304.2474719,3065,0.135025191,-1.173744945,-0.089372901
Australia,Australia,0,21-09-2020,27-09-2020,7,2020,39,25921089,3145,24,3283.247472,-138.2474719,3121,0.092588703,-0.533339752,-0.04210693
Australia,Australia,0,28-09-2020,04-10-2020,7,2020,40,25921089,3183,19,3286.047472,-103.0474719,3164,0.07329939,-0.397542989,-0.031359094
Australia,Australia,0,05-10-2020,11-10-2020,7,2020,41,25921089,3042,4,3240.447472,-198.4474719,3038,0.01543145,-0.765583081,-0.061240762
Australia,Australia,0,12-10-2020,18-10-2020,7,2020,42,25921089,3003,7,3185.047472,-182.0474719,2996,0.027005038,-0.702314135,-0.05715691
Australia,Australia,0,19-10-2020,25-10-2020,7,2020,43,25921089,2964,0,3120.447472,-156.4474719,2964,0,-0.603552852,-0.05013623
Australia,Australia,0,26-10-2020,01-11-2020,7,2020,44,25921089,3036,2,3112.647472,-76.64747191,3034,0.007715725,-0.295695416,-0.024624527
Australia,Australia,0,02-11-2020,08-11-2020,7,2020,45,25921089,3034,0,3063.047472,-29.04747191,3034,0,-0.112061156,-0.009483194
Australia,Australia,0,09-11-2020,15-11-2020,7,2020,46,25921089,3132,0,3015.647472,116.3525281,3132,0,0.448872067,0.038582934
Australia,Australia,0,16-11-2020,22-11-2020,7,2020,47,25921089,3043,0,3045.447472,-2.44747191,3043,0,-0.00944201,-0.000803649
Australia,Australia,0,23-11-2020,29-11-2020,7,2020,48,25921089,2957,1,3008.847472,-51.84747191,2956,0.003857863,-0.200020423,-0.017231672
Australia,Australia,0,30-11-2020,06-12-2020,7,2020,49,25921089,3106,0,2973.447472,132.5525281,3106,0,0.511369442,0.044578735
Australia,Australia,0,07-12-2020,13-12-2020,7,2020,50,25921089,3007,0,3042.247472,-35.24747191,3007,0,-0.135979904,-0.011585998
Australia,Australia,0,14-12-2020,20-12-2020,7,2020,51,25921089,3047,0,3000.447472,46.55252809,3047,0,0.179593257,0.015515195
Australia,Australia,0,21-12-2020,27-12-2020,7,2020,52,25921089,3067,1,2941.647472,125.3525281,3066,0.003857863,0.483592831,0.042613035
Australia,Australia,0,28-12-2020,03-01-2021,7,2020,53,25921089,2987,0,2947.497191,39.50280899,2987,0,0.15239641,0.013402153
Australia,Australia,0,04-01-2021,10-01-2021,7,2021,1,25921089,3029,0,2996.922051,32.07794944,3029,0,0.123752322,0.010703632
Australia,Australia,0,11-01-2021,17-01-2021,7,2021,2,25921089,2950,0,2988.088717,-38.08871723,2950,0,-0.146941038,-0.01274685
Australia,Australia,0,18-01-2021,24-01-2021,7,2021,3,25921089,3148,0,2963.588717,184.4112828,3148,0,0.711433392,0.062225666
Australia,Australia,0,25-01-2021,31-01-2021,7,2021,4,25921089,2944,0,2971.922051,-27.92205056,2944,0,-0.107719435,-0.009395284
Australia,Australia,0,01-02-2021,07-02-2021,7,2021,5,25921089,3068,0,2931.588717,136.4112828,3068,0,0.526255987,0.046531521
Australia,Australia,0,08-02-2021,14-02-2021,7,2021,6,25921089,2962,0,2963.255384,-1.255383895,2962,0,-0.004843099,-0.00042365
Australia,Australia,0,15-02-2021,21-02-2021,7,2021,7,25921089,2934,0,2967.922051,-33.92205056,2934,0,-0.13086661,-0.011429562
Australia,Australia,0,22-02-2021,28-02-2021,7,2021,8,25921089,3048,0,3020.588717,27.41128277,3048,0,0.105748963,0.009074815
Australia,Australia,0,01-03-2021,07-03-2021,7,2021,9,25921089,3069,0,2984.196629,84.80337079,3069,0,0.327159753,0.028417488
Australia,Australia,0,08-03-2021,14-03-2021,7,2021,10,25921089,3117,0,3023.796629,93.20337079,3117,0,0.359565799,0.030823293
Australia,Australia,0,15-03-2021,21-03-2021,7,2021,11,25921089,3084,0,2959.596629,124.4033708,3084,0,0.479931112,0.042033894
Australia,Australia,0,22-03-2021,28-03-2021,7,2021,12,25921089,3038,0,2991.596629,46.40337079,3038,0,0.179017829,0.015511239
Australia,Australia,0,29-03-2021,04-04-2021,7,2021,13,25921089,3094,0,3010.996629,83.00337079,3094,0,0.3202156,0.027566743
Australia,Australia,0,05-04-2021,11-04-2021,7,2021,14,25921089,2954,0,3028.796629,-74.79662921,2954,0,-0.288555119,-0.024695164
Australia,Australia,0,12-04-2021,18-04-2021,7,2021,15,25921089,3251,1,3074.196629,176.8033708,3250,0.003857863,0.682083113,0.057512057
Australia,Australia,0,19-04-2021,25-04-2021,7,2021,16,25921089,3242,0,3077.396629,164.6033708,3242,0,0.635017189,0.053487863
Australia,Australia,0,26-04-2021,02-05-2021,7,2021,17,25921089,3272,0,3069.196629,202.8033708,3272,0,0.782387541,0.066077021
Australia,Australia,0,03-05-2021,09-05-2021,7,2021,18,25921089,3362,0,3102.396629,259.6033708,3362,0,1.001514137,0.083678331
Australia,Australia,0,10-05-2021,16-05-2021,7,2021,19,25921089,3362,0,3224.596629,137.4033708,3362,0,0.530083326,0.042611026
Australia,Australia,0,17-05-2021,23-05-2021,7,2021,20,25921089,3358,0,3223.596629,134.4033708,3358,0,0.518509738,0.041693607
Australia,Australia,0,24-05-2021,30-05-2021,7,2021,21,25921089,3507,0,3298.196629,208.8033708,3507,0,0.805534716,0.063308345
Australia,Australia,0,31-05-2021,06-06-2021,7,2021,22,25921089,3371,0,3314.996629,56.00337079,3371,0,0.21605331,0.016893945
Australia,Australia,0,07-06-2021,13-06-2021,7,2021,23,25921089,3556,0,3385.396629,170.6033708,3556,0,0.658164365,0.050393909
Australia,Australia,0,14-06-2021,20-06-2021,7,2021,24,25921089,3487,0,3333.796629,153.2033708,3487,0,0.591037556,0.045954624
Australia,Australia,0,21-06-2021,27-06-2021,7,2021,25,25921089,3451,0,3362.596629,88.40337079,3451,0,0.341048059,0.02629021
Australia,Australia,0,28-06-2021,04-07-2021,7,2021,26,25921089,3463,0,3415.996629,47.00337079,3463,0,0.181332547,0.013759783
Australia,Australia,0,05-07-2021,11-07-2021,7,2021,27,25921089,3539,1,3492.996629,46.00337079,3538,0.003857863,0.177474684,0.013170173
Australia,Australia,0,12-07-2021,18-07-2021,7,2021,28,25921089,3585,3,3474.796629,110.2033708,3582,0.011573588,0.425149463,0.031715056
Australia,Australia,0,19-07-2021,25-07-2021,7,2021,29,25921089,3612,4,3559.796629,52.20337079,3608,0.01543145,0.201393432,0.014664706
Australia,Australia,0,26-07-2021,01-08-2021,7,2021,30,25921089,3664,8,3581.796629,82.20337079,3656,0.030862901,0.31712931,0.022950318
Australia,Australia,0,02-08-2021,08-08-2021,7,2021,31,25921089,3464,15,3536.996629,-72.99662921,3449,0.057867939,-0.281610966,-0.020638026
Australia,Australia,0,09-08-2021,15-08-2021,7,2021,32,25921089,3426,27,3559.396629,-133.3966292,3399,0.10416229,-0.514625868,-0.037477315
Australia,Australia,0,16-08-2021,22-08-2021,7,2021,33,25921089,3494,18,3605.196629,-111.1966292,3476,0.069441527,-0.428981318,-0.03084343
Australia,Australia,0,23-08-2021,29-08-2021,7,2021,34,25921089,3409,19,3628.996629,-219.9966292,3390,0.07329939,-0.84871677,-0.060621889
Australia,Australia,0,30-08-2021,05-09-2021,7,2021,35,25921089,3481,41,3636.996629,-155.9966292,3440,0.158172367,-0.601813563,-0.042891607
Australia,Australia,0,06-09-2021,12-09-2021,7,2021,36,25921089,3402,54,3571.196629,-169.1966292,3348,0.208324581,-0.652737349,-0.047378133
Australia,Australia,0,13-09-2021,19-09-2021,7,2021,37,25921089,3478,69,3486.796629,-8.796629213,3409,0.26619252,-0.033936187,-0.00252284
Australia,Australia,0,20-09-2021,26-09-2021,7,2021,38,25921089,3353,78,3435.796629,-82.79662921,3275,0.300913283,-0.31941802,-0.024098233
Australia,Australia,0,27-09-2021,03-10-2021,7,2021,39,25921089,3513,101,3314.796629,198.2033708,3412,0.389644123,0.764641373,0.059793524
Australia,Australia,0,04-10-2021,10-10-2021,7,2021,40,25921089,3381,102,3317.596629,63.40337079,3279,0.393501986,0.244601493,0.019111236
Australia,Australia,0,11-10-2021,17-10-2021,7,2021,41,25921089,3338,95,3271.996629,66.00337079,3243,0.366496948,0.254631936,0.0201722
Australia,Australia,0,18-10-2021,24-10-2021,7,2021,42,25921089,3339,105,3216.596629,122.4033708,3234,0.405075574,0.472215387,0.03805369
Australia,Australia,0,25-10-2021,31-10-2021,7,2021,43,25921089,3303,95,3151.996629,151.0033708,3208,0.366496948,0.582550258,0.047907212
Australia,Australia,0,01-11-2021,07-11-2021,7,2021,44,25921089,3285,84,3144.196629,140.8033708,3201,0.324060459,0.543200059,0.044781986
Australia,Australia,0,08-11-2021,14-11-2021,7,2021,45,25921089,3152,61,3094.596629,57.40337079,3091,0.235329619,0.221454318,0.018549549
Australia,Australia,0,15-11-2021,21-11-2021,7,2021,46,25921089,3303,60,3047.196629,255.8033708,3243,0.231471756,0.986854259,0.083947117
Australia,Australia,0,22-11-2021,28-11-2021,7,2021,47,25921089,3232,49,3076.996629,155.0033708,3183,0.189035268,0.597981708,0.050374891
Australia,Australia,0,29-11-2021,05-12-2021,7,2021,48,25921089,3233,59,3040.396629,192.6033708,3174,0.227613894,0.743037342,0.063348107
Australia,Australia,0,06-12-2021,12-12-2021,7,2021,49,25921089,3143,50,3004.996629,138.0033708,3093,0.19289313,0.532398044,0.045924634
Australia,Australia,0,13-12-2021,19-12-2021,7,2021,50,25921089,3221,40,3073.796629,147.2033708,3181,0.154314504,0.56789038,0.047889756
Australia,Australia,0,20-12-2021,26-12-2021,7,2021,51,25921089,3324,50,3031.996629,292.0033708,3274,0.19289313,1.126508885,0.096307287
Australia,Australia,0,27-12-2021,02-01-2022,7,2021,52,25921089,3165,70,2973.196629,191.8033708,3095,0.270050383,0.739951052,0.064510826
Australia,Australia,0,03-01-2022,09-01-2022,7,2022,1,25921089,3297,121,3028.471208,268.5287921,3176,0.466801376,1.035947186,0.088668101
Australia,Australia,0,10-01-2022,16-01-2022,7,2022,2,25921089,3697,305,3019.637875,677.3621255,3392,1.176648095,2.613170016,0.224318992
Australia,Australia,0,17-01-2022,23-01-2022,7,2022,3,25921089,3849,456,2995.137875,853.8621255,3393,1.759185349,3.294082766,0.285082745
Australia,Australia,0,24-01-2022,30-01-2022,7,2022,4,25921089,3765,612,3003.471208,761.5287921,3153,2.361011916,2.937873452,0.253549556
Australia,Australia,0,31-01-2022,06-02-2022,7,2022,5,25921089,3692,488,2963.137875,728.8621255,3204,1.882636952,2.81184994,0.245976447
Australia,Australia,0,07-02-2022,13-02-2022,7,2022,6,25921089,3518,356,2994.804541,523.1954588,3162,1.373399088,2.018416197,0.174701037
Australia,Australia,0,14-02-2022,20-02-2022,7,2022,7,25921089,3373,325,2999.471208,373.5287921,3048,1.253805347,1.44102276,0.124531548
Australia,Australia,0,21-02-2022,27-02-2022,7,2022,8,25921089,3358,242,3052.137875,305.8621255,3116,0.933602751,1.179974057,0.100212421
Australia,Australia,0,28-02-2022,06-03-2022,7,2022,9,25921089,3312,254,3015.745787,296.2542135,3058,0.979897102,1.142908053,0.098235804
Australia,Australia,0,07-03-2022,13-03-2022,7,2022,10,25921089,3132,165,3055.345787,76.65421348,2967,0.63654733,0.295721424,0.025088556
Australia,Australia,0,14-03-2022,20-03-2022,7,2022,11,25921089,3264,146,2991.145787,272.8542135,3118,0.563247941,1.052634068,0.091220633
Australia,Australia,0,21-03-2022,27-03-2022,7,2022,12,25921089,3250,161,3023.145787,226.8542135,3089,0.62111588,0.875172388,0.075039125
Austria,Austria,0,30-12-2019,05-01-2020,7,2020,1,8922082,1614,0,1785.124298,-171.1242978,1614,0,-1.917986158,-0.095861279
Austria,Austria,0,06-01-2020,12-01-2020,7,2020,2,8922082,1702,0,1839.790964,-137.7909644,1702,0,-1.544381283,-0.074894902
Austria,Austria,0,13-01-2020,19-01-2020,7,2020,3,8922082,1797,0,1796.790964,0.209035581,1797,0,0.002342901,0.000116338
Austria,Austria,0,20-01-2020,26-01-2020,7,2020,4,8922082,1779,0,1760.957631,18.04236891,1779,0,0.20222151,0.010245771
Austria,Austria,0,27-01-2020,02-02-2020,7,2020,5,8922082,1947,0,1848.624298,98.37570225,1947,0,1.102609259,0.053215628
Austria,Austria,0,03-02-2020,09-02-2020,7,2020,6,8922082,1682,0,1819.624298,-137.6242978,1682,0,-1.542513258,-0.075633359
Austria,Austria,0,10-02-2020,16-02-2020,7,2020,7,8922082,1721,0,1806.124298,-85.12429775,1721,0,-0.954085579,-0.047130919
Austria,Austria,0,17-02-2020,23-02-2020,7,2020,8,8922082,1719,0,1813.457631,-94.45763109,1719,0,-1.058694945,-0.052087035
Austria,Austria,0,24-02-2020,01-03-2020,7,2020,9,8922082,1768,0,1825.949157,-57.9491573,1768,0,-0.649502631,-0.031736457
Austria,Austria,0,02-03-2020,08-03-2020,7,2020,10,8922082,1744,0,1763.949157,-19.9491573,1744,0,-0.223593073,-0.011309372
Austria,Austria,0,09-03-2020,15-03-2020,7,2020,11,8922082,1718,1,1721.749157,-3.749157303,1717,0.011208146,-0.042021103,-0.002177528
Austria,Austria,0,16-03-2020,22-03-2020,7,2020,12,8922082,1836,19,1608.349157,227.6508427,1817,0.212954779,2.551543941,0.141543173
Austria,Austria,0,23-03-2020,29-03-2020,7,2020,13,8922082,1765,81,1656.149157,108.8508427,1684,0.907859847,1.220016165,0.065725265
Austria,Austria,0,30-03-2020,05-04-2020,7,2020,14,8922082,1828,122,1595.749157,232.2508427,1706,1.367393844,2.603101414,0.145543453
Austria,Austria,0,06-04-2020,12-04-2020,7,2020,15,8922082,1793,164,1556.549157,236.4508427,1629,1.838135987,2.650175628,0.151907083
Austria,Austria,0,13-04-2020,19-04-2020,7,2020,16,8922082,1704,115,1533.749157,170.2508427,1589,1.28893682,1.908196346,0.111003055
Austria,Austria,0,20-04-2020,26-04-2020,7,2020,17,8922082,1588,90,1480.549157,107.4508427,1498,1.008733163,1.204324761,0.072574992
Austria,Austria,0,27-04-2020,03-05-2020,7,2020,18,8922082,1480,61,1474.949157,5.050842697,1419,0.683696922,0.056610584,0.003424418
Austria,Austria,0,04-05-2020,10-05-2020,7,2020,19,8922082,1520,35,1449.749157,70.2508427,1485,0.392285119,0.78738172,0.04845724
Austria,Austria,0,11-05-2020,17-05-2020,7,2020,20,8922082,1489,21,1473.349157,15.6508427,1468,0.235371071,0.175416934,0.01062263
Austria,Austria,0,18-05-2020,24-05-2020,7,2020,21,8922082,1481,19,1431.949157,49.0508427,1462,0.212954779,0.549769019,0.034254598
Austria,Austria,0,25-05-2020,31-05-2020,7,2020,22,8922082,1418,13,1424.749157,-6.749157303,1405,0.145705901,-0.075645542,-0.004737085
Austria,Austria,0,01-06-2020,07-06-2020,7,2020,23,8922082,1490,17,1422.749157,67.2508427,1473,0.190538486,0.753757281,0.047268236
Austria,Austria,0,08-06-2020,14-06-2020,7,2020,24,8922082,1461,12,1453.749157,7.250842697,1449,0.134497755,0.081268505,0.004987685
Austria,Austria,0,15-06-2020,21-06-2020,7,2020,25,8922082,1413,18,1417.949157,-4.949157303,1395,0.201746633,-0.055470879,-0.003490363
Austria,Austria,0,22-06-2020,28-06-2020,7,2020,26,8922082,1438,17,1410.149157,27.8508427,1421,0.190538486,0.312156318,0.019750281
Austria,Austria,0,29-06-2020,05-07-2020,7,2020,27,8922082,1561,11,1445.549157,115.4508427,1550,0.123289609,1.293989931,0.079866425
Austria,Austria,0,06-07-2020,12-07-2020,7,2020,28,8922082,1383,5,1387.749157,-4.749157303,1378,0.056040731,-0.05322925,-0.003422202
Austria,Austria,0,13-07-2020,19-07-2020,7,2020,29,8922082,1443,10,1480.149157,-37.1491573,1433,0.112081463,-0.416373188,-0.025098253
Austria,Austria,0,20-07-2020,26-07-2020,7,2020,30,8922082,1452,11,1499.149157,-47.1491573,1441,0.123289609,-0.528454651,-0.031450611
Austria,Austria,0,27-07-2020,02-08-2020,7,2020,31,8922082,1527,14,1515.149157,11.8508427,1513,0.156914048,0.132825978,0.007821568
Austria,Austria,0,03-08-2020,09-08-2020,7,2020,32,8922082,1433,14,1436.549157,-3.549157303,1419,0.156914048,-0.039779474,-0.002470613
Austria,Austria,0,10-08-2020,16-08-2020,7,2020,33,8922082,1607,11,1470.949157,136.0508427,1596,0.123289609,1.524877744,0.092491873
Austria,Austria,0,17-08-2020,23-08-2020,7,2020,34,8922082,1477,12,1444.149157,32.8508427,1465,0.134497755,0.36819705,0.022747541
Austria,Austria,0,24-08-2020,30-08-2020,7,2020,35,8922082,1500,10,1437.149157,62.8508427,1490,0.112081463,0.704441438,0.043732999
Austria,Austria,0,31-08-2020,06-09-2020,7,2020,36,8922082,1523,13,1387.549157,135.4508427,1510,0.145705901,1.518152856,0.09761877
Austria,Austria,0,07-09-2020,13-09-2020,7,2020,37,8922082,1568,13,1435.149157,132.8508427,1555,0.145705901,1.489011676,0.092569363
Austria,Austria,0,14-09-2020,20-09-2020,7,2020,38,8922082,1569,21,1433.349157,135.6508427,1548,0.235371071,1.520394485,0.094639078
Austria,Austria,0,21-09-2020,27-09-2020,7,2020,39,8922082,1532,31,1481.949157,50.0508427,1501,0.347452534,0.560977165,0.033773657
Austria,Austria,0,28-09-2020,04-10-2020,7,2020,40,8922082,1587,36,1520.749157,66.2508427,1551,0.403493265,0.742549135,0.043564609
Austria,Austria,0,05-10-2020,11-10-2020,7,2020,41,8922082,1624,64,1529.349157,94.6508427,1560,0.717321361,1.060860489,0.061889623
Austria,Austria,0,12-10-2020,18-10-2020,7,2020,42,8922082,1619,64,1515.549157,103.4508427,1555,0.717321361,1.159492176,0.068259642
Austria,Austria,0,19-10-2020,25-10-2020,7,2020,43,8922082,1780,112,1519.349157,260.6508427,1668,1.255312381,2.921412768,0.171554275
Austria,Austria,0,26-10-2020,01-11-2020,7,2020,44,8922082,1896,215,1523.349157,372.6508427,1681,2.409751446,4.176725149,0.244626021
Austria,Austria,0,02-11-2020,08-11-2020,7,2020,45,8922082,2006,354,1519.749157,486.2508427,1652,3.967683776,5.449970564,0.319954672
Austria,Austria,0,09-11-2020,15-11-2020,7,2020,46,8922082,2287,571,1562.749157,724.2508427,1716,6.399851514,8.117509374,0.463446638
Austria,Austria,0,16-11-2020,22-11-2020,7,2020,47,8922082,2414,729,1548.349157,865.6508427,1685,8.170738624,9.702341255,0.559079868
Austria,Austria,0,23-11-2020,29-11-2020,7,2020,48,8922082,2442,822,1556.549157,885.4508427,1620,9.213096226,9.924262551,0.568855046
Austria,Austria,0,30-11-2020,06-12-2020,7,2020,49,8922082,2550,958,1613.349157,936.6508427,1592,10.73740412,10.49811964,0.58056301
Austria,Austria,0,07-12-2020,13-12-2020,7,2020,50,8922082,2479,872,1617.149157,861.8508427,1607,9.773503539,9.659750299,0.532944558
Austria,Austria,0,14-12-2020,20-12-2020,7,2020,51,8922082,2264,733,1663.949157,600.0508427,1531,8.215571209,6.725457608,0.360618496
Austria,Austria,0,21-12-2020,27-12-2020,7,2020,52,8922082,2131,645,1745.549157,385.4508427,1486,7.229254338,4.320189421,0.220819243
Austria,Austria,0,28-12-2020,03-01-2021,7,2020,53,8922082,2004,550,1713.66573,290.3342697,1454,6.164480443,3.254108959,0.16942293
Austria,Austria,0,04-01-2021,10-01-2021,7,2021,1,8922082,1962,455,1788.574017,173.4259831,1507,5.099706548,1.943783784,0.096963269
Austria,Austria,0,11-01-2021,17-01-2021,7,2021,2,8922082,1959,437,1843.240684,115.7593165,1522,4.897959916,1.29744735,0.062802062
Austria,Austria,0,18-01-2021,24-01-2021,7,2021,3,8922082,2009,405,1800.240684,208.7593165,1604,4.539299235,2.339804952,0.115961892
Austria,Austria,0,25-01-2021,31-01-2021,7,2021,4,8922082,1950,390,1764.40735,185.5926498,1560,4.371177041,2.080149564,0.105186963
Austria,Austria,0,01-02-2021,07-02-2021,7,2021,5,8922082,1868,323,1852.074017,15.92598315,1545,3.620231242,0.178500748,0.008598999
Austria,Austria,0,08-02-2021,14-02-2021,7,2021,6,8922082,1759,270,1823.074017,-64.07401685,1489,3.02619949,-0.718150952,-0.035146141
Austria,Austria,0,15-02-2021,21-02-2021,7,2021,7,8922082,1722,219,1809.574017,-87.57401685,1503,2.454584031,-0.981542389,-0.048394824
Austria,Austria,0,22-02-2021,28-02-2021,7,2021,8,8922082,1669,227,1816.90735,-147.9073502,1442,2.544249201,-1.657767214,-0.081406105
Austria,Austria,0,01-03-2021,07-03-2021,7,2021,9,8922082,1590,198,1829.398876,-239.3988764,1392,2.219212959,-2.683217621,-0.130862044
Austria,Austria,0,08-03-2021,14-03-2021,7,2021,10,8922082,1752,210,1767.398876,-15.3988764,1542,2.353710715,-0.172592859,-0.008712734
Austria,Austria,0,15-03-2021,21-03-2021,7,2021,11,8922082,1694,244,1725.198876,-31.1988764,1450,2.734787687,-0.34968157,-0.01808422
Austria,Austria,0,22-03-2021,28-03-2021,7,2021,12,8922082,1660,220,1611.798876,48.2011236,1440,2.465792177,0.540245243,0.029905173
Austria,Austria,0,29-03-2021,04-04-2021,7,2021,13,8922082,1778,249,1659.598876,118.4011236,1529,2.790828419,1.327057111,0.071343217
Austria,Austria,0,05-04-2021,11-04-2021,7,2021,14,8922082,1665,264,1599.198876,65.8011236,1401,2.958950613,0.737508617,0.041146304
Austria,Austria,0,12-04-2021,18-04-2021,7,2021,15,8922082,1698,248,1559.998876,138.0011236,1450,2.779620272,1.546736777,0.088462322
Austria,Austria,0,19-04-2021,25-04-2021,7,2021,16,8922082,1692,220,1537.198876,154.8011236,1472,2.465792177,1.735033634,0.100703381
Austria,Austria,0,26-04-2021,02-05-2021,7,2021,17,8922082,1700,176,1483.998876,216.0011236,1524,1.972633742,2.420972186,0.145553428
Austria,Austria,0,03-05-2021,09-05-2021,7,2021,18,8922082,1660,179,1478.398876,181.6011236,1481,2.006258181,2.035411954,0.122836351
Austria,Austria,0,10-05-2021,16-05-2021,7,2021,19,8922082,1607,119,1453.198876,153.8011236,1488,1.333769405,1.723825488,0.105836253
Austria,Austria,0,17-05-2021,23-05-2021,7,2021,20,8922082,1524,79,1476.798876,47.2011236,1445,0.885443555,0.529037097,0.031961782
Austria,Austria,0,24-05-2021,30-05-2021,7,2021,21,8922082,1492,75,1435.398876,56.6011236,1417,0.84061097,0.634393672,0.039432331
Austria,Austria,0,31-05-2021,06-06-2021,7,2021,22,8922082,1609,56,1428.198876,180.8011236,1553,0.627656191,2.026445437,0.1265938
Austria,Austria,0,07-06-2021,13-06-2021,7,2021,23,8922082,1565,38,1426.198876,138.8011236,1527,0.425909558,1.555703294,0.097322418
Austria,Austria,0,14-06-2021,20-06-2021,7,2021,24,8922082,1605,30,1457.198876,147.8011236,1575,0.336244388,1.656576611,0.101428244
Austria,Austria,0,21-06-2021,27-06-2021,7,2021,25,8922082,1655,27,1421.398876,233.6011236,1628,0.302619949,2.61823556,0.164345932
Austria,Austria,0,28-06-2021,04-07-2021,7,2021,26,8922082,1511,21,1413.598876,97.4011236,1490,0.235371071,1.091686039,0.068902944
Austria,Austria,0,05-07-2021,11-07-2021,7,2021,27,8922082,1471,15,1448.998876,22.0011236,1456,0.168122194,0.246591811,0.015183672
Austria,Austria,0,12-07-2021,18-07-2021,7,2021,28,8922082,1460,13,1391.198876,68.8011236,1447,0.145705901,0.771133056,0.049454557
Austria,Austria,0,19-07-2021,25-07-2021,7,2021,29,8922082,1584,13,1483.598876,100.4011236,1571,0.145705901,1.125310478,0.067674036
Austria,Austria,0,26-07-2021,01-08-2021,7,2021,30,8922082,1535,12,1502.598876,32.4011236,1523,0.134497755,0.363156532,0.021563389
Austria,Austria,0,02-08-2021,08-08-2021,7,2021,31,8922082,1461,23,1518.598876,-57.5988764,1438,0.257787364,-0.645576631,-0.03792896
Austria,Austria,0,09-08-2021,15-08-2021,7,2021,32,8922082,1630,13,1439.998876,190.0011236,1617,0.145705901,2.129560383,0.131945328
Austria,Austria,0,16-08-2021,22-08-2021,7,2021,33,8922082,1624,13,1474.398876,149.6011236,1611,0.145705901,1.676751274,0.101465842
Austria,Austria,0,23-08-2021,29-08-2021,7,2021,34,8922082,1576,28,1447.598876,128.4011236,1548,0.313828095,1.439138573,0.088699381
Austria,Austria,0,30-08-2021,05-09-2021,7,2021,35,8922082,1555,37,1440.598876,114.4011236,1518,0.414701412,1.282224526,0.079412198
Austria,Austria,0,06-09-2021,12-09-2021,7,2021,36,8922082,1632,59,1390.998876,241.0011236,1573,0.661280629,2.701175842,0.173257598
Austria,Austria,0,13-09-2021,19-09-2021,7,2021,37,8922082,1584,68,1438.598876,145.4011236,1516,0.762153946,1.62967706,0.101071345
Austria,Austria,0,20-09-2021,26-09-2021,7,2021,38,8922082,1581,77,1436.798876,144.2011236,1504,0.863027262,1.616227284,0.100362776
Austria,Austria,0,27-09-2021,03-10-2021,7,2021,39,8922082,1676,76,1485.398876,190.6011236,1600,0.851819116,2.136285271,0.128316459
Austria,Austria,0,04-10-2021,10-10-2021,7,2021,40,8922082,1607,77,1524.198876,82.8011236,1530,0.863027262,0.928047104,0.054324357
Austria,Austria,0,11-10-2021,17-10-2021,7,2021,41,8922082,1636,87,1532.798876,103.2011236,1549,0.975108725,1.156693287,0.067328549
Austria,Austria,0,18-10-2021,24-10-2021,7,2021,42,8922082,1727,113,1518.998876,208.0011236,1614,1.266520527,2.331307016,0.136933033
Austria,Austria,0,25-10-2021,31-10-2021,7,2021,43,8922082,1896,137,1522.798876,373.2011236,1759,1.535516038,4.182892778,0.245075781
Austria,Austria,0,01-11-2021,07-11-2021,7,2021,44,8922082,1946,192,1526.798876,419.2011236,1754,2.151964082,4.698467506,0.274562112
Austria,Austria,0,08-11-2021,14-11-2021,7,2021,45,8922082,2063,288,1523.198876,539.8011236,1775,3.227946123,6.050169945,0.354386503
Austria,Austria,0,15-11-2021,21-11-2021,7,2021,46,8922082,2120,386,1566.198876,553.8011236,1734,4.326344456,6.207083992,0.353595659
Austria,Austria,0,22-11-2021,28-11-2021,7,2021,47,8922082,2158,463,1551.798876,606.2011236,1695,5.189371718,6.794390856,0.390644131
Austria,Austria,0,29-11-2021,05-12-2021,7,2021,48,8922082,2209,483,1559.998876,649.0011236,1726,5.413534644,7.274099516,0.416026661
Austria,Austria,0,06-12-2021,12-12-2021,7,2021,49,8922082,2133,443,1616.798876,516.2011236,1690,4.965208793,5.785657693,0.319273554
Austria,Austria,0,13-12-2021,19-12-2021,7,2021,50,8922082,1938,305,1620.598876,317.4011236,1633,3.418484609,3.557478216,0.195854217
Austria,Austria,0,20-12-2021,26-12-2021,7,2021,51,8922082,1854,197,1667.398876,186.6011236,1657,2.208004813,2.091452686,0.111911509
Austria,Austria,0,27-12-2021,02-01-2022,7,2021,52,8922082,1864,156,1748.998876,115.0011236,1708,1.748470817,1.288949413,0.065752543
Austria,Austria,0,03-01-2022,09-01-2022,7,2022,1,8922082,1756,86,1792.023736,-36.02373595,1670,0.963900578,-0.403759301,-0.020102265
Austria,Austria,0,10-01-2022,16-01-2022,7,2022,2,8922082,1679,73,1846.690403,-167.6904026,1606,0.818194677,-1.879498559,-0.09080591
Austria,Austria,0,17-01-2022,23-01-2022,7,2022,3,8922082,1817,71,1803.690403,13.30959738,1746,0.795778384,0.149175914,0.007379092
Austria,Austria,0,24-01-2022,30-01-2022,7,2022,4,8922082,1766,103,1767.857069,-1.857069288,1663,1.154439065,-0.020814304,-0.001050463
Austria,Austria,0,31-01-2022,06-02-2022,7,2022,5,8922082,1792,122,1855.523736,-63.52373596,1670,1.367393844,-0.711983324,-0.034234936
Austria,Austria,0,07-02-2022,13-02-2022,7,2022,6,8922082,1856,165,1826.523736,29.47626404,1691,1.849344133,0.330374279,0.016137904
Austria,Austria,0,14-02-2022,20-02-2022,7,2022,7,8922082,1916,197,1813.023736,102.976264,1719,2.208004813,1.154173029,0.056798078
Austria,Austria,0,21-02-2022,27-02-2022,7,2022,8,8922082,1847,205,1820.357069,26.64293071,1642,2.297669983,0.298617864,0.014636101
Austria,Austria,0,28-02-2022,06-03-2022,7,2022,9,8922082,1957,226,1832.848596,124.1514045,1731,2.533041055,1.3915071,0.067736858
Austria,Austria,0,07-03-2022,13-03-2022,7,2022,10,8922082,1848,193,1770.848596,77.15140449,1655,2.163172228,0.864724226,0.043567476
Austria,Austria,0,14-03-2022,20-03-2022,7,2022,11,8922082,1918,225,1728.648596,189.3514045,1693,2.521832909,2.122278236,0.109537245
Austria,Austria,0,21-03-2022,27-03-2022,7,2022,12,8922082,1999,280,1615.248596,383.7514045,1719,3.138280953,4.301141869,0.237580398
Austria,Austria,0,28-03-2022,03-04-2022,7,2022,13,8922082,1954,290,1663.048596,290.9514045,1664,3.250362415,3.261025896,0.174950633
Austria,Austria,0,04-04-2022,10-04-2022,7,2022,14,8922082,1963,227,1602.648596,360.3514045,1736,2.544249201,4.038871247,0.224847422
Austria,Austria,0,11-04-2022,17-04-2022,7,2022,15,8922082,1813,179,1563.448596,249.5514045,1634,2.006258181,2.797008641,0.159615996
Austria,Austria,0,18-04-2022,24-04-2022,7,2022,16,8922082,1653,107,1540.648596,112.3514045,1546,1.19927165,1.259250974,0.072924744
Austria,Austria,0,25-04-2022,01-05-2022,7,2022,17,8922082,1686,95,1487.448596,198.5514045,1591,1.064773895,2.225393182,0.133484549
Austria,Austria,0,02-05-2022,08-05-2022,7,2022,18,8922082,1649,60,1481.848596,167.1514045,1589,0.672488776,1.873457389,0.112799246
Austria,Austria,0,09-05-2022,15-05-2022,7,2022,19,8922082,1571,32,1456.648596,114.3514045,1539,0.35866068,1.281667267,0.078503082
Austria,Austria,0,16-05-2022,22-05-2022,7,2022,20,8922082,1593,28,1480.248596,112.7514045,1565,0.313828095,1.263734233,0.076170587
Austria,Austria,0,23-05-2022,29-05-2022,7,2022,21,8922082,1520,40,1438.848596,81.15140449,1480,0.44832585,0.909556811,0.056400239
Austria,Austria,0,30-05-2022,05-06-2022,7,2022,22,8922082,1564,43,1431.648596,132.3514045,1521,0.481950289,1.483413899,0.092446851
Austria,Austria,0,06-06-2022,12-06-2022,7,2022,23,8922082,1579,25,1429.648596,149.3514045,1554,0.280203657,1.673952386,0.104467213
Austria,Austria,0,13-06-2022,19-06-2022,7,2022,24,8922082,1622,21,1460.648596,161.3514045,1601,0.235371071,1.808450141,0.110465587
Austria,Austria,0,20-06-2022,26-06-2022,7,2022,25,8922082,1652,31,1424.848596,227.1514045,1621,0.347452534,2.545946165,0.159421433
Austria,Austria,0,27-06-2022,03-07-2022,7,2022,26,8922082,1621,42,1417.048596,203.9514045,1579,0.470742143,2.285917172,0.143926895
Belgium,Belgium,0,30-12-2019,05-01-2020,7,2020,1,11611420,2234,0,2346.930243,-112.9302434,2234,0,-0.972579094,-0.048118279
Belgium,Belgium,0,06-01-2020,12-01-2020,7,2020,2,11611420,2388,0,2406.930243,-18.93024345,2388,0,-0.163031252,-0.007864891
Belgium,Belgium,0,13-01-2020,19-01-2020,7,2020,3,11611420,2314,0,2387.263577,-73.26357678,2314,0,-0.630961388,-0.030689354
Belgium,Belgium,0,20-01-2020,26-01-2020,7,2020,4,11611420,2204,0,2368.59691,-164.5969101,2204,0,-1.417543333,-0.069491313
Belgium,Belgium,0,27-01-2020,02-02-2020,7,2020,5,11611420,2356,0,2466.930243,-110.9302434,2356,0,-0.955354672,-0.044966915
Belgium,Belgium,0,03-02-2020,09-02-2020,7,2020,6,11611420,2169,0,2417.763577,-248.7635768,2169,0,-2.142404433,-0.102889951
Belgium,Belgium,0,10-02-2020,16-02-2020,7,2020,7,11611420,2307,0,2470.09691,-163.0969101,2307,0,-1.404625017,-0.066028547
Belgium,Belgium,0,17-02-2020,23-02-2020,7,2020,8,11611420,2301,0,2439.263577,-138.2635768,2301,0,-1.190755108,-0.056682508
Belgium,Belgium,0,24-02-2020,01-03-2020,7,2020,9,11611420,2249,0,2523.916292,-274.9162921,2249,0,-2.367637138,-0.108924489
Belgium,Belgium,0,02-03-2020,08-03-2020,7,2020,10,11611420,2212,0,2431.916292,-219.9162921,2212,0,-1.893965528,-0.090429219
Belgium,Belgium,0,09-03-2020,15-03-2020,7,2020,11,11611420,2234,4,2323.716292,-89.71629213,2230,0.034448844,-0.772655645,-0.03860897
Belgium,Belgium,0,16-03-2020,22-03-2020,7,2020,12,11611420,2554,71,2301.316292,252.6837079,2483,0.611466987,2.176165429,0.109799643
Belgium,Belgium,0,23-03-2020,29-03-2020,7,2020,13,11611420,3198,356,2205.916292,992.0837079,2842,3.065947145,8.544034303,0.449737695
Belgium,Belgium,0,30-03-2020,05-04-2020,7,2020,14,11611420,4021,1016,2098.716292,1922.283708,3005,8.750006459,16.55511305,0.915933094
Belgium,Belgium,0,06-04-2020,12-04-2020,7,2020,15,11611420,4292,2153,2074.316292,2217.683708,2139,18.54209046,19.0991602,1.069115504
Belgium,Belgium,0,13-04-2020,19-04-2020,7,2020,16,11611420,3703,2083,2030.516292,1672.483708,1620,17.93923568,14.40378272,0.823674114
Belgium,Belgium,0,20-04-2020,26-04-2020,7,2020,17,11611420,3039,1411,2011.316292,1027.683708,1628,12.15182984,8.850629018,0.51095082
Belgium,Belgium,0,27-04-2020,03-05-2020,7,2020,18,11611420,2429,750,1991.316292,437.6837079,1679,6.459158311,3.769424479,0.219796177
Belgium,Belgium,0,04-05-2020,10-05-2020,7,2020,19,11611420,2390,812,2009.316292,380.6837079,1578,6.993115398,3.278528448,0.189459325
Belgium,Belgium,0,11-05-2020,17-05-2020,7,2020,20,11611420,2042,396,1960.316292,81.68370787,1646,3.410435588,0.703477334,0.041668637
Belgium,Belgium,0,18-05-2020,24-05-2020,7,2020,21,11611420,2082,228,1949.316292,132.6837079,1854,1.963584127,1.142700099,0.068066793
Belgium,Belgium,0,25-05-2020,31-05-2020,7,2020,22,11611420,1983,187,1910.516292,72.48370787,1796,1.610483472,0.624244992,0.03793933
Belgium,Belgium,0,01-06-2020,07-06-2020,7,2020,23,11611420,1799,128,1857.116292,-58.11629213,1671,1.102363018,-0.500509775,-0.031293836
Belgium,Belgium,0,08-06-2020,14-06-2020,7,2020,24,11611420,1899,60,1839.716292,59.28370787,1839,0.516732665,0.510563806,0.032224375
Belgium,Belgium,0,15-06-2020,21-06-2020,7,2020,25,11611420,1822,41,1901.716292,-79.71629213,1781,0.353100654,-0.686533535,-0.041918078
Belgium,Belgium,0,22-06-2020,28-06-2020,7,2020,26,11611420,1968,36,1876.116292,91.88370787,1932,0.310039599,0.791321887,0.048975486
Belgium,Belgium,0,29-06-2020,05-07-2020,7,2020,27,11611420,1768,39,2002.316292,-234.3162921,1729,0.335876232,-2.017981368,-0.117022617
Belgium,Belgium,0,06-07-2020,12-07-2020,7,2020,28,11611420,1682,11,1840.916292,-158.9162921,1671,0.094734322,-1.368620652,-0.086324562
Belgium,Belgium,0,13-07-2020,19-07-2020,7,2020,29,11611420,1859,18,1883.916292,-24.91629213,1841,0.155019799,-0.214584367,-0.013225796
Belgium,Belgium,0,20-07-2020,26-07-2020,7,2020,30,11611420,1810,21,1974.916292,-164.9162921,1789,0.180856433,-1.420293919,-0.083505459
Belgium,Belgium,0,27-07-2020,02-08-2020,7,2020,31,11611420,1947,24,1864.516292,82.48370787,1923,0.206693066,0.710367103,0.044238663
Belgium,Belgium,0,03-08-2020,09-08-2020,7,2020,32,11611420,2046,27,1854.516292,191.4837079,2019,0.232529699,1.649098111,0.103252643
Belgium,Belgium,0,10-08-2020,16-08-2020,7,2020,33,11611420,2882,67,1834.316292,1047.683708,2815,0.577018142,9.022873239,0.571157609
Belgium,Belgium,0,17-08-2020,23-08-2020,7,2020,34,11611420,2215,53,1880.916292,334.0837079,2162,0.456447187,2.877199411,0.177617531
Belgium,Belgium,0,24-08-2020,30-08-2020,7,2020,35,11611420,1879,19,1887.116292,-8.116292135,1860,0.163632011,-0.069899221,-0.004300897
Belgium,Belgium,0,31-08-2020,06-09-2020,7,2020,36,11611420,1891,13,1827.116292,63.88370787,1878,0.111958744,0.550179977,0.034964226
Belgium,Belgium,0,07-09-2020,13-09-2020,7,2020,37,11611420,1825,18,1843.516292,-18.51629213,1807,0.155019799,-0.159466216,-0.010044008
Belgium,Belgium,0,14-09-2020,20-09-2020,7,2020,38,11611420,2004,23,1861.916292,142.0837079,1981,0.198080855,1.223654883,0.07631047
Belgium,Belgium,0,21-09-2020,27-09-2020,7,2020,39,11611420,1916,32,1886.716292,29.28370787,1884,0.275590755,0.252197473,0.015520992
Belgium,Belgium,0,28-09-2020,04-10-2020,7,2020,40,11611420,1920,84,1948.116292,-28.11629213,1836,0.723425731,-0.242143443,-0.014432553
Belgium,Belgium,0,05-10-2020,11-10-2020,7,2020,41,11611420,2060,127,1999.116292,60.88370787,1933,1.093750807,0.524343344,0.030455311
Belgium,Belgium,0,12-10-2020,18-10-2020,7,2020,42,11611420,2157,222,1984.116292,172.8837079,1935,1.91191086,1.488910985,0.087133858
Belgium,Belgium,0,19-10-2020,25-10-2020,7,2020,43,11611420,2629,397,1970.916292,658.0837079,2232,3.419047799,5.667555802,0.33389734
Belgium,Belgium,0,26-10-2020,01-11-2020,7,2020,44,11611420,3282,927,1962.516292,1319.483708,2355,7.983519673,11.36367221,0.672342805
Belgium,Belgium,0,02-11-2020,08-11-2020,7,2020,45,11611420,3689,1318,1985.716292,1703.283708,2371,11.35089421,14.66903882,0.857767907
Belgium,Belgium,0,09-11-2020,15-11-2020,7,2020,46,11611420,3432,1366,2023.116292,1408.883708,2066,11.76428034,12.13360388,0.696392844
Belgium,Belgium,0,16-11-2020,22-11-2020,7,2020,47,11611420,3179,1197,2083.916292,1095.083708,1982,10.30881666,9.431092044,0.525493136
Belgium,Belgium,0,23-11-2020,29-11-2020,7,2020,48,11611420,2893,929,2083.316292,809.6837079,1964,8.000744095,6.973167002,0.388651359
Belgium,Belgium,0,30-11-2020,06-12-2020,7,2020,49,11611420,2704,773,2143.716292,560.2837079,1931,6.657239166,4.825281558,0.261360941
Belgium,Belgium,0,07-12-2020,13-12-2020,7,2020,50,11611420,2780,631,2200.116292,579.8837079,2149,5.434305193,4.994080895,0.263569571
Belgium,Belgium,0,14-12-2020,20-12-2020,7,2020,51,11611420,2736,675,2234.716292,501.2837079,2061,5.81324248,4.317161104,0.224316487
Belgium,Belgium,0,21-12-2020,27-12-2020,7,2020,52,11611420,2617,574,2219.516292,397.4837079,2043,4.943409161,3.423213594,0.179085736
Belgium,Belgium,0,28-12-2020,03-01-2021,7,2020,53,11611420,2445,501,2197.629213,247.3707865,1944,4.314717752,2.130409429,0.112562567
Belgium,Belgium,0,04-01-2021,10-01-2021,7,2021,1,11611420,2481,377,2339.969007,141.0309925,2104,3.246803578,1.214588677,0.060270453
Belgium,Belgium,0,11-01-2021,17-01-2021,7,2021,2,11611420,2408,357,2399.969007,8.030992509,2051,3.074559356,0.069164603,0.00334629
Belgium,Belgium,0,18-01-2021,24-01-2021,7,2021,3,11611420,2443,344,2380.302341,62.69765918,2099,2.962600612,0.539965475,0.026340208
Belgium,Belgium,0,25-01-2021,31-01-2021,7,2021,4,11611420,2446,313,2361.635674,84.36432584,2133,2.695622069,0.726563382,0.035722837
Belgium,Belgium,0,01-02-2021,07-02-2021,7,2021,5,11611420,2283,297,2459.969007,-176.9690075,1986,2.557826691,-1.524094447,-0.071939527
Belgium,Belgium,0,08-02-2021,14-02-2021,7,2021,6,11611420,2231,273,2410.802341,-179.8023408,1958,2.351133625,-1.548495712,-0.07458195
Belgium,Belgium,0,15-02-2021,21-02-2021,7,2021,7,11611420,2322,241,2463.135674,-141.1356742,2081,2.075542871,-1.215490217,-0.057299188
Belgium,Belgium,0,22-02-2021,28-02-2021,7,2021,8,11611420,2148,174,2432.302341,-284.3023408,1974,1.498524728,-2.44847177,-0.116886103
Belgium,Belgium,0,01-03-2021,07-03-2021,7,2021,9,11611420,2021,184,2516.955056,-495.9550562,1837,1.584646839,-4.271269631,-0.197045654
Belgium,Belgium,0,08-03-2021,14-03-2021,7,2021,10,11611420,2171,180,2424.955056,-253.9550562,1991,1.550197995,-2.187114549,-0.104725675
Belgium,Belgium,0,15-03-2021,21-03-2021,7,2021,11,11611420,2108,266,2316.755056,-208.7550562,1842,2.290848148,-1.797842608,-0.090106658
Belgium,Belgium,0,22-03-2021,28-03-2021,7,2021,12,11611420,2115,190,2294.355056,-179.3550562,1925,1.636320106,-1.544643602,-0.078172319
Belgium,Belgium,0,29-03-2021,04-04-2021,7,2021,13,11611420,2231,272,2198.955056,32.04494382,1959,2.342521414,0.27597782,0.014572805
Belgium,Belgium,0,05-04-2021,11-04-2021,7,2021,14,11611420,2219,304,2091.755056,127.2449438,1915,2.618112169,1.095860315,0.060831665
Belgium,Belgium,0,12-04-2021,18-04-2021,7,2021,15,11611420,2174,274,2067.355056,106.6449438,1900,2.359745836,0.918448767,0.05158521
Belgium,Belgium,0,19-04-2021,25-04-2021,7,2021,16,11611420,2224,277,2023.555056,200.4449438,1947,2.38558247,1.726274166,0.099055839
Belgium,Belgium,0,26-04-2021,02-05-2021,7,2021,17,11611420,2210,267,2004.355056,205.6449438,1943,2.299460359,1.771057664,0.10259906
Belgium,Belgium,0,03-05-2021,09-05-2021,7,2021,18,11611420,2264,260,1984.355056,279.6449438,2004,2.239174881,2.408361284,0.140924853
Belgium,Belgium,0,10-05-2021,16-05-2021,7,2021,19,11611420,2081,158,2002.355056,78.64494382,1923,1.360729351,0.677306857,0.039276223
Belgium,Belgium,0,17-05-2021,23-05-2021,7,2021,20,11611420,2030,133,1953.355056,76.64494382,1897,1.145424074,0.660082435,0.039237589
Belgium,Belgium,0,24-05-2021,30-05-2021,7,2021,21,11611420,1997,98,1942.355056,54.64494382,1899,0.843996686,0.470613791,0.028133344
Belgium,Belgium,0,31-05-2021,06-06-2021,7,2021,22,11611420,1989,93,1903.555056,85.44494382,1896,0.800935631,0.735869892,0.044887036
Belgium,Belgium,0,07-06-2021,13-06-2021,7,2021,23,11611420,1881,55,1850.155056,30.84494382,1826,0.47367161,0.265643167,0.016671545
Belgium,Belgium,0,14-06-2021,20-06-2021,7,2021,24,11611420,1969,48,1832.755056,136.2449438,1921,0.413386132,1.173370215,0.074338872
Belgium,Belgium,0,21-06-2021,27-06-2021,7,2021,25,11611420,1782,24,1894.755056,-112.7550562,1758,0.206693066,-0.971070344,-0.059509041
Belgium,Belgium,0,28-06-2021,04-07-2021,7,2021,26,11611420,1928,25,1869.155056,58.84494382,1903,0.215305277,0.506785077,0.031482109
Belgium,Belgium,0,05-07-2021,11-07-2021,7,2021,27,11611420,1825,13,1995.355056,-170.3550562,1812,0.111958744,-1.467133703,-0.085375811
Belgium,Belgium,0,12-07-2021,18-07-2021,7,2021,28,11611420,1912,11,1833.955056,78.04494382,1901,0.094734322,0.67213953,0.042555538
Belgium,Belgium,0,19-07-2021,25-07-2021,7,2021,29,11611420,2004,11,1876.955056,127.0449438,1993,0.094734322,1.094137873,0.067686727
Belgium,Belgium,0,26-07-2021,01-08-2021,7,2021,30,11611420,1888,21,1967.955056,-79.95505618,1867,0.180856433,-0.688589821,-0.040628497
Belgium,Belgium,0,02-08-2021,08-08-2021,7,2021,31,11611420,1880,27,1857.555056,22.44494382,1853,0.232529699,0.193300594,0.012083057
Belgium,Belgium,0,09-08-2021,15-08-2021,7,2021,32,11611420,1897,19,1847.555056,49.44494382,1878,0.163632011,0.425830293,0.026762366
Belgium,Belgium,0,16-08-2021,22-08-2021,7,2021,33,11611420,1842,33,1827.355056,14.64494382,1809,0.284202966,0.126125347,0.008014285
Belgium,Belgium,0,23-08-2021,29-08-2021,7,2021,34,11611420,1864,40,1873.955056,-9.95505618,1824,0.344488443,-0.085735045,-0.005312324
Belgium,Belgium,0,30-08-2021,05-09-2021,7,2021,35,11611420,1959,37,1880.155056,78.84494382,1922,0.31865181,0.679029299,0.041935341
Belgium,Belgium,0,06-09-2021,12-09-2021,7,2021,36,11611420,2018,57,1820.155056,197.8449438,1961,0.490896032,1.703882418,0.108696753
Belgium,Belgium,0,13-09-2021,19-09-2021,7,2021,37,11611420,1900,43,1836.555056,63.44494382,1857,0.370325077,0.546401248,0.034545626
Belgium,Belgium,0,20-09-2021,26-09-2021,7,2021,38,11611420,1890,57,1854.955056,35.04494382,1833,0.490896032,0.301814454,0.018892611
Belgium,Belgium,0,27-09-2021,03-10-2021,7,2021,39,11611420,1945,58,1879.755056,65.24494382,1887,0.499508243,0.561903228,0.03470928
Belgium,Belgium,0,04-10-2021,10-10-2021,7,2021,40,11611420,2058,63,1941.155056,116.8449438,1995,0.542569298,1.00629332,0.060193514
Belgium,Belgium,0,11-10-2021,17-10-2021,7,2021,41,11611420,2227,72,1992.155056,234.8449438,2155,0.620079198,2.022534228,0.117884872
Belgium,Belgium,0,18-10-2021,24-10-2021,7,2021,42,11611420,2339,99,1977.155056,361.8449438,2240,0.852608897,3.116285035,0.183012932
Belgium,Belgium,0,25-10-2021,31-10-2021,7,2021,43,11611420,2333,148,1963.955056,369.0449438,2185,1.27460724,3.178292955,0.187909058
Belgium,Belgium,0,01-11-2021,07-11-2021,7,2021,44,11611420,2285,137,1955.555056,329.4449438,2148,1.179872918,2.837249396,0.168466207
Belgium,Belgium,0,08-11-2021,14-11-2021,7,2021,45,11611420,2386,190,1978.755056,407.2449438,2196,1.636320106,3.507279418,0.205808669
Belgium,Belgium,0,15-11-2021,21-11-2021,7,2021,46,11611420,2408,247,2016.155056,391.8449438,2161,2.127216137,3.374651368,0.194352583
Belgium,Belgium,0,22-11-2021,28-11-2021,7,2021,47,11611420,2492,272,2076.955056,415.0449438,2220,2.342521414,3.574454665,0.199833378
Belgium,Belgium,0,29-11-2021,05-12-2021,7,2021,48,11611420,2734,327,2076.355056,657.6449438,2407,2.816193024,5.663777073,0.316730485
Belgium,Belgium,0,06-12-2021,12-12-2021,7,2021,49,11611420,2612,337,2136.755056,475.2449438,2275,2.902315135,4.092909772,0.22241433
Belgium,Belgium,0,13-12-2021,19-12-2021,7,2021,50,11611420,2543,391,2193.155056,349.8449438,2152,3.367374533,3.012938502,0.15951674
Belgium,Belgium,0,20-12-2021,26-12-2021,7,2021,51,11611420,2437,254,2227.755056,209.2449438,2183,2.187501615,1.802061624,0.093926369
Belgium,Belgium,0,27-12-2021,02-01-2022,7,2021,52,11611420,2455,182,2212.555056,242.4449438,2273,1.567422417,2.087987032,0.109576909
Belgium,Belgium,0,03-01-2022,09-01-2022,7,2022,1,11611420,2352,128,2333.007772,18.99222846,2224,1.102363018,0.16356508,0.008140662
Belgium,Belgium,0,10-01-2022,16-01-2022,7,2022,2,11611420,2220,153,2393.007772,-173.0077715,2067,1.317668296,-1.489979447,-0.072297204
Belgium,Belgium,0,17-01-2022,23-01-2022,7,2022,3,11611420,2367,168,2373.341105,-6.341104869,2199,1.446851462,-0.054610934,-0.002671805
Belgium,Belgium,0,24-01-2022,30-01-2022,7,2022,4,11611420,2523,177,2354.674438,168.3255618,2346,1.524361361,1.449655269,0.071485705
Belgium,Belgium,0,31-01-2022,06-02-2022,7,2022,5,11611420,2633,270,2453.007772,179.9922285,2363,2.325296992,1.550131065,0.073376135
Belgium,Belgium,0,07-02-2022,13-02-2022,7,2022,6,11611420,2551,397,2403.841105,147.1588951,2154,3.419047799,1.267363467,0.061218229
Belgium,Belgium,0,14-02-2022,20-02-2022,7,2022,7,11611420,2445,296,2456.174438,-11.1744382,2149,2.54921448,-0.096236621,-0.00454953
Belgium,Belgium,0,21-02-2022,27-02-2022,7,2022,8,11611420,2297,201,2425.341105,-128.3411049,2096,1.731054427,-1.105300686,-0.052916724
Belgium,Belgium,0,28-02-2022,06-03-2022,7,2022,9,11611420,2163,138,2509.99382,-346.9938202,2025,1.188485129,-2.988384024,-0.13824489
Belgium,Belgium,0,07-03-2022,13-03-2022,7,2022,10,11611420,2416,149,2417.99382,-1.993820225,2267,1.283219451,-0.017171201,-0.000824576
Belgium,Belgium,0,14-03-2022,20-03-2022,7,2022,11,11611420,2386,121,2309.79382,76.20617978,2265,1.042077541,0.656303706,0.032992633
Belgium,Belgium,0,21-03-2022,27-03-2022,7,2022,12,11611420,2393,157,2287.39382,105.6061798,2236,1.35211714,0.909502712,0.046168779
Belgium,Belgium,0,28-03-2022,03-04-2022,7,2022,13,11611420,2502,140,2191.99382,310.0061798,2362,1.205709551,2.669838657,0.141426576
Belgium,Belgium,0,04-04-2022,10-04-2022,7,2022,14,11611420,2534,171,2084.79382,449.2061798,2363,1.472688095,3.868658439,0.215467916
Belgium,Belgium,0,11-04-2022,17-04-2022,7,2022,15,11611420,2431,168,2060.39382,370.6061798,2263,1.446851462,3.191738648,0.179871526
Belgium,Belgium,0,18-04-2022,24-04-2022,7,2022,16,11611420,2330,154,2016.59382,313.4061798,2176,1.326280507,2.699120175,0.155413637
Belgium,Belgium,0,25-04-2022,01-05-2022,7,2022,17,11611420,2198,120,1997.39382,200.6061798,2078,1.03346533,1.727662765,0.100433964
Belgium,Belgium,0,02-05-2022,08-05-2022,7,2022,18,11611420,2243,113,1977.39382,265.6061798,2130,0.973179852,2.287456485,0.134321336
Belgium,Belgium,0,09-05-2022,15-05-2022,7,2022,19,11611420,2042,61,1995.39382,46.60617978,1981,0.525344876,0.401382258,0.023356883
Belgium,Belgium,0,16-05-2022,22-05-2022,7,2022,20,11611420,2084,62,1946.39382,137.6061798,2022,0.533957087,1.185093466,0.070698015
Belgium,Belgium,0,23-05-2022,29-05-2022,7,2022,21,11611420,1896,52,1935.39382,-39.39382022,1844,0.447834976,-0.339267895,-0.020354421
Belgium,Belgium,0,30-05-2022,05-06-2022,7,2022,22,11611420,2029,41,1896.59382,132.4061798,1988,0.353100654,1.140309969,0.069812618
Belgium,Belgium,0,06-06-2022,12-06-2022,7,2022,23,11611420,1911,48,1843.19382,67.80617978,1863,0.413386132,0.583961133,0.03678733
Belgium,Belgium,0,13-06-2022,19-06-2022,7,2022,24,11611420,2056,40,1825.79382,230.2061798,2016,0.344488443,1.982584213,0.126085529
Britain,Britain,0,28-12-2019,03-01-2020,7,2020,1,67281040,13767,0,13642.35552,124.6444753,13767,0,0.185259436,0.00913658
Britain,Britain,0,04-01-2020,10-01-2020,7,2020,2,67281040,16018,0,15810.52219,207.4778086,16018,0,0.308374854,0.013122768
Britain,Britain,0,11-01-2020,17-01-2020,7,2020,3,67281040,14723,0,14929.68886,-206.6888581,14723,0,-0.307202234,-0.01384415
Britain,Britain,0,18-01-2020,24-01-2020,7,2020,4,67281040,13426,0,14273.68886,-847.6888581,13426,0,-1.259922347,-0.059388212
Britain,Britain,0,25-01-2020,31-01-2020,7,2020,5,67281040,13123,0,13707.35552,-584.3555247,13123,0,-0.868529269,-0.042630799
Britain,Britain,0,01-02-2020,07-02-2020,7,2020,6,67281040,12532,0,13333.02219,-801.0221914,12532,0,-1.190561548,-0.060078066
Britain,Britain,0,08-02-2020,14-02-2020,7,2020,7,67281040,12416,0,13060.02219,-644.0221914,12416,0,-0.957212004,-0.049312488
Britain,Britain,0,15-02-2020,21-02-2020,7,2020,8,67281040,12299,0,12996.68886,-697.6888581,12299,0,-1.036976923,-0.053682047
Britain,Britain,0,22-02-2020,28-02-2020,7,2020,9,67281040,12333,0,12610.18886,-277.1888581,12333,0,-0.411986584,-0.021981341
Britain,Britain,0,29-02-2020,06-03-2020,7,2020,10,67281040,12412,1,13051.62663,-639.6266297,12411,0.001486303,-0.950678868,-0.049007426
Britain,Britain,0,07-03-2020,13-03-2020,7,2020,11,67281040,12539,9,12672.62663,-133.6266297,12530,0.013376725,-0.198609638,-0.010544509
Britain,Britain,0,14-03-2020,20-03-2020,7,2020,12,67281040,12113,184,11991.82663,121.1733703,11929,0.27347972,0.180100323,0.010104663
Britain,Britain,0,21-03-2020,27-03-2020,7,2020,13,67281040,12508,979,11535.62663,972.3733703,11529,1.455090468,1.44524129,0.084293069
Britain,Britain,0,28-03-2020,03-04-2020,7,2020,14,67281040,18565,3349,11667.02663,6897.97337,15216,4.97762817,10.25247733,0.591236618
Britain,Britain,0,04-04-2020,10-04-2020,7,2020,15,67281040,20929,6303,11904.62663,9024.37337,14626,9.368166723,13.41295166,0.758055977
Britain,Britain,0,11-04-2020,17-04-2020,7,2020,16,67281040,24691,6137,11836.02663,12854.97337,18554,9.121440453,19.10638327,1.086088581
Britain,Britain,0,18-04-2020,24-04-2020,7,2020,17,67281040,24303,5883,11830.62663,12472.37337,18420,8.743919535,18.53772381,1.054244527
Britain,Britain,0,25-04-2020,01-05-2020,7,2020,18,67281040,20058,4572,11298.82663,8759.17337,15486,6.795376528,13.01878415,0.775228584
Britain,Britain,0,02-05-2020,08-05-2020,7,2020,19,67281040,14428,3524,10872.62663,3555.37337,10904,5.237731165,5.284361494,0.32700225
Britain,Britain,0,09-05-2020,15-05-2020,7,2020,20,67281040,16390,2444,11534.42663,4855.57337,13946,3.632524111,7.21685243,0.420963566
Britain,Britain,0,16-05-2020,22-05-2020,7,2020,21,67281040,13839,2018,11264.42663,2574.57337,11821,2.999359106,3.82659568,0.228557871
Britain,Britain,0,23-05-2020,29-05-2020,7,2020,22,67281040,11268,1873,9433.82663,1834.17337,9395,2.783845196,2.726137067,0.194425173
Britain,Britain,0,30-05-2020,05-06-2020,7,2020,23,67281040,12106,1192,11309.82663,796.1733703,10914,1.771672971,1.183354732,0.070396603
Britain,Britain,0,06-06-2020,12-06-2020,7,2020,24,67281040,11302,810,10688.22663,613.7733703,10492,1.20390529,0.912253096,0.057425183
Britain,Britain,0,13-06-2020,19-06-2020,7,2020,25,67281040,10694,544,10684.22663,9.773370319,10150,0.808548738,0.014526188,0.000914748
Britain,Britain,0,20-06-2020,26-06-2020,7,2020,26,67281040,10282,474,10589.62663,-307.6266297,9808,0.70450754,-0.45722633,-0.029049809
Britain,Britain,0,27-06-2020,03-07-2020,7,2020,27,67281040,10412,332,10468.42663,-56.42662968,10080,0.493452539,-0.083867059,-0.005390173
Britain,Britain,0,04-07-2020,10-07-2020,7,2020,28,67281040,9942,238,10496.42663,-554.4266297,9704,0.353740073,-0.824045867,-0.052820512
Britain,Britain,0,11-07-2020,17-07-2020,7,2020,29,67281040,10096,156,10344.42663,-248.4266297,9940,0.231863241,-0.369237202,-0.024015505
Britain,Britain,0,18-07-2020,24-07-2020,7,2020,30,67281040,10160,113,10297.42663,-137.4266297,10047,0.16795222,-0.204257588,-0.013345726
Britain,Britain,0,25-07-2020,31-07-2020,7,2020,31,67281040,10262,101,10293.02663,-31.02662968,10161,0.150116586,-0.046114967,-0.003014335
Britain,Britain,0,01-08-2020,07-08-2020,7,2020,32,67281040,10236,81,10347.82663,-111.8266297,10155,0.120390529,-0.166208236,-0.010806775
Britain,Britain,0,08-08-2020,14-08-2020,7,2020,33,67281040,10598,88,10331.22663,266.7733703,10510,0.130794649,0.396506015,0.025822042
Britain,Britain,0,15-08-2020,21-08-2020,7,2020,34,67281040,10990,48,10419.22663,570.7733703,10942,0.071342536,0.848342074,0.054780781
Britain,Britain,0,22-08-2020,28-08-2020,7,2020,35,67281040,10365,81,9457.82663,907.1733703,10284,0.120390529,1.348334345,0.095917742
Britain,Britain,0,29-08-2020,04-09-2020,7,2020,36,67281040,9023,51,10416.62663,-1393.62663,8972,0.075801444,-2.0713512,-0.133788671
Britain,Britain,0,05-09-2020,11-09-2020,7,2020,37,67281040,11176,77,10596.42663,579.5733703,11099,0.114445318,0.861421539,0.054695171
Britain,Britain,0,12-09-2020,18-09-2020,7,2020,38,67281040,10796,118,10533.02663,262.9733703,10678,0.175383734,0.390858064,0.024966553
Britain,Britain,0,19-09-2020,25-09-2020,7,2020,39,67281040,10890,204,10694.42663,195.5733703,10686,0.303205777,0.290681253,0.018287411
Britain,Britain,0,26-09-2020,02-10-2020,7,2020,40,67281040,11469,332,10875.82663,593.1733703,11137,0.493452539,0.881635258,0.054540532
Britain,Britain,0,03-10-2020,09-10-2020,7,2020,41,67281040,11374,411,11172.42663,201.5733703,10963,0.610870462,0.29959907,0.01804204
Britain,Britain,0,10-10-2020,16-10-2020,7,2020,42,67281040,11946,750,11209.62663,736.3733703,11196,1.114727121,1.094473823,0.065691159
Britain,Britain,0,17-10-2020,23-10-2020,7,2020,43,67281040,12317,1142,11080.22663,1236.77337,11175,1.697357829,1.838219757,0.111619862
Britain,Britain,0,24-10-2020,30-10-2020,7,2020,44,67281040,12517,1658,11238.42663,1278.57337,10859,2.464290088,1.900347216,0.113768004
Britain,Britain,0,31-10-2020,06-11-2020,7,2020,45,67281040,13448,2246,11713.42663,1734.57337,11202,3.338236151,2.578101305,0.148084196
Britain,Britain,0,07-11-2020,13-11-2020,7,2020,46,67281040,13998,2829,11788.82663,2209.17337,11169,4.204750699,3.283500627,0.187395526
Britain,Britain,0,14-11-2020,20-11-2020,7,2020,47,67281040,14291,2982,11805.02663,2485.97337,11309,4.432155032,3.69490925,0.210586003
Britain,Britain,0,21-11-2020,27-11-2020,7,2020,48,67281040,14133,3265,11786.42663,2346.57337,10868,4.852778732,3.487718636,0.199091162
Britain,Britain,0,28-11-2020,04-12-2020,7,2020,49,67281040,13986,3066,12142.82663,1843.17337,10920,4.55700447,2.739513792,0.15179113
Britain,Britain,0,05-12-2020,11-12-2020,7,2020,50,67281040,13942,2889,12311.82663,1630.17337,11053,4.293928869,2.42293129,0.132407109
Britain,Britain,0,12-12-2020,18-12-2020,7,2020,51,67281040,14658,3035,13143.62663,1514.37337,11623,4.510929082,2.250817422,0.115217315
Britain,Britain,0,19-12-2020,25-12-2020,7,2020,52,67281040,13035,3662,9217.62663,3817.37337,9373,5.442840955,5.673772835,0.414138425
Britain,Britain,0,26-12-2020,01-01-2021,7,2020,53,67281040,11580,3932,9140.196255,2439.803745,7648,5.844142718,3.626287205,0.266931221
Britain,Britain,0,02-01-2021,08-01-2021,7,2021,1,67281040,20039,5719,13638.3644,6400.635599,14320,8.500165871,9.513282789,0.469311085
Britain,Britain,0,09-01-2021,15-01-2021,7,2021,2,67281040,20035,7469,15806.53107,4228.468932,12566,11.10119582,6.28478533,0.267514037
Britain,Britain,0,16-01-2021,22-01-2021,7,2021,3,67281040,20709,8688,14925.69773,5783.302265,12021,12.91299897,8.59573851,0.387472825
Britain,Britain,0,23-01-2021,29-01-2021,7,2021,4,67281040,20489,8392,14269.69773,6219.302265,12097,12.47305333,9.243766543,0.435839804
Britain,Britain,0,30-01-2021,05-02-2021,7,2021,5,67281040,19160,6896,13703.3644,5456.635599,12264,10.2495443,8.11021292,0.398196781
Britain,Britain,0,06-02-2021,12-02-2021,7,2021,6,67281040,17148,5023,13329.03107,3818.968932,12125,7.465699103,5.676144322,0.28651512
Britain,Britain,0,13-02-2021,19-02-2021,7,2021,7,67281040,15583,3635,13056.03107,2526.968932,11948,5.402710779,3.755841069,0.193548018
Britain,Britain,0,20-02-2021,26-02-2021,7,2021,8,67281040,14290,2496,12992.69773,1297.302265,11794,3.709811858,1.928184025,0.099848568
Britain,Britain,0,27-02-2021,05-03-2021,7,2021,9,67281040,13115,1846,12606.19773,508.8022654,11269,2.74371502,0.756234246,0.040361279
Britain,Britain,0,06-03-2021,12-03-2021,7,2021,10,67281040,12471,1082,13047.63551,-576.6355062,11389,1.60817966,-0.857054983,-0.044194636
Britain,Britain,0,13-03-2021,19-03-2021,7,2021,11,67281040,11678,683,12668.63551,-990.6355062,10995,1.015144831,-1.472384354,-0.078195912
Britain,Britain,0,20-03-2021,26-03-2021,7,2021,12,67281040,11449,489,11987.83551,-538.8355062,10960,0.726802083,-0.800872737,-0.044948524
Britain,Britain,0,27-03-2021,02-04-2021,7,2021,13,67281040,9461,301,11531.63551,-2070.635506,9160,0.447377151,-3.077591408,-0.179561304
Britain,Britain,0,03-04-2021,09-04-2021,7,2021,14,67281040,10401,224,11663.03551,-1262.035506,10177,0.332931833,-1.875766942,-0.108208151
Britain,Britain,0,10-04-2021,16-04-2021,7,2021,15,67281040,10474,185,11900.63551,-1426.635506,10289,0.274966023,-2.120412387,-0.119878935
Britain,Britain,0,17-04-2021,23-04-2021,7,2021,16,67281040,11358,160,11832.03551,-474.0355062,11198,0.237808452,-0.704560313,-0.040063733
Britain,Britain,0,24-04-2021,30-04-2021,7,2021,17,67281040,11023,132,11826.63551,-803.6355062,10891,0.196191973,-1.194445725,-0.067951321
Britain,Britain,0,01-05-2021,07-05-2021,7,2021,18,67281040,9210,81,11294.83551,-2084.835506,9129,0.120390529,-3.098696908,-0.184583078
Britain,Britain,0,08-05-2021,14-05-2021,7,2021,19,67281040,11566,70,10868.63551,697.3644938,11496,0.104041198,1.036494819,0.064163022
Britain,Britain,0,15-05-2021,21-05-2021,7,2021,20,67281040,11221,42,11530.43551,-309.4355062,11179,0.062424719,-0.459914868,-0.026836411
Britain,Britain,0,22-05-2021,28-05-2021,7,2021,21,67281040,10991,58,11260.43551,-269.4355062,10933,0.086205564,-0.400462755,-0.023927627
Britain,Britain,0,29-05-2021,04-06-2021,7,2021,22,67281040,9115,55,9429.835506,-314.8355062,9060,0.081746656,-0.467940903,-0.033387168
Britain,Britain,0,05-06-2021,11-06-2021,7,2021,23,67281040,11619,61,11305.83551,313.1644938,11558,0.090664472,0.465457273,0.027699368
Britain,Britain,0,12-06-2021,18-06-2021,7,2021,24,67281040,10826,72,10684.23551,141.7644938,10754,0.107013804,0.210704968,0.013268567
Britain,Britain,0,19-06-2021,25-06-2021,7,2021,25,67281040,10064,110,10680.23551,-616.2355062,9954,0.163493311,-0.915912575,-0.057698681
Britain,Britain,0,26-06-2021,02-07-2021,7,2021,26,67281040,10175,123,10585.63551,-410.6355062,10052,0.182815248,-0.610328714,-0.038791767
Britain,Britain,0,03-07-2021,09-07-2021,7,2021,27,67281040,11137,176,10464.43551,672.5644938,10961,0.261589298,0.999634509,0.064271455
Britain,Britain,0,10-07-2021,16-07-2021,7,2021,28,67281040,11055,277,10492.43551,562.5644938,10778,0.411705883,0.836141198,0.053616197
Britain,Britain,0,17-07-2021,23-07-2021,7,2021,29,67281040,11176,402,10340.43551,835.5644938,10774,0.597493737,1.24190187,0.080805542
Britain,Britain,0,24-07-2021,30-07-2021,7,2021,30,67281040,11583,539,10293.43551,1289.564494,11044,0.801117224,1.916683354,0.125280281
Britain,Britain,0,31-07-2021,06-08-2021,7,2021,31,67281040,11602,599,10289.03551,1312.964494,11003,0.890295394,1.95146284,0.127608122
Britain,Britain,0,07-08-2021,13-08-2021,7,2021,32,67281040,11802,624,10343.83551,1458.164494,11178,0.927452964,2.16727401,0.14096942
Britain,Britain,0,14-08-2021,20-08-2021,7,2021,33,67281040,11527,688,10327.23551,1199.764494,10839,1.022576345,1.78321336,0.116174798
Britain,Britain,0,21-08-2021,27-08-2021,7,2021,34,67281040,11696,757,10415.23551,1280.764494,10939,1.125131241,1.903603889,0.122970286
Britain,Britain,0,28-08-2021,03-09-2021,7,2021,35,67281040,10317,799,9453.835506,863.1644938,9518,1.187555959,1.282923828,0.091303101
Britain,Britain,0,04-09-2021,10-09-2021,7,2021,36,67281040,12542,948,10412.63551,2129.364494,11594,1.409015081,3.164880468,0.20449813
Britain,Britain,0,11-09-2021,17-09-2021,7,2021,37,67281040,12642,997,10592.43551,2049.564494,11645,1.481843919,3.046273503,0.193493224
Britain,Britain,0,18-09-2021,24-09-2021,7,2021,38,67281040,12263,1001,10529.03551,1733.964494,11262,1.48778913,2.57719633,0.164684077
Britain,Britain,0,25-09-2021,01-10-2021,7,2021,39,67281040,12145,806,10690.43551,1454.564494,11339,1.197960079,2.16192332,0.13606223
Britain,Britain,0,02-10-2021,08-10-2021,7,2021,40,67281040,12505,752,10871.83551,1633.164494,11753,1.117699726,2.427377005,0.150219758
Britain,Britain,0,09-10-2021,15-10-2021,7,2021,41,67281040,12859,839,11168.43551,1690.564494,12020,1.247008072,2.512690787,0.151369858
Britain,Britain,0,16-10-2021,22-10-2021,7,2021,42,67281040,12944,949,11205.63551,1738.364494,11995,1.410501383,2.583736063,0.155133057
Britain,Britain,0,23-10-2021,29-10-2021,7,2021,43,67281040,12649,1067,11076.23551,1572.764494,11582,1.585885117,2.337604314,0.141994497
Britain,Britain,0,30-10-2021,05-11-2021,7,2021,44,67281040,13219,1196,11234.43551,1984.564494,12023,1.777618182,2.949663819,0.17665013
Britain,Britain,0,06-11-2021,12-11-2021,7,2021,45,67281040,13791,1090,11709.43551,2081.564494,12701,1.620070082,3.093835193,0.177768133
Britain,Britain,0,13-11-2021,19-11-2021,7,2021,46,67281040,13755,1038,11784.83551,1970.164494,12717,1.542782335,2.928261058,0.167177938
Britain,Britain,0,20-11-2021,26-11-2021,7,2021,47,67281040,13166,877,11801.03551,1364.964494,12289,1.30348758,2.028750587,0.115664807
Britain,Britain,0,27-11-2021,03-12-2021,7,2021,48,67281040,13370,832,11782.43551,1587.564494,12538,1.236603953,2.359601596,0.134739926
Britain,Britain,0,04-12-2021,10-12-2021,7,2021,49,67281040,13624,834,12138.83551,1485.164494,12790,1.239576558,2.207404187,0.122348185
Britain,Britain,0,11-12-2021,17-12-2021,7,2021,50,67281040,14122,793,12307.83551,1814.164494,13329,1.178638142,2.696397817,0.14739915
Britain,Britain,0,18-12-2021,24-12-2021,7,2021,51,67281040,14697,814,13139.63551,1557.364494,13883,1.209850502,2.314715251,0.118524178
Britain,Britain,0,25-12-2021,31-12-2021,7,2021,52,67281040,9805,768,9213.635506,591.3644938,9037,1.141480572,0.878946719,0.064183621
Britain,Britain,0,01-01-2022,07-01-2022,7,2022,1,67281040,13909,1122,13634.37328,274.6267221,12787,1.667631773,0.408178474,0.020142233
Britain,Britain,0,08-01-2022,14-01-2022,7,2022,2,67281040,15273,1875,15802.53994,-529.5399445,13398,2.786817802,-0.787056717,-0.033509799
Britain,Britain,0,15-01-2022,21-01-2022,7,2022,3,67281040,14440,1880,14921.70661,-481.7066112,12560,2.794249316,-0.715961898,-0.032282273
Britain,Britain,0,22-01-2022,28-01-2022,7,2022,4,67281040,13998,1832,14265.70661,-267.7066112,12166,2.72290678,-0.397893093,-0.018765745
Britain,Britain,0,29-01-2022,04-02-2022,7,2022,5,67281040,13485,1551,13699.37328,-214.3732779,11934,2.305255686,-0.318623609,-0.0156484
Britain,Britain,0,05-02-2022,11-02-2022,7,2022,6,67281040,13171,1370,13325.03994,-154.0399445,11801,2.036234874,-0.228950005,-0.011560186
Britain,Britain,0,12-02-2022,18-02-2022,7,2022,7,67281040,12748,1030,13052.03994,-304.0399445,11718,1.530891912,-0.451895429,-0.023294439
Britain,Britain,0,19-02-2022,25-02-2022,7,2022,8,67281040,12667,849,12988.70661,-321.7066112,11818,1.261871101,-0.478153446,-0.024768179
Britain,Britain,0,26-02-2022,04-03-2022,7,2022,9,67281040,12755,785,12602.20661,152.7933888,11970,1.16674772,0.227097246,0.012124336
Britain,Britain,0,05-03-2022,11-03-2022,7,2022,10,67281040,12787,732,13043.64438,-256.6443828,12055,1.08797367,-0.381451272,-0.019675819
Britain,Britain,0,12-03-2022,18-03-2022,7,2022,11,67281040,12495,774,12664.64438,-169.6443828,11721,1.150398389,-0.252142926,-0.013395116
Britain,Britain,0,19-03-2022,25-03-2022,7,2022,12,67281040,12358,945,11983.84438,374.1556172,11413,1.404556172,0.556108552,0.031221669
Britain,Britain,0,26-03-2022,01-04-2022,7,2022,13,67281040,11450,1118,11527.64438,-77.6443828,10332,1.661686561,-0.115403066,-0.006735494
Britain,Britain,0,02-04-2022,08-04-2022,7,2022,14,67281040,12278,1248,11659.04438,618.9556172,11030,1.854905929,0.919955484,0.053088023
Britain,Britain,0,09-04-2022,15-04-2022,7,2022,15,67281040,11305,1644,11896.64438,-591.6443828,9661,2.443481849,-0.879362719,-0.049732039
Britain,Britain,0,16-04-2022,22-04-2022,7,2022,16,67281040,12196,1958,11828.04438,367.9556172,10238,2.910180937,0.546893474,0.031108745
Britain,Britain,0,23-04-2022,29-04-2022,7,2022,17,67281040,14074,1563,11822.64438,2251.355617,12511,2.32309132,3.34619622,0.190427416
Britain,Britain,0,30-04-2022,06-05-2022,7,2022,18,67281040,11315,1303,11290.84438,24.1556172,10012,1.936652584,0.035902562,0.002139399
Britain,Britain,0,07-05-2022,13-05-2022,7,2022,19,67281040,13614,1041,10864.64438,2749.355617,12573,1.547241244,4.086375028,0.253055279
Britain,Britain,0,14-05-2022,20-05-2022,7,2022,20,67281040,13046,728,11526.44438,1519.555617,12318,1.082028459,2.258519811,0.131832122
Britain,Britain,0,21-05-2022,27-05-2022,7,2022,21,67281040,12289,488,11256.44438,1032.555617,11801,0.72531578,1.534690334,0.091730175
Britain,Britain,0,28-05-2022,03-06-2022,7,2022,22,67281040,7893,284,9425.844383,-1532.844383,7609,0.422110003,-2.278270941,-0.16262144
Britain,Britain,0,04-06-2022,10-06-2022,7,2022,23,67281040,13291,468,11301.84438,1989.155617,12823,0.695589723,2.956487618,0.176002743
Britain,Britain,0,11-06-2022,17-06-2022,7,2022,24,67281040,12328,320,10680.24438,1647.755617,12008,0.475616905,2.449063833,0.154280704
Britain,Britain,0,18-06-2022,24-06-2022,7,2022,25,67281040,12294,392,10676.24438,1617.755617,11902,0.582630708,2.404474748,0.15152853
Britain,Britain,0,25-06-2022,01-07-2022,7,2022,26,67281040,11840,491,10581.64438,1258.355617,11349,0.729774688,1.870297512,0.118918721
Bulgaria,Bulgaria,0,30-12-2019,05-01-2020,7,2020,1,6885868,2111,0,2476.676498,-365.6764981,2111,0,-5.310535987,-0.147648067
Bulgaria,Bulgaria,0,06-01-2020,12-01-2020,7,2020,2,6885868,2279,0,2496.176498,-217.1764981,2279,0,-3.153945125,-0.087003663
Bulgaria,Bulgaria,0,13-01-2020,19-01-2020,7,2020,3,6885868,2185,0,2442.343165,-257.3431648,2185,0,-3.737265437,-0.105367325
Bulgaria,Bulgaria,0,20-01-2020,26-01-2020,7,2020,4,6885868,2393,0,2460.009831,-67.00983146,2393,0,-0.973150102,-0.02723966
Bulgaria,Bulgaria,0,27-01-2020,02-02-2020,7,2020,5,6885868,2439,0,2428.176498,10.82350187,2439,0,0.157184278,0.004457461
Bulgaria,Bulgaria,0,03-02-2020,09-02-2020,7,2020,6,6885868,2350,0,2290.843165,59.15683521,2350,0,0.859104984,0.025823171
Bulgaria,Bulgaria,0,10-02-2020,16-02-2020,7,2020,7,6885868,2310,0,2268.176498,41.82350187,2310,0,0.607381696,0.018439263
Bulgaria,Bulgaria,0,17-02-2020,23-02-2020,7,2020,8,6885868,2161,0,2238.343165,-77.34316479,2161,0,-1.123215908,-0.034553757
Bulgaria,Bulgaria,0,24-02-2020,01-03-2020,7,2020,9,6885868,2183,0,2245.611798,-62.61179775,2183,0,-0.909279669,-0.027881844
Bulgaria,Bulgaria,0,02-03-2020,08-03-2020,7,2020,10,6885868,2049,0,2232.811798,-183.8117978,2049,0,-2.669406352,-0.082323014
Bulgaria,Bulgaria,0,09-03-2020,15-03-2020,7,2020,11,6885868,2075,2,2169.211798,-94.21179775,2073,0.029044995,-1.368190586,-0.04343135
Bulgaria,Bulgaria,0,16-03-2020,22-03-2020,7,2020,12,6885868,2044,1,2127.211798,-83.21179775,2043,0.014522497,-1.208443115,-0.039117777
Bulgaria,Bulgaria,0,23-03-2020,29-03-2020,7,2020,13,6885868,2082,5,2109.011798,-27.01179775,2077,0.072612487,-0.392278762,-0.012807798
Bulgaria,Bulgaria,0,30-03-2020,05-04-2020,7,2020,14,6885868,2041,12,2096.611798,-55.61179775,2029,0.174269969,-0.807622187,-0.026524604
Bulgaria,Bulgaria,0,06-04-2020,12-04-2020,7,2020,15,6885868,2030,9,2039.811798,-9.811797753,2021,0.130702476,-0.142491807,-0.004810149
Bulgaria,Bulgaria,0,13-04-2020,19-04-2020,7,2020,16,6885868,2024,13,2031.411798,-7.411797753,2011,0.188792466,-0.107637813,-0.003648594
Bulgaria,Bulgaria,0,20-04-2020,26-04-2020,7,2020,17,6885868,1981,14,2018.211798,-37.21179775,1967,0.203314963,-0.540408235,-0.018438004
Bulgaria,Bulgaria,0,27-04-2020,03-05-2020,7,2020,18,6885868,1891,17,1978.211798,-87.21179775,1874,0.246882455,-1.266533105,-0.044086178
Bulgaria,Bulgaria,0,04-05-2020,10-05-2020,7,2020,19,6885868,1913,18,1994.611798,-81.61179775,1895,0.261404953,-1.185207119,-0.040916131
Bulgaria,Bulgaria,0,11-05-2020,17-05-2020,7,2020,20,6885868,2087,17,1935.811798,151.1882022,2070,0.246882455,2.195630271,0.078100672
Bulgaria,Bulgaria,0,18-05-2020,24-05-2020,7,2020,21,6885868,1898,22,1938.411798,-40.41179775,1876,0.319494942,-0.586880227,-0.020847891
Bulgaria,Bulgaria,0,25-05-2020,31-05-2020,7,2020,22,6885868,1799,10,1919.011798,-120.0117978,1789,0.145224974,-1.742871019,-0.062538332
Bulgaria,Bulgaria,0,01-06-2020,07-06-2020,7,2020,23,6885868,1922,20,1884.611798,37.38820225,1902,0.290449948,0.542970069,0.019838676
Bulgaria,Bulgaria,0,08-06-2020,14-06-2020,7,2020,24,6885868,1951,14,1900.811798,50.18820225,1937,0.203314963,0.728858036,0.026403562
Bulgaria,Bulgaria,0,15-06-2020,21-06-2020,7,2020,25,6885868,1930,25,1927.211798,2.788202247,1905,0.363062435,0.04049166,0.001446754
Bulgaria,Bulgaria,0,22-06-2020,28-06-2020,7,2020,26,6885868,1904,20,1923.011798,-19.01179775,1884,0.290449948,-0.276098783,-0.00988647
Bulgaria,Bulgaria,0,29-06-2020,05-07-2020,7,2020,27,6885868,2138,27,1864.011798,273.9882022,2111,0.392107429,3.97899295,0.146988449
Bulgaria,Bulgaria,0,06-07-2020,12-07-2020,7,2020,28,6885868,2043,22,1906.011798,136.9882022,2021,0.319494942,1.989410808,0.071871644
Bulgaria,Bulgaria,0,13-07-2020,19-07-2020,7,2020,29,6885868,1846,32,1837.211798,8.788202247,1814,0.464719916,0.127626644,0.004783445
Bulgaria,Bulgaria,0,20-07-2020,26-07-2020,7,2020,30,6885868,1987,40,1938.011798,48.98820225,1947,0.580899895,0.711431039,0.025277556
Bulgaria,Bulgaria,0,27-07-2020,02-08-2020,7,2020,31,6885868,2161,48,1926.811798,234.1882022,2113,0.697079874,3.400997554,0.121541815
Bulgaria,Bulgaria,0,03-08-2020,09-08-2020,7,2020,32,6885868,2059,59,1898.811798,160.1882022,2000,0.856827346,2.326332748,0.084362338
Bulgaria,Bulgaria,0,10-08-2020,16-08-2020,7,2020,33,6885868,1975,51,1825.411798,149.5882022,1924,0.740647366,2.172394275,0.081947647
Bulgaria,Bulgaria,0,17-08-2020,23-08-2020,7,2020,34,6885868,1911,47,1798.211798,112.7882022,1864,0.682557377,1.637966372,0.062722424
Bulgaria,Bulgaria,0,24-08-2020,30-08-2020,7,2020,35,6885868,1937,68,1785.211798,151.7882022,1869,0.987529822,2.20434377,0.085025319
Bulgaria,Bulgaria,0,31-08-2020,06-09-2020,7,2020,36,6885868,1946,63,1779.211798,166.7882022,1883,0.914917335,2.42218123,0.093742747
Bulgaria,Bulgaria,0,07-09-2020,13-09-2020,7,2020,37,6885868,1912,44,1783.411798,128.5882022,1868,0.638989885,1.86742183,0.072102362
Bulgaria,Bulgaria,0,14-09-2020,20-09-2020,7,2020,38,6885868,1849,41,1777.611798,71.38820225,1808,0.595422393,1.03673498,0.040159613
Bulgaria,Bulgaria,0,21-09-2020,27-09-2020,7,2020,39,6885868,1844,35,1769.611798,74.38820225,1809,0.508287408,1.080302472,0.042036452
Bulgaria,Bulgaria,0,28-09-2020,04-10-2020,7,2020,40,6885868,1986,48,1913.211798,72.78820225,1938,0.697079874,1.057066477,0.038045031
Bulgaria,Bulgaria,0,05-10-2020,11-10-2020,7,2020,41,6885868,2084,48,1951.811798,132.1882022,2036,0.697079874,1.919702821,0.067725896
Bulgaria,Bulgaria,0,12-10-2020,18-10-2020,7,2020,42,6885868,2157,94,2023.011798,133.9882022,2063,1.365114754,1.945843316,0.066232042
Bulgaria,Bulgaria,0,19-10-2020,25-10-2020,7,2020,43,6885868,2372,108,2017.411798,354.5882022,2264,1.568429717,5.149506239,0.175763918
Bulgaria,Bulgaria,0,26-10-2020,01-11-2020,7,2020,44,6885868,2732,204,2052.211798,679.7882022,2528,2.962589466,9.872222387,0.331246611
Bulgaria,Bulgaria,0,02-11-2020,08-11-2020,7,2020,45,6885868,3236,367,2069.411798,1166.588202,2869,5.329756539,16.94177411,0.563729367
Bulgaria,Bulgaria,0,09-11-2020,15-11-2020,7,2020,46,6885868,3948,465,2090.011798,1857.988202,3483,6.752961282,26.9826288,0.888984552
Bulgaria,Bulgaria,0,16-11-2020,22-11-2020,7,2020,47,6885868,4407,750,2047.811798,2359.188202,3657,10.89187304,34.26130449,1.152053233
Bulgaria,Bulgaria,0,23-11-2020,29-11-2020,7,2020,48,6885868,4739,934,2067.211798,2671.788202,3805,13.56401255,38.80103717,1.292459827
Bulgaria,Bulgaria,0,30-11-2020,06-12-2020,7,2020,49,6885868,4753,983,2121.011798,2631.988202,3770,14.27561493,38.22304178,1.240911628
Bulgaria,Bulgaria,0,07-12-2020,13-12-2020,7,2020,50,6885868,4370,891,2160.011798,2209.988202,3479,12.93954517,32.09454788,1.023137098
Bulgaria,Bulgaria,0,14-12-2020,20-12-2020,7,2020,51,6885868,3945,921,2190.811798,1754.188202,3024,13.37522009,25.47519357,0.800702372
Bulgaria,Bulgaria,0,21-12-2020,27-12-2020,7,2020,52,6885868,3242,555,2321.811798,920.1882022,2687,8.059986047,13.36343076,0.396323338
Bulgaria,Bulgaria,0,28-12-2020,03-01-2021,7,2020,53,6885868,2965,514,2280.679775,684.3202247,2451,7.464563654,9.938038672,0.30005099
Bulgaria,Bulgaria,0,04-01-2021,10-01-2021,7,2021,1,6885868,2628,448,2465.080431,162.9195693,2180,6.506078827,2.365999018,0.066090975
Bulgaria,Bulgaria,0,11-01-2021,17-01-2021,7,2021,2,6885868,2489,357,2484.580431,4.419569288,2132,5.184531565,0.064183183,0.001778799
Bulgaria,Bulgaria,0,18-01-2021,24-01-2021,7,2021,3,6885868,2525,337,2430.747097,94.25290262,2188,4.894081618,1.368787532,0.038775281
Bulgaria,Bulgaria,0,25-01-2021,31-01-2021,7,2021,4,6885868,2464,225,2448.413764,15.58623596,2239,3.267561911,0.226351071,0.00636585
Bulgaria,Bulgaria,0,01-02-2021,07-02-2021,7,2021,5,6885868,2388,286,2416.580431,-28.58043071,2102,4.153434251,-0.41505923,-0.011826807
Bulgaria,Bulgaria,0,08-02-2021,14-02-2021,7,2021,6,6885868,2371,293,2279.247097,91.75290262,2078,4.255091733,1.332481288,0.040255794
Bulgaria,Bulgaria,0,15-02-2021,21-02-2021,7,2021,7,6885868,2494,230,2256.580431,237.4195693,2264,3.340174398,3.447925073,0.105212101
Bulgaria,Bulgaria,0,22-02-2021,28-02-2021,7,2021,8,6885868,2589,337,2226.747097,362.2529026,2252,4.894081618,5.26081683,0.162682553
Bulgaria,Bulgaria,0,01-03-2021,07-03-2021,7,2021,9,6885868,2755,423,2234.01573,520.9842697,2332,6.143016392,7.565992692,0.233205283
Bulgaria,Bulgaria,0,08-03-2021,14-03-2021,7,2021,10,6885868,3020,671,2221.21573,798.7842697,2349,9.744595743,11.60034246,0.359615799
Bulgaria,Bulgaria,0,15-03-2021,21-03-2021,7,2021,11,6885868,3391,734,2157.61573,1233.38427,2657,10.65951308,17.91181983,0.571642231
Bulgaria,Bulgaria,0,22-03-2021,28-03-2021,7,2021,12,6885868,3686,691,2115.61573,1570.38427,2995,10.03504569,22.80590144,0.742282375
Bulgaria,Bulgaria,0,29-03-2021,04-04-2021,7,2021,13,6885868,4044,879,2097.41573,1946.58427,3165,12.7652752,28.26926496,0.928086998
Bulgaria,Bulgaria,0,05-04-2021,11-04-2021,7,2021,14,6885868,3787,829,2085.01573,1701.98427,2958,12.03915033,24.7170621,0.816293251
Bulgaria,Bulgaria,0,12-04-2021,18-04-2021,7,2021,15,6885868,3738,777,2028.21573,1709.78427,2961,11.28398047,24.83033758,0.842999216
Bulgaria,Bulgaria,0,19-04-2021,25-04-2021,7,2021,16,6885868,3437,712,2019.81573,1417.18427,2725,10.34001814,20.58105485,0.701640377
Bulgaria,Bulgaria,0,26-04-2021,02-05-2021,7,2021,17,6885868,3139,585,2006.61573,1132.38427,2554,8.495660968,16.44504759,0.564325422
Bulgaria,Bulgaria,0,03-05-2021,09-05-2021,7,2021,18,6885868,2801,437,1966.61573,834.3842697,2364,6.346331356,12.11734337,0.424274177
Bulgaria,Bulgaria,0,10-05-2021,16-05-2021,7,2021,19,6885868,2552,330,1983.01573,568.9842697,2222,4.792424136,8.263072566,0.286928773
Bulgaria,Bulgaria,0,17-05-2021,23-05-2021,7,2021,20,6885868,2362,237,1924.21573,437.7842697,2125,3.441831879,6.35772091,0.227513092
Bulgaria,Bulgaria,0,24-05-2021,30-05-2021,7,2021,21,6885868,2184,166,1926.81573,257.1842697,2018,2.410734565,3.734957883,0.133476318
Bulgaria,Bulgaria,0,31-05-2021,06-06-2021,7,2021,22,6885868,2098,158,1907.41573,190.5842697,1940,2.294554586,2.767759557,0.099917531
Bulgaria,Bulgaria,0,07-06-2021,13-06-2021,7,2021,23,6885868,2054,80,1873.01573,180.9842697,1974,1.161799791,2.628343582,0.096627202
Bulgaria,Bulgaria,0,14-06-2021,20-06-2021,7,2021,24,6885868,2030,90,1889.21573,140.7842697,1940,1.307024764,2.044539188,0.074519954
Bulgaria,Bulgaria,0,21-06-2021,27-06-2021,7,2021,25,6885868,2291,37,1915.61573,375.3842697,2254,0.537332403,5.451517073,0.19596011
Bulgaria,Bulgaria,0,28-06-2021,04-07-2021,7,2021,26,6885868,2139,57,1911.41573,227.5842697,2082,0.827782351,3.30509196,0.119065814
Bulgaria,Bulgaria,0,05-07-2021,11-07-2021,7,2021,27,6885868,2099,56,1852.41573,246.5842697,2043,0.813259853,3.581019411,0.133114973
Bulgaria,Bulgaria,0,12-07-2021,18-07-2021,7,2021,28,6885868,2091,34,1894.41573,196.5842697,2057,0.493764911,2.854894541,0.103770396
Bulgaria,Bulgaria,0,19-07-2021,25-07-2021,7,2021,29,6885868,1936,20,1825.61573,110.3842697,1916,0.290449948,1.603055267,0.060464132
Bulgaria,Bulgaria,0,26-07-2021,01-08-2021,7,2021,30,6885868,2104,21,1926.41573,177.5842697,2083,0.304972445,2.578967091,0.092183773
Bulgaria,Bulgaria,0,02-08-2021,08-08-2021,7,2021,31,6885868,2242,40,1915.21573,326.7842697,2202,0.580899895,4.745723701,0.170625306
Bulgaria,Bulgaria,0,09-08-2021,15-08-2021,7,2021,32,6885868,2243,89,1887.21573,355.7842697,2154,1.292502267,5.166876125,0.18852337
Bulgaria,Bulgaria,0,16-08-2021,22-08-2021,7,2021,33,6885868,2085,131,1813.81573,271.1842697,1954,1.902447157,3.938272846,0.149510375
Bulgaria,Bulgaria,0,23-08-2021,29-08-2021,7,2021,34,6885868,2348,256,1786.61573,561.3842697,2092,3.71775933,8.152701586,0.314216572
Bulgaria,Bulgaria,0,30-08-2021,05-09-2021,7,2021,35,6885868,2479,384,1773.61573,705.3842697,2095,5.576638995,10.24394121,0.397709751
Bulgaria,Bulgaria,0,06-09-2021,12-09-2021,7,2021,36,6885868,2658,407,1767.61573,890.3842697,2251,5.910656434,12.93060322,0.503720494
Bulgaria,Bulgaria,0,13-09-2021,19-09-2021,7,2021,37,6885868,2900,506,1771.81573,1128.18427,2394,7.348383675,16.3840531,0.636739053
Bulgaria,Bulgaria,0,20-09-2021,26-09-2021,7,2021,38,6885868,2776,461,1766.01573,1009.98427,2315,6.694871293,14.66749391,0.571899928
Bulgaria,Bulgaria,0,27-09-2021,03-10-2021,7,2021,39,6885868,2842,549,1758.01573,1083.98427,2293,7.972851062,15.74215872,0.616595319
Bulgaria,Bulgaria,0,04-10-2021,10-10-2021,7,2021,40,6885868,3073,618,1901.61573,1171.38427,2455,8.974903382,17.01142499,0.615994205
Bulgaria,Bulgaria,0,11-10-2021,17-10-2021,7,2021,41,6885868,3403,618,1940.21573,1462.78427,2785,8.974903382,21.24328073,0.753928672
Bulgaria,Bulgaria,0,18-10-2021,24-10-2021,7,2021,42,6885868,3841,799,2011.41573,1829.58427,3042,11.60347541,26.57013277,0.909600259
Bulgaria,Bulgaria,0,25-10-2021,31-10-2021,7,2021,43,6885868,4049,926,2005.81573,2043.18427,3123,13.44783258,29.67213821,1.018630096
Bulgaria,Bulgaria,0,01-11-2021,07-11-2021,7,2021,44,6885868,4171,1075,2040.61573,2130.38427,3096,15.61168469,30.93849998,1.043990908
Bulgaria,Bulgaria,0,08-11-2021,14-11-2021,7,2021,45,6885868,4092,1205,2057.81573,2034.18427,2887,17.49960934,29.54143573,0.988516241
Bulgaria,Bulgaria,0,15-11-2021,21-11-2021,7,2021,46,6885868,3987,974,2078.41573,1908.58427,3013,14.14491245,27.71741006,0.918288022
Bulgaria,Bulgaria,0,22-11-2021,28-11-2021,7,2021,47,6885868,3657,848,2036.21573,1620.78427,2809,12.31507778,23.53783531,0.795978661
Bulgaria,Bulgaria,0,29-11-2021,05-12-2021,7,2021,48,6885868,3491,751,2055.61573,1435.38427,2740,10.90639553,20.8453643,0.698274609
Bulgaria,Bulgaria,0,06-12-2021,12-12-2021,7,2021,49,6885868,3310,684,2109.41573,1200.58427,2626,9.933388209,17.43548191,0.569154886
Bulgaria,Bulgaria,0,13-12-2021,19-12-2021,7,2021,50,6885868,3132,546,2148.41573,983.5842697,2586,7.92928357,14.28409998,0.457818408
Bulgaria,Bulgaria,0,20-12-2021,26-12-2021,7,2021,51,6885868,3100,492,2179.21573,920.7842697,2608,7.145068712,13.37208715,0.422530113
Bulgaria,Bulgaria,0,27-12-2021,02-01-2022,7,2021,52,6885868,3072,453,2310.21573,761.7842697,2619,6.578691314,11.06301006,0.329745945
Bulgaria,Bulgaria,0,03-01-2022,09-01-2022,7,2022,1,6885868,3144,529,2453.484363,690.5156367,2615,7.682401115,10.02801153,0.281442852
Bulgaria,Bulgaria,0,10-01-2022,16-01-2022,7,2022,2,6885868,3129,530,2472.984363,656.0156367,2599,7.696923612,9.526985366,0.265272861
Bulgaria,Bulgaria,0,17-01-2022,23-01-2022,7,2022,3,6885868,3249,578,2419.15103,829.84897,2671,8.394003487,12.05147949,0.343033138
Bulgaria,Bulgaria,0,24-01-2022,30-01-2022,7,2022,4,6885868,3460,496,2436.817697,1023.182303,2964,7.203158701,14.85916232,0.419884633
Bulgaria,Bulgaria,0,31-01-2022,06-02-2022,7,2022,5,6885868,3617,610,2404.984363,1212.015637,3007,8.858723403,17.60149391,0.503959882
Bulgaria,Bulgaria,0,07-02-2022,13-02-2022,7,2022,6,6885868,3617,634,2267.65103,1349.34897,2983,9.20726334,19.59591688,0.595042602
Bulgaria,Bulgaria,0,14-02-2022,20-02-2022,7,2022,7,6885868,3422,638,2244.984363,1177.015637,2784,9.265353329,17.0932065,0.524286786
Bulgaria,Bulgaria,0,21-02-2022,27-02-2022,7,2022,8,6885868,3012,440,2215.15103,796.84897,2572,6.389898848,11.57223708,0.3597267
Bulgaria,Bulgaria,0,28-02-2022,06-03-2022,7,2022,9,6885868,2687,350,2222.419663,464.5803371,2337,5.082874084,6.746866729,0.209042579
Bulgaria,Bulgaria,0,07-03-2022,13-03-2022,7,2022,10,6885868,2632,266,2209.619663,422.3803371,2366,3.862984304,6.134017339,0.191155222
Bulgaria,Bulgaria,0,14-03-2022,20-03-2022,7,2022,11,6885868,2412,184,2146.019663,265.9803371,2228,2.672139518,3.862698749,0.12394124
Bulgaria,Bulgaria,0,21-03-2022,27-03-2022,7,2022,12,6885868,2468,155,2104.019663,363.9803371,2313,2.250987094,5.285903492,0.17299284
Bulgaria,Bulgaria,0,28-03-2022,03-04-2022,7,2022,13,6885868,2361,131,2085.819663,275.1803371,2230,1.902447157,3.996305725,0.131929113
Bulgaria,Bulgaria,0,04-04-2022,10-04-2022,7,2022,14,6885868,2263,132,2073.419663,189.5803371,2131,1.916969654,2.753179949,0.091433654
Bulgaria,Bulgaria,0,11-04-2022,17-04-2022,7,2022,15,6885868,2105,84,2016.619663,88.38033708,2021,1.21988978,1.283503214,0.043825982
Bulgaria,Bulgaria,0,18-04-2022,24-04-2022,7,2022,16,6885868,1999,70,2008.219663,-9.219662921,1929,1.016574817,-0.133892531,-0.004590963
Bulgaria,Bulgaria,0,25-04-2022,01-05-2022,7,2022,17,6885868,2083,64,1995.019663,87.98033708,2019,0.929439832,1.277694215,0.044099985
Bulgaria,Bulgaria,0,02-05-2022,08-05-2022,7,2022,18,6885868,1837,55,1955.019663,-118.0196629,1782,0.798737356,-1.713940246,-0.060367507
Bulgaria,Bulgaria,0,09-05-2022,15-05-2022,7,2022,19,6885868,1966,75,1971.419663,-5.419662921,1891,1.089187304,-0.078707041,-0.002749117
Bulgaria,Bulgaria,0,16-05-2022,22-05-2022,7,2022,20,6885868,1912,45,1912.619663,-0.619662921,1867,0.653512382,-0.008999053,-0.000323986
Bulgaria,Bulgaria,0,23-05-2022,29-05-2022,7,2022,21,6885868,1906,41,1915.219663,-9.219662921,1865,0.595422393,-0.133892531,-0.004813893
Bulgaria,Bulgaria,0,30-05-2022,05-06-2022,7,2022,22,6885868,1828,29,1895.819663,-67.81966292,1799,0.421152424,-0.984910877,-0.035773267
Canada,Canada,0,29-12-2019,04-01-2020,7,2020,1,38155012,6220,0,6362.401757,-142.4017568,6220,0,-0.373219007,-0.022381761
Canada,Canada,0,05-01-2020,11-01-2020,7,2020,2,38155012,6210,0,6393.23509,-183.2350902,6210,0,-0.480238586,-0.028660778
Canada,Canada,0,12-01-2020,18-01-2020,7,2020,3,38155012,6135,0,6346.568423,-211.5684235,6135,0,-0.55449707,-0.033335877
Canada,Canada,0,19-01-2020,25-01-2020,7,2020,4,38155012,6165,0,6274.901757,-109.9017568,6165,0,-0.288040158,-0.017514498
Canada,Canada,0,26-01-2020,01-02-2020,7,2020,5,38155012,5845,0,6044.068423,-199.0684235,5845,0,-0.521735974,-0.032936163
Canada,Canada,0,02-02-2020,08-02-2020,7,2020,6,38155012,5900,0,6055.73509,-155.7350902,5900,0,-0.408164176,-0.025716959
Canada,Canada,0,09-02-2020,15-02-2020,7,2020,7,38155012,5735,0,6023.23509,-288.2350902,5735,0,-0.75543179,-0.047853867
Canada,Canada,0,16-02-2020,22-02-2020,7,2020,8,38155012,5680,0,5973.23509,-293.2350902,5680,0,-0.768536228,-0.049091503
Canada,Canada,0,23-02-2020,29-02-2020,7,2020,9,38155012,5775,0,5926.568423,-151.5684235,5775,0,-0.39724381,-0.025574399
Canada,Canada,0,01-03-2020,07-03-2020,7,2020,10,38155012,5770,0,5969.882108,-199.8821082,5770,0,-0.52386855,-0.033481751
Canada,Canada,0,08-03-2020,14-03-2020,7,2020,11,38155012,5680,1,5863.882108,-183.8821082,5679,0.002620888,-0.481934348,-0.031358425
Canada,Canada,0,15-03-2020,21-03-2020,7,2020,12,38155012,5880,17,5839.882108,40.11789182,5863,0.04455509,0.105144487,0.006869641
Canada,Canada,0,22-03-2020,28-03-2020,7,2020,13,38155012,5930,65,5784.882108,145.1178918,5865,0.170357698,0.380337691,0.025085713
Canada,Canada,0,29-03-2020,04-04-2020,7,2020,14,38155012,6305,277,5732.882108,572.1178918,6028,0.725985881,1.499456721,0.099795859
Canada,Canada,0,05-04-2020,11-04-2020,7,2020,15,38155012,6590,626,5640.882108,949.1178918,5964,1.640675673,2.487531368,0.168256998
Canada,Canada,0,12-04-2020,18-04-2020,7,2020,16,38155012,6625,951,5641.882108,983.1178918,5674,2.492464162,2.576641548,0.174253533
Canada,Canada,0,19-04-2020,25-04-2020,7,2020,17,38155012,6940,1175,5587.882108,1352.117892,5765,3.079542997,3.543749093,0.241973232
Canada,Canada,0,26-04-2020,02-05-2020,7,2020,18,38155012,6900,1300,5606.882108,1293.117892,5600,3.407153954,3.389116722,0.230630476
Canada,Canada,0,03-05-2020,09-05-2020,7,2020,19,38155012,6440,1164,5516.882108,923.1178918,5276,3.050713233,2.419388289,0.167326014
Canada,Canada,0,10-05-2020,16-05-2020,7,2020,20,38155012,6120,876,5396.882108,723.1178918,5244,2.295897587,1.895210757,0.133988084
Canada,Canada,0,17-05-2020,23-05-2020,7,2020,21,38155012,5925,677,5351.882108,573.1178918,5248,1.774340944,1.502077609,0.107087167
Canada,Canada,0,24-05-2020,30-05-2020,7,2020,22,38155012,5885,643,5291.882108,593.1178918,5242,1.685230763,1.554495362,0.112080708
Canada,Canada,0,31-05-2020,06-06-2020,7,2020,23,38155012,5550,380,5242.882108,307.1178918,5170,0.99593731,0.804921492,0.058578066
Canada,Canada,0,07-06-2020,13-06-2020,7,2020,24,38155012,5200,243,5234.882108,-34.88210818,4957,0.636875701,-0.091422087,-0.006663399
Canada,Canada,0,14-06-2020,20-06-2020,7,2020,25,38155012,5305,159,5190.882108,114.1178918,5146,0.416721137,0.299090174,0.021984297
Canada,Canada,0,21-06-2020,27-06-2020,7,2020,26,38155012,5295,126,5222.882108,72.11789182,5169,0.330231845,0.189012893,0.013808064
Canada,Canada,0,28-06-2020,04-07-2020,7,2020,27,38155012,5155,84,5241.882108,-86.88210818,5071,0.220154563,-0.227708245,-0.016574602
Canada,Canada,0,05-07-2020,11-07-2020,7,2020,28,38155012,5395,74,5194.882108,200.1178918,5321,0.193945687,0.524486513,0.038522124
Canada,Canada,0,12-07-2020,18-07-2020,7,2020,29,38155012,5275,58,5126.882108,148.1178918,5217,0.152011484,0.388200354,0.028890442
Canada,Canada,0,19-07-2020,25-07-2020,7,2020,30,38155012,5285,35,5168.882108,116.1178918,5250,0.091731068,0.304331949,0.022464798
Canada,Canada,0,26-07-2020,01-08-2020,7,2020,31,38155012,5225,54,5160.882108,64.11789182,5171,0.141527933,0.168045791,0.012423824
Canada,Canada,0,02-08-2020,08-08-2020,7,2020,32,38155012,5245,32,5182.882108,62.11789182,5213,0.083868405,0.162804016,0.011985203
Canada,Canada,0,09-08-2020,15-08-2020,7,2020,33,38155012,5415,37,5157.882108,257.1178918,5378,0.096972843,0.673877109,0.049849509
Canada,Canada,0,16-08-2020,22-08-2020,7,2020,34,38155012,5415,43,5167.882108,247.1178918,5372,0.112698169,0.647668232,0.04781802
Canada,Canada,0,23-08-2020,29-08-2020,7,2020,35,38155012,5250,40,5209.882108,40.11789182,5210,0.104835506,0.105144487,0.007700345
Canada,Canada,0,30-08-2020,05-09-2020,7,2020,36,38155012,5450,22,5251.882108,198.1178918,5428,0.057659528,0.519244737,0.037723218
Canada,Canada,0,06-09-2020,12-09-2020,7,2020,37,38155012,5330,26,5240.882108,89.11789182,5304,0.068143079,0.233567983,0.017004369
Canada,Canada,0,13-09-2020,19-09-2020,7,2020,38,38155012,5465,52,5272.882108,192.1178918,5413,0.136286158,0.503519411,0.036435082
Canada,Canada,0,20-09-2020,26-09-2020,7,2020,39,38155012,5745,52,5401.882108,343.1178918,5693,0.136286158,0.899273448,0.063518212
Canada,Canada,0,27-09-2020,03-10-2020,7,2020,40,38155012,5705,213,5498.882108,206.1178918,5492,0.558249071,0.540211839,0.037483599
Canada,Canada,0,04-10-2020,10-10-2020,7,2020,41,38155012,5780,142,5529.882108,250.1178918,5638,0.372166047,0.655530895,0.045230239
Canada,Canada,0,11-10-2020,17-10-2020,7,2020,42,38155012,5725,144,5620.882108,104.1178918,5581,0.377407823,0.272881298,0.018523408
Canada,Canada,0,18-10-2020,24-10-2020,7,2020,43,38155012,5750,193,5607.882108,142.1178918,5557,0.505831318,0.372475028,0.025342525
Canada,Canada,0,25-10-2020,31-10-2020,7,2020,44,38155012,5900,246,5685.882108,214.1178918,5654,0.644738364,0.56117894,0.037657814
Canada,Canada,0,01-11-2020,07-11-2020,7,2020,45,38155012,6260,311,5631.882108,628.1178918,5949,0.815096061,1.64622643,0.111528949
Canada,Canada,0,08-11-2020,14-11-2020,7,2020,46,38155012,6145,421,5653.882108,491.1178918,5724,1.103393704,1.287164821,0.086863837
Canada,Canada,0,15-11-2020,21-11-2020,7,2020,47,38155012,6140,521,5686.882108,453.1178918,5619,1.365482469,1.18757109,0.079677736
Canada,Canada,0,22-11-2020,28-11-2020,7,2020,48,38155012,6305,561,5707.882108,597.1178918,5744,1.470317976,1.564978912,0.104612863
Canada,Canada,0,29-11-2020,05-12-2020,7,2020,49,38155012,6500,633,5746.882108,753.1178918,5867,1.659021887,1.973837387,0.131048084
Canada,Canada,0,06-12-2020,12-12-2020,7,2020,50,38155012,6565,764,5852.882108,712.1178918,5801,2.00235817,1.866380993,0.121669611
Canada,Canada,0,13-12-2020,19-12-2020,7,2020,51,38155012,6445,831,5921.882108,523.1178918,5614,2.177957643,1.371033226,0.088336425
Canada,Canada,0,20-12-2020,26-12-2020,7,2020,52,38155012,6655,815,6012.882108,642.1178918,5840,2.13602344,1.682918857,0.106790368
Canada,Canada,0,27-12-2020,02-01-2021,7,2020,53,38155012,6775,839,5969.313454,805.6865465,5936,2.198924744,2.111613925,0.134971392
Canada,Canada,0,03-01-2021,09-01-2021,7,2021,1,38155012,6795,1027,6467.695793,327.3042071,5768,2.691651624,0.857827556,0.050605999
Canada,Canada,0,10-01-2021,16-01-2021,7,2021,2,38155012,6770,1008,6498.529126,271.4708738,5762,2.641854758,0.711494662,0.041774203
Canada,Canada,0,17-01-2021,23-01-2021,7,2021,3,38155012,6750,1024,6451.86246,298.1375405,5726,2.683788961,0.781385,0.046209531
Canada,Canada,0,24-01-2021,30-01-2021,7,2021,4,38155012,6665,962,6380.195793,284.8042071,5703,2.521293926,0.746439831,0.044638788
Canada,Canada,0,31-01-2021,06-02-2021,7,2021,5,38155012,6475,760,6149.36246,325.6375405,5715,1.991874619,0.85345941,0.052954683
Canada,Canada,0,07-02-2021,13-02-2021,7,2021,6,38155012,6100,526,6161.029126,-61.02912621,5574,1.378586908,-0.159950484,-0.009905671
Canada,Canada,0,14-02-2021,20-02-2021,7,2021,7,38155012,6065,402,6128.529126,-63.52912621,5663,1.053596838,-0.166502703,-0.010366129
Canada,Canada,0,21-02-2021,27-02-2021,7,2021,8,38155012,5975,330,6078.529126,-103.5291262,5645,0.864892927,-0.271338209,-0.017031937
Canada,Canada,0,28-02-2021,06-03-2021,7,2021,9,38155012,5985,253,6031.86246,-46.86245955,5732,0.663084577,-0.122821242,-0.007769153
Canada,Canada,0,07-03-2021,13-03-2021,7,2021,10,38155012,5790,221,6075.176144,-285.1761442,5569,0.579216172,-0.747414636,-0.046941214
Canada,Canada,0,14-03-2021,20-03-2021,7,2021,11,38155012,5625,209,5969.176144,-344.1761442,5416,0.54776552,-0.902047008,-0.057658902
Canada,Canada,0,21-03-2021,27-03-2021,7,2021,12,38155012,5740,209,5945.176144,-205.1761442,5531,0.54776552,-0.537743624,-0.034511365
Canada,Canada,0,28-03-2021,03-04-2021,7,2021,13,38155012,5675,198,5890.176144,-215.1761442,5477,0.518935756,-0.563952501,-0.03653136
Canada,Canada,0,04-04-2021,10-04-2021,7,2021,14,38155012,5870,237,5838.176144,31.82385576,5633,0.621150375,0.083406751,0.005450993
Canada,Canada,0,11-04-2021,17-04-2021,7,2021,15,38155012,5735,304,5746.176144,-11.17614424,5431,0.796749848,-0.029291419,-0.001944971
Canada,Canada,0,18-04-2021,24-04-2021,7,2021,16,38155012,5765,336,5747.176144,17.82385576,5429,0.880618253,0.046714324,0.003101324
Canada,Canada,0,25-04-2021,01-05-2021,7,2021,17,38155012,5970,334,5693.176144,276.8238558,5636,0.875376477,0.725524227,0.0486238
Canada,Canada,0,02-05-2021,08-05-2021,7,2021,18,38155012,5910,307,5712.176144,197.8238558,5603,0.804612511,0.518474102,0.03463196
Canada,Canada,0,09-05-2021,15-05-2021,7,2021,19,38155012,5805,340,5622.176144,182.8238558,5465,0.891101803,0.479160787,0.032518344
Canada,Canada,0,16-05-2021,22-05-2021,7,2021,20,38155012,5835,295,5502.176144,332.8238558,5540,0.773161859,0.872293935,0.060489495
Canada,Canada,0,23-05-2021,29-05-2021,7,2021,21,38155012,5365,275,5457.176144,-92.17614424,5090,0.720744106,-0.241583319,-0.016890813
Canada,Canada,0,30-05-2021,05-06-2021,7,2021,22,38155012,5615,234,5397.176144,217.8238558,5381,0.613287712,0.570891855,0.040358856
Canada,Canada,0,06-06-2021,12-06-2021,7,2021,23,38155012,5255,202,5348.176144,-93.17614424,5053,0.529419307,-0.244204206,-0.017422041
Canada,Canada,0,13-06-2021,19-06-2021,7,2021,24,38155012,5315,140,5340.176144,-25.17614424,5175,0.366924272,-0.065983846,-0.004714478
Canada,Canada,0,20-06-2021,26-06-2021,7,2021,25,38155012,5250,160,5296.176144,-46.17614424,5090,0.419342025,-0.121022486,-0.00871877
Canada,Canada,0,27-06-2021,03-07-2021,7,2021,26,38155012,6115,134,5328.176144,786.8238558,5981,0.351198946,2.062176932,0.147672268
Canada,Canada,0,04-07-2021,10-07-2021,7,2021,27,38155012,5365,80,5347.176144,17.82385576,5285,0.209671013,0.046714324,0.003333321
Canada,Canada,0,11-07-2021,17-07-2021,7,2021,28,38155012,5325,65,5300.176144,24.82385576,5260,0.170357698,0.065060537,0.004683591
Canada,Canada,0,18-07-2021,24-07-2021,7,2021,29,38155012,5355,51,5232.176144,122.8238558,5304,0.133665271,0.321907528,0.023474717
Canada,Canada,0,25-07-2021,31-07-2021,7,2021,30,38155012,5465,54,5274.176144,190.8238558,5411,0.141527933,0.500127888,0.036180789
Canada,Canada,0,01-08-2021,07-08-2021,7,2021,31,38155012,5500,65,5266.176144,233.8238558,5435,0.170357698,0.612826057,0.04440107
Canada,Canada,0,08-08-2021,14-08-2021,7,2021,32,38155012,5405,38,5288.176144,116.8238558,5367,0.099593731,0.306182202,0.022091521
Canada,Canada,0,15-08-2021,21-08-2021,7,2021,33,38155012,5675,90,5263.176144,411.8238558,5585,0.235879889,1.07934406,0.078246261
Canada,Canada,0,22-08-2021,28-08-2021,7,2021,34,38155012,5580,108,5273.176144,306.8238558,5472,0.283055867,0.804150856,0.058185778
Canada,Canada,0,29-08-2021,04-09-2021,7,2021,35,38155012,5765,118,5315.176144,449.8238558,5647,0.309264744,1.178937791,0.084630094
Canada,Canada,0,05-09-2021,11-09-2021,7,2021,36,38155012,6070,170,5357.176144,712.8238558,5900,0.445550902,1.868231245,0.133059626
Canada,Canada,0,12-09-2021,18-09-2021,7,2021,37,38155012,5975,198,5346.176144,628.8238558,5777,0.518935756,1.648076682,0.117621238
Canada,Canada,0,19-09-2021,25-09-2021,7,2021,38,38155012,5955,251,5378.176144,576.8238558,5704,0.657842802,1.511790524,0.107252689
Canada,Canada,0,26-09-2021,02-10-2021,7,2021,39,38155012,6045,310,5507.176144,537.8238558,5735,0.812475174,1.409575905,0.097658735
Canada,Canada,0,03-10-2021,09-10-2021,7,2021,40,38155012,6005,250,5604.176144,400.8238558,5755,0.655221914,1.050514296,0.071522351
Canada,Canada,0,10-10-2021,16-10-2021,7,2021,41,38155012,6210,287,5635.176144,574.8238558,5923,0.752194758,1.506548748,0.102006369
Canada,Canada,0,17-10-2021,23-10-2021,7,2021,42,38155012,6185,263,5726.176144,458.8238558,5922,0.689293454,1.20252578,0.080127444
Canada,Canada,0,24-10-2021,30-10-2021,7,2021,43,38155012,6025,219,5713.176144,311.8238558,5806,0.573974397,0.817255295,0.054579773
Canada,Canada,0,31-10-2021,06-11-2021,7,2021,44,38155012,6130,175,5791.176144,338.8238558,5955,0.45865534,0.888019261,0.058506916
Canada,Canada,0,07-11-2021,13-11-2021,7,2021,45,38155012,6185,185,5737.176144,447.8238558,6000,0.484864217,1.173696016,0.078056494
Canada,Canada,0,14-11-2021,20-11-2021,7,2021,46,38155012,5965,167,5759.176144,205.8238558,5798,0.437688239,0.539441203,0.03573842
Canada,Canada,0,21-11-2021,27-11-2021,7,2021,47,38155012,6035,137,5792.176144,242.8238558,5898,0.359061609,0.636414046,0.041922733
Canada,Canada,0,28-11-2021,04-12-2021,7,2021,48,38155012,6170,138,5813.176144,356.8238558,6032,0.361682497,0.935195239,0.06138191
Canada,Canada,0,05-12-2021,11-12-2021,7,2021,49,38155012,6035,144,5852.176144,182.8238558,5891,0.377407823,0.479160787,0.03124032
Canada,Canada,0,12-12-2021,18-12-2021,7,2021,50,38155012,6235,130,5958.176144,276.8238558,6105,0.340715395,0.725524227,0.046461174
Canada,Canada,0,19-12-2021,25-12-2021,7,2021,51,38155012,6335,112,6027.176144,307.8238558,6223,0.293539418,0.806771744,0.05107265
Canada,Canada,0,26-12-2021,01-01-2022,7,2021,52,38155012,6295,187,6118.176144,176.8238558,6108,0.490105992,0.463435461,0.0289014
Canada,Canada,0,02-01-2022,08-01-2022,7,2022,1,38155012,6810,359,6572.989829,237.0101711,6451,0.940898669,0.621177032,0.036058198
Canada,Canada,0,09-01-2022,15-01-2022,7,2022,2,38155012,7465,766,6603.823162,861.1768377,6699,2.007599945,2.257047744,0.130405799
Canada,Canada,0,16-01-2022,22-01-2022,7,2022,3,38155012,7780,1039,6557.156496,1222.843504,6741,2.723102276,3.204935447,0.186489907
Canada,Canada,0,23-01-2022,29-01-2022,7,2022,4,38155012,7500,1143,6485.489829,1014.510171,6357,2.995674592,2.658917185,0.156427687
Canada,Canada,0,30-01-2022,05-02-2022,7,2022,5,38155012,7210,989,6254.656496,955.3435044,6221,2.592057893,2.503847999,0.152741163
Canada,Canada,0,06-02-2022,12-02-2022,7,2022,6,38155012,6860,845,6266.323162,593.6768377,6015,2.21465007,1.555960296,0.094740859
Canada,Canada,0,13-02-2022,19-02-2022,7,2022,7,38155012,6375,532,6233.823162,141.1768377,5843,1.394312233,0.370008631,0.022646911
Canada,Canada,0,20-02-2022,26-02-2022,7,2022,8,38155012,6130,494,6183.823162,-53.82316227,5636,1.294718503,-0.141064462,-0.008703865
Chile,Chile,0,30-12-2019,05-01-2020,7,2020,1,19493184,2108,0,2043.44918,64.55081967,2108,0,0.331145593,0.031589149
Chile,Chile,0,06-01-2020,12-01-2020,7,2020,2,19493184,2053,0,1961.84918,91.15081967,2053,0,0.467603546,0.046461686
Chile,Chile,0,13-01-2020,19-01-2020,7,2020,3,19493184,2057,0,2002.24918,54.75081967,2057,0,0.28087161,0.027344658
Chile,Chile,0,20-01-2020,26-01-2020,7,2020,4,19493184,1964,0,1997.04918,-33.04918033,1964,0,-0.169542238,-0.016549007
Chile,Chile,0,27-01-2020,02-02-2020,7,2020,5,19493184,1970,0,2002.04918,-32.04918033,1970,0,-0.164412239,-0.016008188
Chile,Chile,0,03-02-2020,09-02-2020,7,2020,6,19493184,1994,0,1944.24918,49.75081967,1994,0,0.255221618,0.025588705
Chile,Chile,0,10-02-2020,16-02-2020,7,2020,7,19493184,1909,0,1924.64918,-15.64918033,1909,0,-0.080280268,-0.008130926
Chile,Chile,0,17-02-2020,23-02-2020,7,2020,8,19493184,1899,0,1960.44918,-61.44918033,1899,0,-0.315234188,-0.031344439
Chile,Chile,0,24-02-2020,01-03-2020,7,2020,9,19493184,1884,0,1877.811475,6.18852459,1884,0,0.03174712,0.003295605
Chile,Chile,0,02-03-2020,08-03-2020,7,2020,10,19493184,1885,0,1884.561475,0.43852459,1885,0,0.00224963,0.000232693
Chile,Chile,0,09-03-2020,15-03-2020,7,2020,11,19493184,1928,0,1890.561475,37.43852459,1928,0,0.192059566,0.01980286
Chile,Chile,0,16-03-2020,22-03-2020,7,2020,12,19493184,2008,1,1901.311475,106.6885246,2007,0.005129998,0.547311945,0.056113123
Chile,Chile,0,23-03-2020,29-03-2020,7,2020,13,19493184,2006,6,1936.811475,69.18852459,2000,0.03077999,0.354937011,0.035722901
Chile,Chile,0,30-03-2020,05-04-2020,7,2020,14,19493184,2081,27,1981.811475,99.18852459,2054,0.138509953,0.508836959,0.050049425
Chile,Chile,0,06-04-2020,12-04-2020,7,2020,15,19493184,2010,46,2046.811475,-36.81147541,1964,0.23597992,-0.188842805,-0.01798479
Chile,Chile,0,13-04-2020,19-04-2020,7,2020,16,19493184,2087,53,2004.311475,82.68852459,2034,0.271889908,0.424191987,0.041255327
Chile,Chile,0,20-04-2020,26-04-2020,7,2020,17,19493184,2095,56,2079.811475,15.18852459,2039,0.287279903,0.077917105,0.007302837
Chile,Chile,0,27-04-2020,03-05-2020,7,2020,18,19493184,2083,71,2074.561475,8.43852459,2012,0.364229876,0.043289616,0.004067618
Chile,Chile,0,04-05-2020,10-05-2020,7,2020,19,19493184,2342,52,2050.811475,291.1885246,2290,0.26675991,1.493796624,0.141986978
Chile,Chile,0,11-05-2020,17-05-2020,7,2020,20,19493184,2438,138,2132.561475,305.4385246,2300,0.70793976,1.5668991,0.143226129
Chile,Chile,0,18-05-2020,24-05-2020,7,2020,21,19493184,2933,268,2271.811475,661.1885246,2665,1.374839534,3.391895981,0.291040226
Chile,Chile,0,25-05-2020,31-05-2020,7,2020,22,19493184,3394,336,2303.311475,1090.688525,3058,1.723679415,5.595230233,0.473530626
Chile,Chile,0,01-06-2020,07-06-2020,7,2020,23,19493184,3899,583,2406.061475,1492.938525,3316,2.990788986,7.658772033,0.620490598
Chile,Chile,0,08-06-2020,14-06-2020,7,2020,24,19493184,3983,1686,2510.561475,1472.438525,2297,8.649177066,7.553607069,0.586497697
Chile,Chile,0,15-06-2020,21-06-2020,7,2020,25,19493184,3732,1156,2520.811475,1211.188525,2576,5.930277988,6.213395024,0.480475647
Chile,Chile,0,22-06-2020,28-06-2020,7,2020,26,19493184,3519,1030,2536.061475,982.9385246,2489,5.283898208,5.042472921,0.38758466
Chile,Chile,0,29-06-2020,05-07-2020,7,2020,27,19493184,3070,799,2485.311475,584.6885246,2271,4.09886861,2.999451114,0.235257645
Chile,Chile,0,06-07-2020,12-07-2020,7,2020,28,19493184,2967,671,2456.061475,510.9385246,2296,3.442228832,2.621113742,0.208031651
Chile,Chile,0,13-07-2020,19-07-2020,7,2020,29,19493184,2814,467,2520.061475,293.9385246,2347,2.395709187,1.50790412,0.116639426
Chile,Chile,0,20-07-2020,26-07-2020,7,2020,30,19493184,2698,609,2465.061475,232.9385246,2089,3.12416894,1.194974226,0.094496031
Chile,Chile,0,27-07-2020,02-08-2020,7,2020,31,19493184,2653,496,2439.311475,213.6885246,2157,2.544479137,1.096221759,0.087601984
Chile,Chile,0,03-08-2020,09-08-2020,7,2020,32,19493184,2516,469,2373.061475,142.9385246,2047,2.405969184,0.733274382,0.060233806
Chile,Chile,0,10-08-2020,16-08-2020,7,2020,33,19493184,2431,375,2340.311475,90.68852459,2056,1.923749347,0.465231973,0.038750622
Chile,Chile,0,17-08-2020,23-08-2020,7,2020,34,19493184,2596,400,2318.311475,277.6885246,2196,2.051999304,1.424541648,0.119780507
Chile,Chile,0,24-08-2020,30-08-2020,7,2020,35,19493184,2479,392,2250.311475,228.6885246,2087,2.010959318,1.173171733,0.101625276
Chile,Chile,0,31-08-2020,06-09-2020,7,2020,36,19493184,2395,348,2308.561475,86.43852459,2047,1.785239394,0.443429481,0.037442592
Chile,Chile,0,07-09-2020,13-09-2020,7,2020,37,19493184,2405,357,2249.561475,155.4385246,2048,1.831409379,0.797399361,0.069097256
Chile,Chile,0,14-09-2020,20-09-2020,7,2020,38,19493184,2401,337,2309.061475,91.93852459,2064,1.728809414,0.471644471,0.039816404
Chile,Chile,0,21-09-2020,27-09-2020,7,2020,39,19493184,2364,355,2217.811475,146.1885246,2009,1.821149382,0.749946877,0.065915668
Chile,Chile,0,28-09-2020,04-10-2020,7,2020,40,19493184,2340,338,2164.561475,175.4385246,2002,1.733939412,0.899999326,0.081050377
Chile,Chile,0,05-10-2020,11-10-2020,7,2020,41,19493184,2396,339,2100.811475,295.1885246,2057,1.73906941,1.514316617,0.140511668
Chile,Chile,0,12-10-2020,18-10-2020,7,2020,42,19493184,2307,317,2076.561475,230.4385246,1990,1.626209448,1.18214923,0.110971203
Chile,Chile,0,19-10-2020,25-10-2020,7,2020,43,19493184,2304,309,2053.311475,250.6885246,1995,1.585169462,1.286031695,0.122089867
Chile,Chile,0,26-10-2020,01-11-2020,7,2020,44,19493184,2268,303,2037.311475,230.6885246,1965,1.554389473,1.18343173,0.113231839
Chile,Chile,0,02-11-2020,08-11-2020,7,2020,45,19493184,2239,296,2041.811475,197.1885246,1943,1.518479485,1.011576788,0.096575285
Chile,Chile,0,09-11-2020,15-11-2020,7,2020,46,19493184,2121,276,1993.311475,127.6885246,1845,1.41587952,0.655041909,0.064058491
Chile,Chile,0,16-11-2020,22-11-2020,7,2020,47,19493184,2184,250,2037.561475,146.4385246,1934,1.282499565,0.751229376,0.0718695
Chile,Chile,0,23-11-2020,29-11-2020,7,2020,48,19493184,2203,287,1991.061475,211.9385246,1916,1.472309501,1.087244262,0.106444993
Chile,Chile,0,30-11-2020,06-12-2020,7,2020,49,19493184,2174,272,1945.561475,228.4385246,1902,1.395359527,1.171889234,0.117415218
Chile,Chile,0,07-12-2020,13-12-2020,7,2020,50,19493184,2187,258,1985.311475,201.6885246,1929,1.323539551,1.03466178,0.101590369
Chile,Chile,0,14-12-2020,20-12-2020,7,2020,51,19493184,2155,268,1979.061475,175.9385246,1887,1.374839534,0.902564325,0.088899979
Chile,Chile,0,21-12-2020,27-12-2020,7,2020,52,19493184,2291,289,1906.811475,384.1885246,2002,1.482569497,1.970886463,0.201482176
Chile,Chile,0,28-12-2020,03-01-2021,7,2020,53,19493184,2239,324,1906.811475,332.1885246,1915,1.662119436,1.704126553,0.17421152
Chile,Chile,0,04-01-2021,10-01-2021,7,2021,1,19493184,2448,329,2081.57377,366.4262295,2119,1.687769428,1.87976592,0.176033266
Chile,Chile,0,11-01-2021,17-01-2021,7,2021,2,19493184,2439,381,1999.97377,439.0262295,2058,1.954529337,2.252203793,0.219515994
Chile,Chile,0,18-01-2021,24-01-2021,7,2021,3,19493184,2702,456,2040.37377,661.6262295,2246,2.339279207,3.394141406,0.324267171
Chile,Chile,0,25-01-2021,31-01-2021,7,2021,4,19493184,2560,519,2035.17377,524.8262295,2041,2.662469097,2.692357644,0.257877847
Chile,Chile,0,01-02-2021,07-02-2021,7,2021,5,19493184,2635,522,2040.17377,594.8262295,2113,2.677859092,3.051457522,0.29155665
Chile,Chile,0,08-02-2021,14-02-2021,7,2021,6,19493184,2506,567,1982.37377,523.6262295,1939,2.908709013,2.686201646,0.26414102
Chile,Chile,0,15-02-2021,21-02-2021,7,2021,7,19493184,2502,501,1962.77377,539.2262295,2001,2.570129128,2.766229619,0.274726633
Chile,Chile,0,22-02-2021,28-02-2021,7,2021,8,19493184,2607,530,1998.57377,608.4262295,2077,2.718899078,3.121225499,0.304430208
Chile,Chile,0,01-03-2021,07-03-2021,7,2021,9,19493184,2662,505,1915.936066,746.0639344,2157,2.590649121,3.827306685,0.389399181
Chile,Chile,0,08-03-2021,14-03-2021,7,2021,10,19493184,2656,597,1922.686066,733.3139344,2059,3.062608961,3.761899208,0.381400764
Chile,Chile,0,15-03-2021,21-03-2021,7,2021,11,19493184,2550,605,1928.686066,621.3139344,1945,3.103648947,3.187339402,0.322143632
Chile,Chile,0,22-03-2021,28-03-2021,7,2021,12,19493184,2741,475,1939.436066,801.5639344,2266,2.436749173,4.112021589,0.413297426
Chile,Chile,0,29-03-2021,04-04-2021,7,2021,13,19493184,2833,890,1974.936066,858.0639344,1943,4.565698451,4.40186649,0.434476816
Chile,Chile,0,05-04-2021,11-04-2021,7,2021,14,19493184,2849,702,2019.936066,829.0639344,2147,3.601258778,4.253096541,0.410440681
Chile,Chile,0,12-04-2021,18-04-2021,7,2021,15,19493184,2899,831,2084.936066,814.0639344,2068,4.263028554,4.176146567,0.390450311
Chile,Chile,0,19-04-2021,25-04-2021,7,2021,16,19493184,2664,679,2042.436066,621.5639344,1985,3.483268818,3.188621902,0.304324794
Chile,Chile,0,26-04-2021,02-05-2021,7,2021,17,19493184,2787,705,2117.936066,669.0639344,2082,3.616648773,3.432296819,0.315903745
Chile,Chile,0,03-05-2021,09-05-2021,7,2021,18,19493184,2735,657,2112.686066,622.3139344,2078,3.370408857,3.192469401,0.294560533
Chile,Chile,0,10-05-2021,16-05-2021,7,2021,19,19493184,2767,614,2088.936066,678.0639344,2153,3.149818932,3.478466804,0.324597744
Chile,Chile,0,17-05-2021,23-05-2021,7,2021,20,19493184,2936,686,2170.686066,765.3139344,2250,3.519178806,3.926059152,0.352567765
Chile,Chile,0,24-05-2021,30-05-2021,7,2021,21,19493184,3081,650,2309.936066,771.0639344,2431,3.334498869,3.955556642,0.33380315
Chile,Chile,0,31-05-2021,06-06-2021,7,2021,22,19493184,3017,769,2341.436066,675.5639344,2248,3.944968662,3.465641808,0.288525467
Chile,Chile,0,07-06-2021,13-06-2021,7,2021,23,19493184,3132,770,2444.186066,687.8139344,2362,3.95009866,3.528484287,0.281408173
Chile,Chile,0,14-06-2021,20-06-2021,7,2021,24,19493184,3182,806,2548.686066,633.3139344,2376,4.134778597,3.248899382,0.248486443
Chile,Chile,0,21-06-2021,27-06-2021,7,2021,25,19493184,3196,785,2558.936066,637.0639344,2411,4.027048634,3.268136875,0.248956566
Chile,Chile,0,28-06-2021,04-07-2021,7,2021,26,19493184,3327,805,2574.186066,752.8139344,2522,4.129648599,3.861934174,0.292447366
Chile,Chile,0,05-07-2021,11-07-2021,7,2021,27,19493184,3120,774,2523.436066,596.5639344,2346,3.970618653,3.060371946,0.236409372
Chile,Chile,0,12-07-2021,18-07-2021,7,2021,28,19493184,3043,637,2494.186066,548.8139344,2406,3.267808892,2.815414529,0.220037287
Chile,Chile,0,19-07-2021,25-07-2021,7,2021,29,19493184,2868,512,2558.186066,309.8139344,2356,2.626559109,1.589344945,0.121106881
Chile,Chile,0,26-07-2021,01-08-2021,7,2021,30,19493184,2749,502,2503.186066,245.8139344,2247,2.575259126,1.261025056,0.098200425
Chile,Chile,0,02-08-2021,08-08-2021,7,2021,31,19493184,2640,488,2477.436066,162.5639344,2152,2.503439151,0.833952701,0.065617812
Chile,Chile,0,09-08-2021,15-08-2021,7,2021,32,19493184,2628,364,2411.186066,216.8139344,2264,1.867319367,1.112255106,0.089920035
Chile,Chile,0,16-08-2021,22-08-2021,7,2021,33,19493184,2613,270,2378.436066,234.5639344,2343,1.38509953,1.203312575,0.09862108
Chile,Chile,0,23-08-2021,29-08-2021,7,2021,34,19493184,2362,235,2356.436066,5.563934426,2127,1.205549591,0.028542974,0.002361165
Chile,Chile,0,30-08-2021,05-09-2021,7,2021,35,19493184,2339,205,2288.436066,50.56393443,2134,1.051649643,0.259392896,0.022095411
Chile,Chile,0,06-09-2021,12-09-2021,7,2021,36,19493184,2397,142,2346.686066,50.31393443,2255,0.728459753,0.258110396,0.02144042
Chile,Chile,0,13-09-2021,19-09-2021,7,2021,37,19493184,2389,127,2287.686066,101.3139344,2262,0.651509779,0.519740307,0.044286642
Chile,Chile,0,20-09-2021,26-09-2021,7,2021,38,19493184,2361,81,2347.186066,13.81393443,2280,0.415529859,0.07086546,0.005885317
Chile,Chile,0,27-09-2021,03-10-2021,7,2021,39,19493184,2250,54,2255.936066,-5.936065574,2196,0.277019906,-0.030452006,-0.002631309
Chile,Chile,0,04-10-2021,10-10-2021,7,2021,40,19493184,2327,283,2202.686066,124.3139344,2044,1.451789508,0.637730267,0.056437427
Chile,Chile,0,11-10-2021,17-10-2021,7,2021,41,19493184,2362,45,2138.936066,223.0639344,2317,0.230849922,1.144317595,0.104287331
Chile,Chile,0,18-10-2021,24-10-2021,7,2021,42,19493184,2222,60,2114.686066,107.3139344,2162,0.307799896,0.550520297,0.050746981
Chile,Chile,0,25-10-2021,31-10-2021,7,2021,43,19493184,2405,88,2091.436066,313.5639344,2317,0.451439847,1.608582438,0.149927573
Chile,Chile,0,01-11-2021,07-11-2021,7,2021,44,19493184,2248,105,2075.436066,172.5639344,2143,0.538649817,0.885252683,0.083145869
Chile,Chile,0,08-11-2021,14-11-2021,7,2021,45,19493184,2395,113,2079.936066,315.0639344,2282,0.579689803,1.616277435,0.151477701
Chile,Chile,0,15-11-2021,21-11-2021,7,2021,46,19493184,2362,142,2031.436066,330.5639344,2220,0.728459753,1.695792408,0.162724262
Chile,Chile,0,22-11-2021,28-11-2021,7,2021,47,19493184,2405,196,2075.686066,329.3139344,2209,1.005479659,1.689379911,0.158653054
Chile,Chile,0,29-11-2021,05-12-2021,7,2021,48,19493184,2539,188,2029.186066,509.8139344,2351,0.964439673,2.615344596,0.251240605
Chile,Chile,0,06-12-2021,12-12-2021,7,2021,49,19493184,2383,185,1983.686066,399.3139344,2198,0.949049678,2.048479789,0.201298956
Chile,Chile,0,13-12-2021,19-12-2021,7,2021,50,19493184,2426,178,2023.436066,402.5639344,2248,0.91313969,2.065152283,0.198950657
Chile,Chile,0,20-12-2021,26-12-2021,7,2021,51,19493184,2419,170,2017.186066,401.8139344,2249,0.872099704,2.061304784,0.199195276
Chile,Chile,0,27-12-2021,02-01-2022,7,2021,52,19493184,2420,128,1944.936066,475.0639344,2292,0.656639777,2.437077157,0.244256838
Chile,Chile,0,03-01-2022,09-01-2022,7,2022,1,19493184,2479,110,2119.698361,359.3016393,2369,0.564299809,1.843216785,0.169506023
Chile,Chile,0,10-01-2022,16-01-2022,7,2022,2,19493184,2487,122,2038.098361,448.9016393,2365,0.625859788,2.302864629,0.22025514
Chile,Chile,0,17-01-2022,23-01-2022,7,2022,3,19493184,2418,118,2078.498361,339.5016393,2300,0.605339795,1.741642819,0.163339864
Chile,Chile,0,24-01-2022,30-01-2022,7,2022,4,19493184,2660,172,2073.298361,586.7016393,2488,0.882359701,3.009778389,0.28297984
Chile,Chile,0,31-01-2022,06-02-2022,7,2022,5,19493184,2909,303,2078.298361,830.7016393,2606,1.554389473,4.261497964,0.399702783
Chile,Chile,0,07-02-2022,13-02-2022,7,2022,6,19493184,3032,571,2020.498361,1011.501639,2461,2.929229006,5.18900165,0.500619876
Chile,Chile,0,14-02-2022,20-02-2022,7,2022,7,19493184,3241,789,2000.898361,1240.101639,2452,4.047568627,6.361719252,0.61977243
Chile,Chile,0,21-02-2022,27-02-2022,7,2022,8,19493184,3265,853,2036.698361,1228.301639,2412,4.375888516,6.301185272,0.60308471
Chile,Chile,0,28-02-2022,06-03-2022,7,2022,9,19493184,3100,877,1954.060656,1145.939344,2223,4.499008474,5.878666842,0.586440007
Chile,Chile,0,07-03-2022,13-03-2022,7,2022,10,19493184,2873,802,1960.810656,912.1893443,2071,4.114258604,4.679529749,0.465210316
Chile,Chile,0,14-03-2022,20-03-2022,7,2022,11,19493184,2675,639,1966.810656,708.1893443,2036,3.278068888,3.633010104,0.360069914
Chile,Chile,0,21-03-2022,27-03-2022,7,2022,12,19493184,2556,416,1977.560656,578.4393443,2140,2.134079276,2.96739283,0.292501442
Chile,Chile,0,28-03-2022,03-04-2022,7,2022,13,19493184,2481,369,2013.060656,467.9393443,2112,1.892969358,2.400528022,0.232451686
Chile,Chile,0,04-04-2022,10-04-2022,7,2022,14,19493184,2468,291,2058.060656,409.9393443,2177,1.492829494,2.102988123,0.199187202
Chile,Chile,0,11-04-2022,17-04-2022,7,2022,15,19493184,2251,222,2123.060656,127.9393443,2029,1.138859614,0.656328613,0.060261747
Chile,Chile,0,18-04-2022,24-04-2022,7,2022,16,19493184,2418,112,2080.560656,337.4393443,2306,0.574559805,1.731063249,0.162186737
Chile,Chile,0,25-04-2022,01-05-2022,7,2022,17,19493184,2282,164,2156.060656,125.9393443,2118,0.841319715,0.646068617,0.058411782
Chile,Chile,0,02-05-2022,08-05-2022,7,2022,18,19493184,2439,90,2150.810656,288.1893443,2349,0.461699843,1.478410835,0.133991034
Chile,Chile,0,09-05-2022,15-05-2022,7,2022,19,19493184,2510,93,2127.060656,382.9393443,2417,0.477089838,1.96447817,0.180032169
Chile,Chile,0,16-05-2022,22-05-2022,7,2022,20,19493184,2490,80,2208.810656,281.1893443,2410,0.410399861,1.442500847,0.127303508
Chile,Chile,0,23-05-2022,29-05-2022,7,2022,21,19493184,2462,75,2348.060656,113.9393443,2387,0.384749869,0.584508638,0.048524873
Chile,Chile,0,30-05-2022,05-06-2022,7,2022,22,19493184,2886,96,2379.560656,506.4393443,2790,0.492479833,2.598032955,0.212828928
Chile,Chile,0,06-06-2022,12-06-2022,7,2022,23,19493184,2757,122,2482.310656,274.6893443,2635,0.625859788,1.409155858,0.11065873
Chile,Chile,0,13-06-2022,19-06-2022,7,2022,24,19493184,2860,156,2586.810656,273.1893443,2704,0.800279729,1.401460861,0.105608558
Chile,Chile,0,20-06-2022,26-06-2022,7,2022,25,19493184,2796,165,2597.060656,198.9393443,2631,0.846449713,1.02055849,0.076601732
Chile,Chile,0,27-06-2022,03-07-2022,7,2022,26,19493184,2845,173,2612.310656,232.6893443,2672,0.887489699,1.193695931,0.089074147
Chile,Chile,0,04-07-2022,10-07-2022,7,2022,27,19493184,2850,229,2561.560656,288.4393443,2621,1.174769602,1.479693334,0.112602973
Colombia,Colombia,0,30-12-2019,05-01-2020,7,2020,1,51516562,5019,0,5095.653558,-76.65355805,5019,0,-0.148794009,-0.01504293
Colombia,Colombia,0,06-01-2020,12-01-2020,7,2020,2,51516562,5057,0,4921.320225,135.6797753,5057,0,0.263371176,0.027569792
Colombia,Colombia,0,13-01-2020,19-01-2020,7,2020,3,51516562,4945,0,4917.653558,27.34644195,4945,0,0.053082816,0.005560872
Colombia,Colombia,0,20-01-2020,26-01-2020,7,2020,4,51516562,4806,0,4783.153558,22.84644195,4806,0,0.044347761,0.004776439
Colombia,Colombia,0,27-01-2020,02-02-2020,7,2020,5,51516562,4656,0,4666.653558,-10.65355805,4656,0,-0.02067987,-0.002282912
Colombia,Colombia,0,03-02-2020,09-02-2020,7,2020,6,51516562,4755,0,4636.986891,118.0131086,4755,0,0.229077998,0.025450387
Colombia,Colombia,0,10-02-2020,16-02-2020,7,2020,7,51516562,4724,0,4591.653558,132.3464419,4724,0,0.256900765,0.028823264
Colombia,Colombia,0,17-02-2020,23-02-2020,7,2020,8,51516562,4723,0,4587.820225,135.1797753,4723,0,0.262400615,0.029464924
Colombia,Colombia,0,24-02-2020,01-03-2020,7,2020,9,51516562,4565,0,4597.98427,-32.98426966,4565,0,-0.064026535,-0.007173637
Colombia,Colombia,0,02-03-2020,08-03-2020,7,2020,10,51516562,4563,0,4638.58427,-75.58426966,4563,0,-0.146718389,-0.016294685
Colombia,Colombia,0,09-03-2020,15-03-2020,7,2020,11,51516562,4475,0,4676.18427,-201.1842697,4475,0,-0.390523478,-0.04302317
Colombia,Colombia,0,16-03-2020,22-03-2020,7,2020,12,51516562,4524,2,4621.58427,-97.58426966,4522,0.003882247,-0.189423102,-0.021114896
Colombia,Colombia,0,23-03-2020,29-03-2020,7,2020,13,51516562,4356,8,4636.98427,-280.9842697,4348,0.015528987,-0.545425119,-0.060596339
Colombia,Colombia,0,30-03-2020,05-04-2020,7,2020,14,51516562,4210,25,4608.78427,-398.7842697,4185,0.048528083,-0.774089447,-0.086526999
Colombia,Colombia,0,06-04-2020,12-04-2020,7,2020,15,51516562,4274,74,4589.18427,-315.1842697,4200,0.143643126,-0.611811537,-0.068679803
Colombia,Colombia,0,13-04-2020,19-04-2020,7,2020,16,51516562,4371,70,4590.58427,-219.5842697,4301,0.135878633,-0.426240147,-0.047833621
Colombia,Colombia,0,20-04-2020,26-04-2020,7,2020,17,51516562,4349,65,4595.78427,-246.7842697,4284,0.126173016,-0.479038702,-0.053697966
Colombia,Colombia,0,27-04-2020,03-05-2020,7,2020,18,51516562,4294,96,4659.78427,-365.7842697,4198,0.186347839,-0.710032377,-0.078498112
Colombia,Colombia,0,04-05-2020,10-05-2020,7,2020,19,51516562,4484,123,4697.98427,-213.9842697,4361,0.238758169,-0.415369857,-0.045548103
Colombia,Colombia,0,11-05-2020,17-05-2020,7,2020,20,51516562,4610,111,4845.78427,-235.7842697,4499,0.215464689,-0.457686345,-0.048657608
Colombia,Colombia,0,18-05-2020,24-05-2020,7,2020,21,51516562,4724,153,4804.38427,-80.38426966,4571,0.296991868,-0.156035781,-0.016731441
Colombia,Colombia,0,25-05-2020,31-05-2020,7,2020,22,51516562,4766,212,4812.98427,-46.98426966,4554,0.411518144,-0.091202262,-0.009761983
Colombia,Colombia,0,01-06-2020,07-06-2020,7,2020,23,51516562,5186,320,4869.78427,316.2157303,4866,0.621159463,0.613813729,0.064934238
Colombia,Colombia,0,08-06-2020,14-06-2020,7,2020,24,51516562,5378,408,4835.58427,542.4157303,4970,0.791978316,1.052895825,0.112171705
Colombia,Colombia,0,15-06-2020,21-06-2020,7,2020,25,51516562,5818,570,4879.78427,938.2157303,5248,1.106440294,1.821192436,0.192265821
Colombia,Colombia,0,22-06-2020,28-06-2020,7,2020,26,51516562,6158,941,4922.78427,1235.21573,5217,1.826597047,2.397706063,0.250918111
Colombia,Colombia,0,29-06-2020,05-07-2020,7,2020,27,51516562,6281,886,4885.98427,1395.01573,5395,1.719835264,2.70789757,0.285513758
Colombia,Colombia,0,06-07-2020,12-07-2020,7,2020,28,51516562,6790,1243,4869.78427,1920.21573,5547,2.41281629,3.727375539,0.394312278
Colombia,Colombia,0,13-07-2020,19-07-2020,7,2020,29,51516562,7367,1429,4768.58427,2598.41573,5938,2.773865228,5.043845376,0.54490297
Colombia,Colombia,0,20-07-2020,26-07-2020,7,2020,30,51516562,7763,1789,4647.78427,3115.21573,5974,3.472669624,6.047017909,0.670258246
Colombia,Colombia,0,27-07-2020,02-08-2020,7,2020,31,51516562,8130,2125,4685.78427,3444.21573,6005,4.124887061,6.685647482,0.735035062
Colombia,Colombia,0,03-08-2020,09-08-2020,7,2020,32,51516562,7922,2192,4765.58427,3156.41573,5730,4.254942323,6.12699219,0.662335519
Colombia,Colombia,0,10-08-2020,16-08-2020,7,2020,33,51516562,7692,2255,4724.38427,2967.61573,5437,4.377233093,5.760508107,0.628148677
Colombia,Colombia,0,17-08-2020,23-08-2020,7,2020,34,51516562,7194,2219,4658.78427,2535.21573,4975,4.307352653,4.921166382,0.544179679
Colombia,Colombia,0,24-08-2020,30-08-2020,7,2020,35,51516562,6840,2047,4678.98427,2161.01573,4793,3.973479441,4.194798035,0.461855737
Colombia,Colombia,0,31-08-2020,06-09-2020,7,2020,36,51516562,6612,2049,4671.78427,1940.21573,4563,3.977361688,3.766198005,0.415305078
Colombia,Colombia,0,07-09-2020,13-09-2020,7,2020,37,51516562,6425,1512,4636.98427,1788.01573,4913,2.934978464,3.470759035,0.385598835
Colombia,Colombia,0,14-09-2020,20-09-2020,7,2020,38,51516562,6290,1284,4697.38427,1592.61573,5006,2.492402346,3.091463538,0.339043101
Colombia,Colombia,0,21-09-2020,27-09-2020,7,2020,39,51516562,6201,1280,4581.18427,1619.81573,4921,2.484637853,3.144262093,0.35358013
Colombia,Colombia,0,28-09-2020,04-10-2020,7,2020,40,51516562,6053,1224,4631.58427,1421.41573,4829,2.375934947,2.759143225,0.306896225
Colombia,Colombia,0,05-10-2020,11-10-2020,7,2020,41,51516562,6224,1122,4665.58427,1558.41573,5102,2.177940368,3.025077121,0.334023702
Colombia,Colombia,0,12-10-2020,18-10-2020,7,2020,42,51516562,6227,1136,4648.98427,1578.01573,5091,2.205116095,3.063123138,0.339432366
Colombia,Colombia,0,19-10-2020,25-10-2020,7,2020,43,51516562,6348,1184,4569.98427,1778.01573,5164,2.298290014,3.451347802,0.389063862
Colombia,Colombia,0,26-10-2020,01-11-2020,7,2020,44,51516562,6126,1361,4683.78427,1442.21573,4765,2.641868842,2.79951859,0.307916771
Colombia,Colombia,0,02-11-2020,08-11-2020,7,2020,45,51516562,6302,1276,4701.58427,1600.41573,5026,2.47687336,3.1066043,0.340399244
Colombia,Colombia,0,09-11-2020,15-11-2020,7,2020,46,51516562,6169,1240,4709.98427,1459.01573,4929,2.40699292,2.832129462,0.309770829
Colombia,Colombia,0,16-11-2020,22-11-2020,7,2020,47,51516562,6280,1256,4740.38427,1539.61573,5024,2.438050893,2.988584002,0.324787115
Colombia,Colombia,0,23-11-2020,29-11-2020,7,2020,48,51516562,6310,1297,4779.58427,1530.41573,5013,2.517636949,2.970725667,0.320198503
Colombia,Colombia,0,30-11-2020,06-12-2020,7,2020,49,51516562,6247,1224,4914.58427,1332.41573,5023,2.375934947,2.58638325,0.271114637
Colombia,Colombia,0,07-12-2020,13-12-2020,7,2020,50,51516562,6683,1245,4915.58427,1767.41573,5438,2.416698537,3.430771895,0.359553541
Colombia,Colombia,0,14-12-2020,20-12-2020,7,2020,51,51516562,6727,1422,4940.38427,1786.61573,5305,2.760277365,3.468041463,0.361634973
Colombia,Colombia,0,21-12-2020,27-12-2020,7,2020,52,51516562,7232,1696,5102.38427,2129.61573,5536,3.292145155,4.133846762,0.417376587
Colombia,Colombia,0,28-12-2020,03-01-2021,7,2020,53,51516562,7881,1794,5114.926966,2766.073034,6087,3.482375241,5.369288878,0.540784463
Colombia,Colombia,0,04-01-2021,10-01-2021,7,2021,1,51516562,8048,2149,5215.181648,2832.818352,5899,4.17147402,5.498849772,0.5431869
Colombia,Colombia,0,11-01-2021,17-01-2021,7,2021,2,51516562,8528,2517,5040.848315,3487.151685,6011,4.885807403,6.768991466,0.691778738
Colombia,Colombia,0,18-01-2021,24-01-2021,7,2021,3,51516562,8565,2743,5037.181648,3527.818352,5822,5.324501274,6.847930481,0.700355595
Colombia,Colombia,0,25-01-2021,31-01-2021,7,2021,4,51516562,7745,2609,4902.681648,2842.318352,5136,5.064390749,5.517290444,0.579747688
Colombia,Colombia,0,01-02-2021,07-02-2021,7,2021,5,51516562,7094,2010,4786.181648,2307.818352,5084,3.901657878,4.479760028,0.482183611
Colombia,Colombia,0,08-02-2021,14-02-2021,7,2021,6,51516562,6400,1612,4756.514981,1643.485019,4788,3.129090796,3.1902071,0.345522935
Colombia,Colombia,0,15-02-2021,21-02-2021,7,2021,7,51516562,5965,1229,4711.181648,1253.818352,4736,2.385640564,2.433816046,0.266136703
Colombia,Colombia,0,22-02-2021,28-02-2021,7,2021,8,51516562,5618,932,4707.348315,910.6516854,4686,1.809126937,1.767687225,0.193453219
Colombia,Colombia,0,01-03-2021,07-03-2021,7,2021,9,51516562,5617,737,4717.51236,899.4876404,4880,1.430607889,1.746016437,0.190669906
Colombia,Colombia,0,08-03-2021,14-03-2021,7,2021,10,51516562,5361,640,4758.11236,602.8876404,4721,1.242318926,1.17027926,0.126707315
Colombia,Colombia,0,15-03-2021,21-03-2021,7,2021,11,51516562,5646,885,4795.71236,850.2876404,4761,1.717894141,1.65051317,0.177301635
Colombia,Colombia,0,22-03-2021,28-03-2021,7,2021,12,51516562,6007,927,4741.11236,1265.88764,5080,1.79942132,2.457244023,0.267002244
Colombia,Colombia,0,29-03-2021,04-04-2021,7,2021,13,51516562,6549,1139,4756.51236,1792.48764,5410,2.210939464,3.479439564,0.37684915
Colombia,Colombia,0,05-04-2021,11-04-2021,7,2021,14,51516562,7271,1795,4728.31236,2542.68764,5476,3.484316364,4.935670281,0.537757967
Colombia,Colombia,0,12-04-2021,18-04-2021,7,2021,15,51516562,8512,2439,4708.71236,3803.28764,6073,4.734399784,7.382650342,0.807712884
Colombia,Colombia,0,19-04-2021,25-04-2021,7,2021,16,51516562,8864,3023,4710.11236,4153.88764,5841,5.868015804,8.063208178,0.881908397
Colombia,Colombia,0,26-04-2021,02-05-2021,7,2021,17,51516562,8853,3126,4715.31236,4137.68764,5727,6.067951507,8.031761981,0.877500222
Colombia,Colombia,0,03-05-2021,09-05-2021,7,2021,18,51516562,8969,3377,4779.31236,4189.68764,5592,6.555173461,8.132700393,0.876629801
Colombia,Colombia,0,10-05-2021,16-05-2021,7,2021,19,51516562,9064,3446,4817.51236,4246.48764,5618,6.68911097,8.242956198,0.881468966
Colombia,Colombia,0,17-05-2021,23-05-2021,7,2021,20,51516562,9138,3424,4965.31236,4172.68764,5714,6.646406257,8.099701297,0.840367602
Colombia,Colombia,0,24-05-2021,30-05-2021,7,2021,21,51516562,9385,3558,4923.91236,4461.08764,5827,6.906516782,8.659521263,0.90600468
Colombia,Colombia,0,31-05-2021,06-06-2021,7,2021,22,51516562,9865,3679,4932.51236,4932.48764,6186,7.141392704,9.574566797,0.999994989
Colombia,Colombia,0,07-06-2021,13-06-2021,7,2021,23,51516562,10191,3817,4989.31236,5201.68764,6374,7.409267722,10.0971172,1.042566042
Colombia,Colombia,0,14-06-2021,20-06-2021,7,2021,24,51516562,10555,4156,4955.11236,5599.88764,6399,8.067308529,10.8700725,1.130123241
Colombia,Colombia,0,21-06-2021,27-06-2021,7,2021,25,51516562,10592,4744,4999.31236,5592.68764,5848,9.208689043,10.85609642,1.11869138
Colombia,Colombia,0,28-06-2021,04-07-2021,7,2021,26,51516562,10400,4218,5042.31236,5357.68764,6182,8.187658175,10.39993243,1.062545764
Colombia,Colombia,0,05-07-2021,11-07-2021,7,2021,27,51516562,9691,3930,5005.51236,4685.48764,5761,7.628614658,9.095109337,0.936065542
Colombia,Colombia,0,12-07-2021,18-07-2021,7,2021,28,51516562,8876,3481,4989.31236,3886.68764,5395,6.757050286,7.544540027,0.779002668
Colombia,Colombia,0,19-07-2021,25-07-2021,7,2021,29,51516562,7746,2561,4888.11236,2857.88764,5185,4.971216829,5.547512352,0.584660791
Colombia,Colombia,0,26-07-2021,01-08-2021,7,2021,30,51516562,7123,2130,4767.31236,2355.68764,4993,4.134592677,4.57268022,0.494133269
Colombia,Colombia,0,02-08-2021,08-08-2021,7,2021,31,51516562,6364,1460,4805.31236,1558.68764,4904,2.834040051,3.025604932,0.324367601
Colombia,Colombia,0,09-08-2021,15-08-2021,7,2021,32,51516562,5875,1001,4885.11236,989.8876404,4874,1.943064446,1.921493986,0.202633546
Colombia,Colombia,0,16-08-2021,22-08-2021,7,2021,33,51516562,5647,757,4843.91236,803.0876404,4890,1.469430355,1.558892149,0.165793181
Colombia,Colombia,0,23-08-2021,29-08-2021,7,2021,34,51516562,5363,595,4778.31236,584.6876404,4768,1.154968377,1.134950815,0.122362792
Colombia,Colombia,0,30-08-2021,05-09-2021,7,2021,35,51516562,5125,467,4798.51236,326.4876404,4658,0.906504592,0.633752773,0.068039346
Colombia,Colombia,0,06-09-2021,12-09-2021,7,2021,36,51516562,5083,369,4791.31236,291.6876404,4714,0.716274506,0.566201682,0.060878444
Colombia,Colombia,0,13-09-2021,19-09-2021,7,2021,37,51516562,5016,248,4756.51236,259.4876404,4768,0.481398584,0.503697511,0.054554182
Colombia,Colombia,0,20-09-2021,26-09-2021,7,2021,38,51516562,5250,250,4816.91236,433.0876404,5000,0.485280831,0.84067652,0.089909803
Colombia,Colombia,0,27-09-2021,03-10-2021,7,2021,39,51516562,5026,256,4700.71236,325.2876404,4770,0.496927571,0.631423425,0.069199648
Colombia,Colombia,0,04-10-2021,10-10-2021,7,2021,40,51516562,5163,222,4751.11236,411.8876404,4941,0.430929378,0.799524705,0.086692886
Colombia,Colombia,0,11-10-2021,17-10-2021,7,2021,41,51516562,5087,242,4785.11236,301.8876404,4845,0.469751844,0.58600114,0.063088935
Colombia,Colombia,0,18-10-2021,24-10-2021,7,2021,42,51516562,5021,202,4768.51236,252.4876404,4819,0.392106911,0.490109648,0.052948933
Colombia,Colombia,0,25-10-2021,31-10-2021,7,2021,43,51516562,5049,214,4689.51236,359.4876404,4835,0.415400391,0.697809843,0.076657787
Colombia,Colombia,0,01-11-2021,07-11-2021,7,2021,44,51516562,5138,252,4803.31236,334.6876404,4886,0.489163077,0.649669985,0.069678508
Colombia,Colombia,0,08-11-2021,14-11-2021,7,2021,45,51516562,5308,276,4821.11236,486.8876404,5032,0.535750037,0.945108954,0.100990727
Colombia,Colombia,0,15-11-2021,21-11-2021,7,2021,46,51516562,5299,284,4829.51236,469.4876404,5015,0.551279024,0.911333409,0.097212225
Colombia,Colombia,0,22-11-2021,28-11-2021,7,2021,47,51516562,5289,344,4859.91236,429.0876404,4945,0.667746423,0.832912026,0.08829123
Colombia,Colombia,0,29-11-2021,05-12-2021,7,2021,48,51516562,5505,343,4899.11236,605.8876404,5162,0.6658053,1.17610263,0.123672942
Colombia,Colombia,0,06-12-2021,12-12-2021,7,2021,49,51516562,5616,327,5034.11236,581.8876404,5289,0.634747327,1.12951567,0.115588926
Colombia,Colombia,0,13-12-2021,19-12-2021,7,2021,50,51516562,5494,351,5035.11236,458.8876404,5143,0.681334286,0.890757501,0.091137517
Colombia,Colombia,0,20-12-2021,26-12-2021,7,2021,51,51516562,5883,303,5059.91236,823.0876404,5580,0.588160367,1.597714615,0.162668359
Colombia,Colombia,0,27-12-2021,02-01-2022,7,2021,52,51516562,5946,265,5221.91236,724.0876404,5681,0.51439768,1.405543407,0.138663308
Colombia,Colombia,0,03-01-2022,09-01-2022,7,2022,1,51516562,6375,312,5334.709738,1040.290262,6063,0.605630477,2.01933169,0.195004098
Colombia,Colombia,0,10-01-2022,16-01-2022,7,2022,2,51516562,7053,658,5160.376404,1892.623596,6395,1.277259146,3.673815802,0.366760765
Colombia,Colombia,0,17-01-2022,23-01-2022,7,2022,3,51516562,7865,1244,5156.709738,2708.290262,6621,2.414757413,5.257125392,0.525197345
Colombia,Colombia,0,24-01-2022,30-01-2022,7,2022,4,51516562,8264,1839,5022.209738,3241.790262,6425,3.56972579,6.292714685,0.645490816
Colombia,Colombia,0,31-01-2022,06-02-2022,7,2022,5,51516562,7708,1678,4905.709738,2802.290262,6030,3.257204935,5.439590985,0.571230344
Colombia,Colombia,0,07-02-2022,13-02-2022,7,2022,6,51516562,6872,1358,4876.043071,1995.956929,5514,2.636045472,3.874398546,0.409339479
Colombia,Colombia,0,14-02-2022,20-02-2022,7,2022,7,51516562,6091,991,4830.709738,1260.290262,5100,1.923653213,2.446378821,0.260891325
Colombia,Colombia,0,21-02-2022,27-02-2022,7,2022,8,51516562,5436,587,4826.876404,609.1235955,4849,1.13943939,1.182384018,0.126194156
Colombia,Colombia,0,28-02-2022,06-03-2022,7,2022,9,51516562,5173,398,4837.040449,335.9595506,4775,0.772567082,0.652138919,0.069455601
Colombia,Colombia,0,07-03-2022,13-03-2022,7,2022,10,51516562,5053,206,4877.640449,175.3595506,4847,0.399871404,0.340394513,0.035951717
Colombia,Colombia,0,14-03-2022,20-03-2022,7,2022,11,51516562,4957,155,4915.240449,41.75955056,4802,0.300874115,0.081060438,0.008495932
Colombia,Colombia,0,21-03-2022,27-03-2022,7,2022,12,51516562,4958,121,4860.640449,97.35955056,4837,0.234875922,0.188986894,0.02003019
Colombia,Colombia,0,28-03-2022,03-04-2022,7,2022,13,51516562,4876,87,4876.040449,-0.040449438,4789,0.168877729,-7.85173E-05,-8.29555E-06
Colombia,Colombia,0,04-04-2022,10-04-2022,7,2022,14,51516562,4908,59,4847.840449,60.15955056,4849,0.114526276,0.116777107,0.012409557
Colombia,Colombia,0,11-04-2022,17-04-2022,7,2022,15,51516562,4770,30,4828.240449,-58.24044944,4740,0.0582337,-0.113051895,-0.012062458
Colombia,Colombia,0,18-04-2022,24-04-2022,7,2022,16,51516562,4978,29,4829.640449,148.3595506,4949,0.056292576,0.287984184,0.03071855
Colombia,Colombia,0,25-04-2022,01-05-2022,7,2022,17,51516562,4915,19,4834.840449,80.15955056,4896,0.036881343,0.155599573,0.016579565
Colombia,Colombia,0,02-05-2022,08-05-2022,7,2022,18,51516562,5151,12,4898.840449,252.1595506,5139,0.02329348,0.489472785,0.051473314
Colombia,Colombia,0,09-05-2022,15-05-2022,7,2022,19,51516562,5113,12,4937.040449,175.9595506,5101,0.02329348,0.341559187,0.035640695
Colombia,Colombia,0,16-05-2022,22-05-2022,7,2022,20,51516562,5103,12,5084.840449,18.15955056,5091,0.02329348,0.035249927,0.003571312
Colombia,Colombia,0,23-05-2022,29-05-2022,7,2022,21,51516562,5142,21,5043.440449,98.55955056,5121,0.04076359,0.191316242,0.019542126
Colombia,Colombia,0,30-05-2022,05-06-2022,7,2022,22,51516562,5268,13,5052.040449,215.9595506,5255,0.025234603,0.41920412,0.042746996
Colombia,Colombia,0,06-06-2022,12-06-2022,7,2022,23,51516562,5322,27,5108.840449,213.1595506,5295,0.05241033,0.413768975,0.041723666
Colombia,Colombia,0,13-06-2022,19-06-2022,7,2022,24,51516562,5328,24,5074.640449,253.3595506,5304,0.04658696,0.491802133,0.049926601
Colombia,Colombia,0,20-06-2022,26-06-2022,7,2022,25,51516562,5341,52,5118.840449,222.1595506,5289,0.100938413,0.431239085,0.043400366
Colombia,Colombia,0,27-06-2022,03-07-2022,7,2022,26,51516562,5348,100,5161.840449,186.1595506,5248,0.194112332,0.361358645,0.036064569
Colombia,Colombia,0,04-07-2022,10-07-2022,7,2022,27,51516562,5845,132,5125.040449,719.9595506,5713,0.256228279,1.397530275,0.140478804
Croatia,Croatia,0,30-12-2019,05-01-2020,7,2020,1,4060135,1033,0,1152.056414,-119.0564139,1033,0,-2.932326483,-0.103342521
Croatia,Croatia,0,06-01-2020,12-01-2020,7,2020,2,4060135,1056,0,1198.056414,-142.0564139,1056,0,-3.49881011,-0.118572391
Croatia,Croatia,0,13-01-2020,19-01-2020,7,2020,3,4060135,1016,0,1187.056414,-171.0564139,1016,0,-4.213072074,-0.144101335
Croatia,Croatia,0,20-01-2020,26-01-2020,7,2020,4,4060135,1134,0,1190.723081,-56.72308052,1134,0,-1.397073756,-0.047637508
Croatia,Croatia,0,27-01-2020,02-02-2020,7,2020,5,4060135,1094,0,1151.556414,-57.55641386,1094,0,-1.417598525,-0.049981411
Croatia,Croatia,0,03-02-2020,09-02-2020,7,2020,6,4060135,1059,0,1116.723081,-57.72308052,1059,0,-1.421703478,-0.0516897
Croatia,Croatia,0,10-02-2020,16-02-2020,7,2020,7,4060135,1091,0,1104.556414,-13.55641386,1091,0,-0.333890717,-0.012273175
Croatia,Croatia,0,17-02-2020,23-02-2020,7,2020,8,4060135,1045,0,1077.556414,-32.55641386,1045,0,-0.801855452,-0.030213187
Croatia,Croatia,0,24-02-2020,01-03-2020,7,2020,9,4060135,1021,0,1085.267697,-64.26769663,1021,0,-1.58289556,-0.059218289
Croatia,Croatia,0,02-03-2020,08-03-2020,7,2020,10,4060135,1056,0,1096.267697,-40.26769663,1056,0,-0.99178221,-0.036731627
Croatia,Croatia,0,09-03-2020,15-03-2020,7,2020,11,4060135,1082,0,1060.067697,21.93230337,1082,0,0.540186555,0.020689531
Croatia,Croatia,0,16-03-2020,22-03-2020,7,2020,12,4060135,1094,1,1032.067697,61.93230337,1093,0.024629723,1.525375471,0.060007985
Croatia,Croatia,0,23-03-2020,29-03-2020,7,2020,13,4060135,1122,5,1005.667697,116.3323034,1117,0.123148615,2.865232397,0.115676683
Croatia,Croatia,0,30-03-2020,05-04-2020,7,2020,14,4060135,1012,9,1014.467697,-2.467696629,1003,0.221667506,-0.060778684,-0.002432504
Croatia,Croatia,0,06-04-2020,12-04-2020,7,2020,15,4060135,1001,8,963.8676966,37.13230337,993,0.197037783,0.914558343,0.038524274
Croatia,Croatia,0,13-04-2020,19-04-2020,7,2020,16,4060135,978,24,930.8676966,47.13230337,954,0.59111335,1.160855572,0.050632655
Croatia,Croatia,0,20-04-2020,26-04-2020,7,2020,17,4060135,868,8,981.4676966,-113.4676966,860,0.197037783,-2.794677926,-0.11561022
Croatia,Croatia,0,27-04-2020,03-05-2020,7,2020,18,4060135,909,24,937.6676966,-28.66769663,885,0.59111335,-0.706077424,-0.030573408
Croatia,Croatia,0,04-05-2020,10-05-2020,7,2020,19,4060135,880,11,916.2676966,-36.26769663,869,0.270926952,-0.893263318,-0.039581988
Croatia,Croatia,0,11-05-2020,17-05-2020,7,2020,20,4060135,908,5,909.2676966,-1.267696629,903,0.123148615,-0.031223017,-0.001394195
Croatia,Croatia,0,18-05-2020,24-05-2020,7,2020,21,4060135,904,4,913.2676966,-9.267696629,900,0.098518892,-0.2282608,-0.010147842
Croatia,Croatia,0,25-05-2020,31-05-2020,7,2020,22,4060135,848,4,897.0676966,-49.06769663,844,0.098518892,-1.208523771,-0.054697875
Croatia,Croatia,0,01-06-2020,07-06-2020,7,2020,23,4060135,972,1,917.6676966,54.33230337,971,0.024629723,1.338189577,0.059206948
Croatia,Croatia,0,08-06-2020,14-06-2020,7,2020,24,4060135,979,3,908.8676966,70.13230337,976,0.073889169,1.727339199,0.07716448
Croatia,Croatia,0,15-06-2020,21-06-2020,7,2020,25,4060135,889,0,889.6676966,-0.667696629,889,0,-0.016445183,-0.000750501
Croatia,Croatia,0,22-06-2020,28-06-2020,7,2020,26,4060135,927,0,880.6676966,46.33230337,927,0,1.141151793,0.052610427
Croatia,Croatia,0,29-06-2020,05-07-2020,7,2020,27,4060135,970,6,919.6676966,50.33230337,964,0.147778337,1.239670685,0.054728793
Croatia,Croatia,0,06-07-2020,12-07-2020,7,2020,28,4060135,919,6,917.4676966,1.532303371,913,0.147778337,0.037740207,0.001670144
Croatia,Croatia,0,13-07-2020,19-07-2020,7,2020,29,4060135,888,1,923.2676966,-35.26769663,887,0.024629723,-0.868633595,-0.038198777
Croatia,Croatia,0,20-07-2020,26-07-2020,7,2020,30,4060135,974,16,955.2676966,18.73230337,958,0.394075566,0.461371441,0.019609481
Croatia,Croatia,0,27-07-2020,02-08-2020,7,2020,31,4060135,1059,13,929.4676966,129.5323034,1046,0.320186398,3.190344739,0.139361813
Croatia,Croatia,0,03-08-2020,09-08-2020,7,2020,32,4060135,956,8,925.6676966,30.33230337,948,0.197037783,0.747076227,0.032768026
Croatia,Croatia,0,10-08-2020,16-08-2020,7,2020,33,4060135,926,9,905.2676966,20.73230337,917,0.221667506,0.510630887,0.022901848
Croatia,Croatia,0,17-08-2020,23-08-2020,7,2020,34,4060135,921,5,872.2676966,48.73230337,916,0.123148615,1.200263128,0.055868518
Croatia,Croatia,0,24-08-2020,30-08-2020,7,2020,35,4060135,972,13,883.0676966,88.93230337,959,0.320186398,2.190377989,0.100708364
Croatia,Croatia,0,31-08-2020,06-09-2020,7,2020,36,4060135,931,14,854.4676966,76.53230337,917,0.344816121,1.884969425,0.089567228
Croatia,Croatia,0,07-09-2020,13-09-2020,7,2020,37,4060135,1000,26,867.2676966,132.7323034,974,0.640372795,3.269159852,0.153046521
Croatia,Croatia,0,14-09-2020,20-09-2020,7,2020,38,4060135,975,24,898.4676966,76.53230337,951,0.59111335,1.884969425,0.085180918
Croatia,Croatia,0,21-09-2020,27-09-2020,7,2020,39,4060135,963,24,913.0676966,49.93230337,939,0.59111335,1.229818796,0.05468631
Croatia,Croatia,0,28-09-2020,04-10-2020,7,2020,40,4060135,1065,26,929.2676966,135.7323034,1039,0.640372795,3.343049021,0.146063727
Croatia,Croatia,0,05-10-2020,11-10-2020,7,2020,41,4060135,970,26,941.8676966,28.13230337,944,0.640372795,0.692890837,0.029868636
Croatia,Croatia,0,12-10-2020,18-10-2020,7,2020,42,4060135,1096,39,913.8676966,182.1323034,1057,0.960559193,4.485868164,0.199298327
Croatia,Croatia,0,19-10-2020,25-10-2020,7,2020,43,4060135,1136,74,925.0676966,210.9323034,1062,1.822599495,5.195204183,0.228018235
Croatia,Croatia,0,26-10-2020,01-11-2020,7,2020,44,4060135,1156,125,930.8676966,225.1323034,1031,3.078715363,5.544946249,0.241852096
Croatia,Croatia,0,02-11-2020,08-11-2020,7,2020,45,4060135,1287,232,943.6676966,343.3323034,1055,5.714095714,8.456179496,0.363827547
Croatia,Croatia,0,09-11-2020,15-11-2020,7,2020,46,4060135,1361,255,949.0676966,411.9323034,1106,6.28057934,10.14577849,0.434038905
Croatia,Croatia,0,16-11-2020,22-11-2020,7,2020,47,4060135,1489,304,924.2676966,564.7323034,1185,7.487435763,13.90920015,0.611005129
Croatia,Croatia,0,23-11-2020,29-11-2020,7,2020,48,4060135,1484,359,942.8676966,541.1323034,1125,8.842070522,13.32793869,0.573921776
Croatia,Croatia,0,30-11-2020,06-12-2020,7,2020,49,4060135,1713,462,979.6676966,733.3323034,1251,11.37893198,18.06177143,0.748552092
Croatia,Croatia,0,07-12-2020,13-12-2020,7,2020,50,4060135,1761,466,1013.867697,747.1323034,1295,11.47745087,18.4016616,0.736913017
Croatia,Croatia,0,14-12-2020,20-12-2020,7,2020,51,4060135,1785,537,1016.267697,768.7323034,1248,13.2261612,18.93366362,0.756426979
Croatia,Croatia,0,21-12-2020,27-12-2020,7,2020,52,4060135,1681,494,1073.467697,607.5323034,1187,12.16708311,14.96335229,0.565953037
Croatia,Croatia,0,28-12-2020,03-01-2021,7,2020,53,4060135,1525,401,1060.019663,464.9803371,1124,9.876518884,11.45233686,0.438652558
Croatia,Croatia,0,04-01-2021,10-01-2021,7,2021,1,4060135,1342,296,1141.412313,200.5876873,1046,7.290397979,4.940419155,0.175736397
Croatia,Croatia,0,11-01-2021,17-01-2021,7,2021,2,4060135,1358,248,1187.412313,170.5876873,1110,6.10817128,4.201527468,0.143663398
Croatia,Croatia,0,18-01-2021,24-01-2021,7,2021,3,4060135,1307,211,1176.412313,130.5876873,1096,5.196871533,3.216338552,0.111005033
Croatia,Croatia,0,25-01-2021,31-01-2021,7,2021,4,4060135,1244,200,1180.078979,63.9210206,1044,4.925944581,1.574357025,0.054166731
Croatia,Croatia,0,01-02-2021,07-02-2021,7,2021,5,4060135,1204,142,1140.912313,63.08768727,1062,3.497420652,1.553832256,0.055295825
Croatia,Croatia,0,08-02-2021,14-02-2021,7,2021,6,4060135,1161,149,1106.078979,54.9210206,1012,3.669828713,1.352689519,0.049653797
Croatia,Croatia,0,15-02-2021,21-02-2021,7,2021,7,4060135,1121,111,1093.912313,27.08768727,1010,2.733899242,0.667162231,0.024762211
Croatia,Croatia,0,22-02-2021,28-02-2021,7,2021,8,4060135,1096,97,1066.912313,29.08768727,999,2.389083122,0.716421677,0.027263428
Croatia,Croatia,0,01-03-2021,07-03-2021,7,2021,9,4060135,1034,64,1074.623596,-40.62359551,970,1.576302266,-1.000547901,-0.037802628
Croatia,Croatia,0,08-03-2021,14-03-2021,7,2021,10,4060135,1080,87,1085.623596,-5.623595506,993,2.142785893,-0.138507599,-0.00518006
Croatia,Croatia,0,15-03-2021,21-03-2021,7,2021,11,4060135,1021,96,1049.423596,-28.42359551,925,2.364453399,-0.700065281,-0.027084959
Croatia,Croatia,0,22-03-2021,28-03-2021,7,2021,12,4060135,1142,120,1021.423596,120.5764045,1022,2.955566748,2.969763431,0.118047405
Croatia,Croatia,0,29-03-2021,04-04-2021,7,2021,13,4060135,1231,165,995.0235955,235.9764045,1066,4.063904279,5.812033454,0.237156592
Croatia,Croatia,0,05-04-2021,11-04-2021,7,2021,14,4060135,1283,250,1003.823596,279.1764045,1033,6.157430726,6.876037484,0.278113013
Croatia,Croatia,0,12-04-2021,18-04-2021,7,2021,15,4060135,1289,254,953.2235955,335.7764045,1035,6.255949617,8.2700798,0.352253559
Croatia,Croatia,0,19-04-2021,25-04-2021,7,2021,16,4060135,1318,292,920.2235955,397.7764045,1026,7.191879088,9.79712262,0.432260601
Croatia,Croatia,0,26-04-2021,02-05-2021,7,2021,17,4060135,1341,328,970.8235955,370.1764045,1013,8.078549112,9.117342268,0.381301409
Croatia,Croatia,0,03-05-2021,09-05-2021,7,2021,18,4060135,1252,287,927.0235955,324.9764045,965,7.068730473,8.004078793,0.350558935
Croatia,Croatia,0,10-05-2021,16-05-2021,7,2021,19,4060135,1255,239,905.6235955,349.3764045,1016,5.886503774,8.605044032,0.385785448
Croatia,Croatia,0,17-05-2021,23-05-2021,7,2021,20,4060135,1106,195,898.6235955,207.3764045,911,4.802795966,5.107623379,0.230771154
Croatia,Croatia,0,24-05-2021,30-05-2021,7,2021,21,4060135,1047,111,902.6235955,144.3764045,936,2.733899242,3.555950836,0.15995195
Croatia,Croatia,0,31-05-2021,06-06-2021,7,2021,22,4060135,1143,72,886.4235955,256.5764045,1071,1.773340049,6.319405746,0.289451235
Croatia,Croatia,0,07-06-2021,13-06-2021,7,2021,23,4060135,1061,46,907.0235955,153.9764045,1015,1.132967254,3.792396176,0.169760087
Croatia,Croatia,0,14-06-2021,20-06-2021,7,2021,24,4060135,1030,42,898.2235955,131.7764045,988,1.034448362,3.245616328,0.146707797
Croatia,Croatia,0,21-06-2021,27-06-2021,7,2021,25,4060135,1116,26,879.0235955,236.9764045,1090,0.640372795,5.836663177,0.269590493
Croatia,Croatia,0,28-06-2021,04-07-2021,7,2021,26,4060135,982,18,870.0235955,111.9764045,964,0.443335012,2.757947814,0.12870502
Croatia,Croatia,0,05-07-2021,11-07-2021,7,2021,27,4060135,1002,9,909.0235955,92.97640449,993,0.221667506,2.289983079,0.102281618
Croatia,Croatia,0,12-07-2021,18-07-2021,7,2021,28,4060135,991,11,906.8235955,84.17640449,980,0.270926952,2.073241518,0.092825556
Croatia,Croatia,0,19-07-2021,25-07-2021,7,2021,29,4060135,909,7,912.6235955,-3.623595506,902,0.17240806,-0.089248153,-0.003970526
Croatia,Croatia,0,26-07-2021,01-08-2021,7,2021,30,4060135,1069,18,944.6235955,124.3764045,1051,0.443335012,3.063356378,0.131667688
Croatia,Croatia,0,02-08-2021,08-08-2021,7,2021,31,4060135,957,9,918.8235955,38.17640449,948,0.221667506,0.940274264,0.041549221
Croatia,Croatia,0,09-08-2021,15-08-2021,7,2021,32,4060135,1063,11,915.0235955,147.9764045,1052,0.270926952,3.644617839,0.161718676
Croatia,Croatia,0,16-08-2021,22-08-2021,7,2021,33,4060135,996,18,894.6235955,101.3764045,978,0.443335012,2.496872752,0.113317383
Croatia,Croatia,0,23-08-2021,29-08-2021,7,2021,34,4060135,963,24,861.6235955,101.3764045,939,0.59111335,2.496872752,0.117657414
Croatia,Croatia,0,30-08-2021,05-09-2021,7,2021,35,4060135,1043,45,872.4235955,170.5764045,998,1.108337531,4.201249577,0.195520164
Croatia,Croatia,0,06-09-2021,12-09-2021,7,2021,36,4060135,1092,70,843.8235955,248.1764045,1022,1.724080603,6.112516074,0.294109344
Croatia,Croatia,0,13-09-2021,19-09-2021,7,2021,37,4060135,1111,60,856.6235955,254.3764045,1051,1.477783374,6.265220356,0.296952367
Croatia,Croatia,0,20-09-2021,26-09-2021,7,2021,38,4060135,1080,95,887.8235955,192.1764045,985,2.339823676,4.733251591,0.21645787
Croatia,Croatia,0,27-09-2021,03-10-2021,7,2021,39,4060135,1106,83,902.4235955,203.5764045,1023,2.044267001,5.014030432,0.225588521
Croatia,Croatia,0,04-10-2021,10-10-2021,7,2021,40,4060135,1099,94,918.6235955,180.3764045,1005,2.315193953,4.442620861,0.196355074
Croatia,Croatia,0,11-10-2021,17-10-2021,7,2021,41,4060135,1130,124,931.2235955,198.7764045,1006,3.05408564,4.895807762,0.213457225
Croatia,Croatia,0,18-10-2021,24-10-2021,7,2021,42,4060135,1218,142,903.2235955,314.7764045,1076,3.497420652,7.752855619,0.348503301
Croatia,Croatia,0,25-10-2021,31-10-2021,7,2021,43,4060135,1325,182,914.4235955,410.5764045,1143,4.482609568,10.11238307,0.44900023
Croatia,Croatia,0,01-11-2021,07-11-2021,7,2021,44,4060135,1404,280,920.2235955,483.7764045,1124,6.896322413,11.91527879,0.525716149
Croatia,Croatia,0,08-11-2021,14-11-2021,7,2021,45,4060135,1535,381,933.0235955,601.9764045,1154,9.383924426,14.82651204,0.645188833
Croatia,Croatia,0,15-11-2021,21-11-2021,7,2021,46,4060135,1563,422,938.4235955,624.5764045,1141,10.39374307,15.38314377,0.665559144
Croatia,Croatia,0,22-11-2021,28-11-2021,7,2021,47,4060135,1716,456,913.6235955,802.3764045,1260,11.23115364,19.76230851,0.878235204
Croatia,Croatia,0,29-11-2021,05-12-2021,7,2021,48,4060135,1636,459,932.2235955,703.7764045,1177,11.30504281,17.33381783,0.754943779
Croatia,Croatia,0,06-12-2021,12-12-2021,7,2021,49,4060135,1568,401,969.0235955,598.9764045,1167,9.876518884,14.75262287,0.618123653
Croatia,Croatia,0,13-12-2021,19-12-2021,7,2021,50,4060135,1536,362,1003.223596,532.7764045,1174,8.915959691,13.12213521,0.531064467
Croatia,Croatia,0,20-12-2021,26-12-2021,7,2021,51,4060135,1488,344,1005.623596,482.3764045,1144,8.472624679,11.88079718,0.479678884
Croatia,Croatia,0,27-12-2021,02-01-2022,7,2021,52,4060135,1478,284,1062.823596,415.1764045,1194,6.994841305,10.2256798,0.390635291
Croatia,Croatia,0,03-01-2022,09-01-2022,7,2022,1,4060135,1409,269,1130.768212,278.2317884,1140,6.625395461,6.852771851,0.246055545
Croatia,Croatia,0,10-01-2022,16-01-2022,7,2022,2,4060135,1404,240,1176.768212,227.2317884,1164,5.911133497,5.596655983,0.19309817
Croatia,Croatia,0,17-01-2022,23-01-2022,7,2022,3,4060135,1451,289,1165.768212,285.2317884,1162,7.117989919,7.025179911,0.244672814
Croatia,Croatia,0,24-01-2022,30-01-2022,7,2022,4,4060135,1554,370,1169.434878,384.5651217,1184,9.112997474,9.471732386,0.328846975
Croatia,Croatia,0,31-01-2022,06-02-2022,7,2022,5,4060135,1607,360,1130.268212,476.7317884,1247,8.866700245,11.74177185,0.421786425
Croatia,Croatia,0,07-02-2022,13-02-2022,7,2022,6,4060135,1412,336,1095.434878,316.5651217,1076,8.275586896,7.796911229,0.288985797
Croatia,Croatia,0,14-02-2022,20-02-2022,7,2022,7,4060135,1416,342,1083.268212,332.7317884,1074,8.423365233,8.195091749,0.307155499
Croatia,Croatia,0,21-02-2022,27-02-2022,7,2022,8,4060135,1230,215,1056.268212,173.7317884,1015,5.295390424,4.278965808,0.164476964
Croatia,Croatia,0,28-02-2022,06-03-2022,7,2022,9,4060135,1214,184,1063.979494,150.0205056,1030,4.531869014,3.694963483,0.140999433
Croatia,Croatia,0,07-03-2022,13-03-2022,7,2022,10,4060135,1136,122,1074.979494,61.02050562,1014,3.004826194,1.502918145,0.056764344
Croatia,Croatia,0,14-03-2022,20-03-2022,7,2022,11,4060135,1177,99,1038.779494,138.2205056,1078,2.438342567,3.404332753,0.133060487
Croatia,Croatia,0,21-03-2022,27-03-2022,7,2022,12,4060135,1084,85,1010.779494,73.22050562,999,2.093526447,1.803400764,0.072439643
Croatia,Croatia,0,28-03-2022,03-04-2022,7,2022,13,4060135,1093,81,984.3794944,108.6205056,1012,1.995007555,2.675292955,0.110344137
Croatia,Croatia,0,04-04-2022,10-04-2022,7,2022,14,4060135,1071,84,993.1794944,77.82050562,987,2.068896724,1.91669749,0.078354926
Croatia,Croatia,0,11-04-2022,17-04-2022,7,2022,15,4060135,1079,50,942.5794944,136.4205056,1029,1.231486145,3.359999252,0.144731035
Croatia,Croatia,0,18-04-2022,24-04-2022,7,2022,16,4060135,1034,47,909.5794944,124.4205056,987,1.157596976,3.064442577,0.13678904
Croatia,Croatia,0,25-04-2022,01-05-2022,7,2022,17,4060135,985,53,960.1794944,24.82050562,932,1.305375314,0.611322176,0.02584986
Croatia,Croatia,0,02-05-2022,08-05-2022,7,2022,18,4060135,1011,53,916.3794944,94.62050562,958,1.305375314,2.330476834,0.103254717
Croatia,Croatia,0,09-05-2022,15-05-2022,7,2022,19,4060135,994,42,894.9794944,99.02050562,952,1.034448362,2.438847615,0.110639971
Croatia,Croatia,0,16-05-2022,22-05-2022,7,2022,20,4060135,834,36,887.9794944,-53.97949438,798,0.886670025,-1.329499989,-0.060789123
Croatia,Croatia,0,23-05-2022,29-05-2022,7,2022,21,4060135,846,17,891.9794944,-45.97949438,829,0.418705289,-1.132462206,-0.051547703
Croatia,Croatia,0,30-05-2022,05-06-2022,7,2022,22,4060135,845,15,875.7794944,-30.77949438,830,0.369445844,-0.758090418,-0.035145256
Cyprus,Cyprus,0,30-12-2019,05-01-2020,7,2020,1,896007,152,0,139.3860019,12.61399813,152,0,1.407801293,0.090496879
Cyprus,Cyprus,0,06-01-2020,12-01-2020,7,2020,2,896007,157,0,150.2193352,6.780664794,157,0,0.756764712,0.045138429
Cyprus,Cyprus,0,13-01-2020,19-01-2020,7,2020,3,896007,160,0,146.0526685,13.94733146,160,0,1.556609654,0.095495218
Cyprus,Cyprus,0,20-01-2020,26-01-2020,7,2020,4,896007,157,0,152.7193352,4.280664794,157,0,0.477749035,0.028029619
Cyprus,Cyprus,0,27-01-2020,02-02-2020,7,2020,5,896007,166,0,155.0526685,10.94733146,166,0,1.221790841,0.070603954
Cyprus,Cyprus,0,03-02-2020,09-02-2020,7,2020,6,896007,149,0,161.2193352,-12.21933521,149,0,-1.363754436,-0.075793237
Cyprus,Cyprus,0,10-02-2020,16-02-2020,7,2020,7,896007,114,0,139.0526685,-25.05266854,114,0,-2.796034913,-0.180166758
Cyprus,Cyprus,0,17-02-2020,23-02-2020,7,2020,8,896007,145,0,137.8860019,7.113998127,145,0,0.793966802,0.051593331
Cyprus,Cyprus,0,24-02-2020,01-03-2020,7,2020,9,896007,143,0,141.8632022,1.136797753,143,0,0.126873758,0.008013338
Cyprus,Cyprus,0,02-03-2020,08-03-2020,7,2020,10,896007,119,0,131.0632022,-12.06320225,119,0,-1.346329018,-0.092041107
Cyprus,Cyprus,0,09-03-2020,15-03-2020,7,2020,11,896007,130,0,129.4632022,0.536797753,130,0,0.059909995,0.004146335
Cyprus,Cyprus,0,16-03-2020,22-03-2020,7,2020,12,896007,139,0,128.8632022,10.13679775,139,0,1.131330196,0.078663246
Cyprus,Cyprus,0,23-03-2020,29-03-2020,7,2020,13,896007,139,5,119.0632022,19.93679775,134,0.558031355,2.225071652,0.167447182
Cyprus,Cyprus,0,30-03-2020,05-04-2020,7,2020,14,896007,132,4,125.8632022,6.136797753,128,0.446425084,0.684905113,0.04875768
Cyprus,Cyprus,0,06-04-2020,12-04-2020,7,2020,15,896007,111,1,118.6632022,-7.663202247,110,0.111606271,-0.855261426,-0.064579432
Cyprus,Cyprus,0,13-04-2020,19-04-2020,7,2020,16,896007,122,2,120.2632022,1.736797753,120,0.223212542,0.193837521,0.014441639
Cyprus,Cyprus,0,20-04-2020,26-04-2020,7,2020,17,896007,117,2,123.8632022,-6.863202247,115,0.223212542,-0.765976409,-0.055409533
Cyprus,Cyprus,0,27-04-2020,03-05-2020,7,2020,18,896007,121,1,121.2632022,-0.263202247,120,0.111606271,-0.029375021,-0.002170504
Cyprus,Cyprus,0,04-05-2020,10-05-2020,7,2020,19,896007,111,0,109.0632022,1.936797753,111,0,0.216158775,0.01775849
Cyprus,Cyprus,0,11-05-2020,17-05-2020,7,2020,20,896007,139,2,102.8632022,36.13679775,137,0.223212542,4.033093241,0.351309282
Cyprus,Cyprus,0,18-05-2020,24-05-2020,7,2020,21,896007,185,0,113.4632022,71.53679775,185,0,7.983955232,0.630484565
Cyprus,Cyprus,0,25-05-2020,31-05-2020,7,2020,22,896007,108,0,107.6632022,0.336797753,108,0,0.037588741,0.003128253
Cyprus,Cyprus,0,01-06-2020,07-06-2020,7,2020,23,896007,124,1,100.2632022,23.73679775,123,0.111606271,2.649175481,0.23674486
Cyprus,Cyprus,0,08-06-2020,14-06-2020,7,2020,24,896007,92,0,96.66320225,-4.663202247,92,0,-0.520442613,-0.048241752
Cyprus,Cyprus,0,15-06-2020,21-06-2020,7,2020,25,896007,101,1,113.4632022,-12.46320225,100,0.111606271,-1.390971527,-0.109843562
Cyprus,Cyprus,0,22-06-2020,28-06-2020,7,2020,26,896007,107,0,107.4632022,-0.463202247,107,0,-0.051696275,-0.004310334
Cyprus,Cyprus,0,29-06-2020,05-07-2020,7,2020,27,896007,114,0,105.8632022,8.136797753,114,0,0.908117655,0.076861436
Cyprus,Cyprus,0,06-07-2020,12-07-2020,7,2020,28,896007,110,0,120.0632022,-10.06320225,110,0,-1.123116476,-0.083815874
Cyprus,Cyprus,0,13-07-2020,19-07-2020,7,2020,29,896007,106,0,104.8632022,1.136797753,106,0,0.126873758,0.010840769
Cyprus,Cyprus,0,20-07-2020,26-07-2020,7,2020,30,896007,116,0,105.4632022,10.53679775,116,0,1.175972705,0.099909708
Cyprus,Cyprus,0,27-07-2020,02-08-2020,7,2020,31,896007,117,0,108.8632022,8.136797753,117,0,0.908117655,0.074743325
Cyprus,Cyprus,0,03-08-2020,09-08-2020,7,2020,32,896007,91,0,113.0632022,-22.06320225,91,0,-2.462391728,-0.195140433
Cyprus,Cyprus,0,10-08-2020,16-08-2020,7,2020,33,896007,101,1,98.06320225,2.936797753,100,0.111606271,0.327765046,0.02994801
Cyprus,Cyprus,0,17-08-2020,23-08-2020,7,2020,34,896007,108,1,106.6632022,1.336797753,107,0.111606271,0.149195012,0.012532886
Cyprus,Cyprus,0,24-08-2020,30-08-2020,7,2020,35,896007,110,0,113.2632022,-3.263202247,110,0,-0.364193834,-0.028810789
Cyprus,Cyprus,0,31-08-2020,06-09-2020,7,2020,36,896007,95,0,103.0632022,-8.063202247,95,0,-0.899903935,-0.078235511
Cyprus,Cyprus,0,07-09-2020,13-09-2020,7,2020,37,896007,125,0,111.2632022,13.73679775,125,0,1.533112772,0.123462182
Cyprus,Cyprus,0,14-09-2020,20-09-2020,7,2020,38,896007,101,1,102.0632022,-1.063202247,100,0.111606271,-0.118660038,-0.010417097
Cyprus,Cyprus,0,21-09-2020,27-09-2020,7,2020,39,896007,103,0,103.8632022,-0.863202247,103,0,-0.096338784,-0.008310954
Cyprus,Cyprus,0,28-09-2020,04-10-2020,7,2020,40,896007,113,0,103.8632022,9.136797753,113,0,1.019723925,0.087969536
Cyprus,Cyprus,0,05-10-2020,11-10-2020,7,2020,41,896007,107,3,105.8632022,1.136797753,104,0.334818813,0.126873758,0.010738365
Cyprus,Cyprus,0,12-10-2020,18-10-2020,7,2020,42,896007,107,0,105.2632022,1.736797753,107,0,0.193837521,0.016499572
Cyprus,Cyprus,0,19-10-2020,25-10-2020,7,2020,43,896007,114,0,103.4632022,10.53679775,114,0,1.175972705,0.101841017
Cyprus,Cyprus,0,26-10-2020,01-11-2020,7,2020,44,896007,113,1,112.4632022,0.536797753,112,0.111606271,0.059909995,0.004773097
Cyprus,Cyprus,0,02-11-2020,08-11-2020,7,2020,45,896007,117,1,106.2632022,10.73679775,116,0.111606271,1.198293959,0.101039659
Cyprus,Cyprus,0,09-11-2020,15-11-2020,7,2020,46,896007,128,12,120.8632022,7.136797753,116,1.339275251,0.796511384,0.059048558
Cyprus,Cyprus,0,16-11-2020,22-11-2020,7,2020,47,896007,113,4,109.6632022,3.336797753,109,0.446425084,0.372407554,0.030427688
Cyprus,Cyprus,0,23-11-2020,29-11-2020,7,2020,48,896007,137,5,122.8632022,14.13679775,132,0.558031355,1.57775528,0.115061284
Cyprus,Cyprus,0,30-11-2020,06-12-2020,7,2020,49,896007,141,11,122.0632022,18.93679775,130,1.22766898,2.113465381,0.155139284
Cyprus,Cyprus,0,07-12-2020,13-12-2020,7,2020,50,896007,156,19,119.8632022,36.13679775,137,2.120519148,4.033093241,0.301483667
Cyprus,Cyprus,0,14-12-2020,20-12-2020,7,2020,51,896007,156,12,136.8632022,19.13679775,144,1.339275251,2.135786635,0.139824273
Cyprus,Cyprus,0,21-12-2020,27-12-2020,7,2020,52,896007,142,22,128.6632022,13.33679775,120,2.455337961,1.488470263,0.10365666
Cyprus,Cyprus,0,28-12-2020,03-01-2021,7,2020,53,896007,168,18,128.0702247,39.92977528,150,2.008912877,4.456413318,0.311780317
Cyprus,Cyprus,0,04-01-2021,10-01-2021,7,2021,1,896007,167,18,141.4070693,25.59293071,149,2.008912877,2.856331559,0.180987633
Cyprus,Cyprus,0,11-01-2021,17-01-2021,7,2021,2,896007,124,20,152.2404026,-28.24040262,104,2.232125419,-3.151806026,-0.185498738
Cyprus,Cyprus,0,18-01-2021,24-01-2021,7,2021,3,896007,141,16,148.073736,-7.073735955,125,1.785700335,-0.789473292,-0.047771713
Cyprus,Cyprus,0,25-01-2021,31-01-2021,7,2021,4,896007,166,14,154.7404026,11.25959738,152,1.562487793,1.256641676,0.072764431
Cyprus,Cyprus,0,01-02-2021,07-02-2021,7,2021,5,896007,155,14,157.073736,-2.073735955,141,1.562487793,-0.231441937,-0.013202309
Cyprus,Cyprus,0,08-02-2021,14-02-2021,7,2021,6,896007,118,9,163.2404026,-45.24040262,109,1.004456438,-5.049112632,-0.277139739
Cyprus,Cyprus,0,15-02-2021,21-02-2021,7,2021,7,896007,141,9,141.073736,-0.073735955,132,1.004456438,-0.008229395,-0.000522677
Cyprus,Cyprus,0,22-02-2021,28-02-2021,7,2021,8,896007,130,2,139.9070693,-9.907069288,128,0.223212542,-1.105691059,-0.070811785
Cyprus,Cyprus,0,01-03-2021,07-03-2021,7,2021,9,896007,123,1,143.8842697,-20.88426966,122,0.111606271,-2.330815458,-0.145146302
Cyprus,Cyprus,0,08-03-2021,14-03-2021,7,2021,10,896007,123,6,133.0842697,-10.08426966,117,0.669637626,-1.125467732,-0.075773566
Cyprus,Cyprus,0,15-03-2021,21-03-2021,7,2021,11,896007,135,4,131.4842697,3.515730337,131,0.446425084,0.392377553,0.02673879
Cyprus,Cyprus,0,22-03-2021,28-03-2021,7,2021,12,896007,127,8,130.8842697,-3.884269663,119,0.892850167,-0.433508852,-0.029677131
Cyprus,Cyprus,0,29-03-2021,04-04-2021,7,2021,13,896007,137,11,121.0842697,15.91573034,126,1.22766898,1.776295312,0.131443419
Cyprus,Cyprus,0,05-04-2021,11-04-2021,7,2021,14,896007,151,11,127.8842697,23.11573034,140,1.22766898,2.579860463,0.180755072
Cyprus,Cyprus,0,12-04-2021,18-04-2021,7,2021,15,896007,160,16,120.6842697,39.31573034,144,1.785700335,4.387882052,0.325773445
Cyprus,Cyprus,0,19-04-2021,25-04-2021,7,2021,16,896007,147,10,122.2842697,24.71573034,137,1.116062709,2.758430496,0.202117005
Cyprus,Cyprus,0,26-04-2021,02-05-2021,7,2021,17,896007,147,15,125.8842697,21.11573034,132,1.674094064,2.356647921,0.167739229
Cyprus,Cyprus,0,03-05-2021,09-05-2021,7,2021,18,896007,154,21,123.2842697,30.71573034,133,2.34373169,3.428068122,0.249145576
Cyprus,Cyprus,0,10-05-2021,16-05-2021,7,2021,19,896007,110,12,111.0842697,-1.084269663,98,1.339275251,-0.121011294,-0.009760785
Cyprus,Cyprus,0,17-05-2021,23-05-2021,7,2021,20,896007,98,7,104.8842697,-6.884269663,91,0.781243897,-0.768327665,-0.065636817
Cyprus,Cyprus,0,24-05-2021,30-05-2021,7,2021,21,896007,121,7,115.4842697,5.515730337,114,0.781243897,0.615590094,0.047761746
Cyprus,Cyprus,0,31-05-2021,06-06-2021,7,2021,22,896007,114,3,109.6842697,4.315730337,111,0.334818813,0.481662569,0.039346848
Cyprus,Cyprus,0,07-06-2021,13-06-2021,7,2021,23,896007,110,10,102.2842697,7.715730337,100,1.116062709,0.86112389,0.075434183
Cyprus,Cyprus,0,14-06-2021,20-06-2021,7,2021,24,896007,109,1,98.68426966,10.31573034,108,0.111606271,1.151300195,0.104532671
Cyprus,Cyprus,0,21-06-2021,27-06-2021,7,2021,25,896007,106,0,115.4842697,-9.484269663,106,0,-1.05850397,-0.082126074
Cyprus,Cyprus,0,28-06-2021,04-07-2021,7,2021,26,896007,139,0,109.4842697,29.51573034,139,0,3.294140597,0.269588777
Cyprus,Cyprus,0,05-07-2021,11-07-2021,7,2021,27,896007,133,6,107.8842697,25.11573034,127,0.669637626,2.803073005,0.232802525
Cyprus,Cyprus,0,12-07-2021,18-07-2021,7,2021,28,896007,139,4,122.0842697,16.91573034,135,0.446425084,1.887901583,0.138557821
Cyprus,Cyprus,0,19-07-2021,25-07-2021,7,2021,29,896007,148,15,106.8842697,41.11573034,133,1.674094064,4.58877334,0.384675224
Cyprus,Cyprus,0,26-07-2021,01-08-2021,7,2021,30,896007,160,22,107.4842697,52.51573034,138,2.455337961,5.861084828,0.488589916
Cyprus,Cyprus,0,02-08-2021,08-08-2021,7,2021,31,896007,174,18,110.8842697,63.11573034,156,2.008912877,7.0441113,0.569203644
Cyprus,Cyprus,0,09-08-2021,15-08-2021,7,2021,32,896007,170,22,115.0842697,54.91573034,148,2.455337961,6.128939878,0.477178423
Cyprus,Cyprus,0,16-08-2021,22-08-2021,7,2021,33,896007,132,23,100.0842697,31.91573034,109,2.566944231,3.561995647,0.318888577
Cyprus,Cyprus,0,23-08-2021,29-08-2021,7,2021,34,896007,149,21,108.6842697,40.31573034,128,2.34373169,4.499488323,0.370943564
Cyprus,Cyprus,0,30-08-2021,05-09-2021,7,2021,35,896007,143,16,115.2842697,27.71573034,127,1.785700335,3.093249309,0.240412074
Cyprus,Cyprus,0,06-09-2021,12-09-2021,7,2021,36,896007,123,15,105.0842697,17.91573034,108,1.674094064,1.999507854,0.170489174
Cyprus,Cyprus,0,13-09-2021,19-09-2021,7,2021,37,896007,130,10,113.2842697,16.71573034,120,1.116062709,1.865580329,0.147555617
Cyprus,Cyprus,0,20-09-2021,26-09-2021,7,2021,38,896007,118,4,104.0842697,13.91573034,114,0.446425084,1.55308277,0.133696767
Cyprus,Cyprus,0,27-09-2021,03-10-2021,7,2021,39,896007,123,1,105.8842697,17.11573034,122,0.111606271,1.910222837,0.161645638
Cyprus,Cyprus,0,04-10-2021,10-10-2021,7,2021,40,896007,117,7,105.8842697,11.11573034,110,0.781243897,1.240585212,0.104979997
Cyprus,Cyprus,0,11-10-2021,17-10-2021,7,2021,41,896007,129,4,107.8842697,21.11573034,125,0.446425084,2.356647921,0.195725757
Cyprus,Cyprus,0,18-10-2021,24-10-2021,7,2021,42,896007,122,6,107.2842697,14.71573034,116,0.669637626,1.642367787,0.137165778
Cyprus,Cyprus,0,25-10-2021,31-10-2021,7,2021,43,896007,114,6,105.4842697,8.515730337,108,0.669637626,0.950408907,0.08072986
Cyprus,Cyprus,0,01-11-2021,07-11-2021,7,2021,44,896007,102,2,114.4842697,-12.48426966,100,0.223212542,-1.393322782,-0.109047904
Cyprus,Cyprus,0,08-11-2021,14-11-2021,7,2021,45,896007,134,10,108.2842697,25.71573034,124,1.116062709,2.870036767,0.237483528
Cyprus,Cyprus,0,15-11-2021,21-11-2021,7,2021,46,896007,161,3,122.8842697,38.11573034,158,0.334818813,4.253954527,0.31017583
Cyprus,Cyprus,0,22-11-2021,28-11-2021,7,2021,47,896007,134,1,111.6842697,22.31573034,133,0.111606271,2.490575446,0.199810863
Cyprus,Cyprus,0,29-11-2021,05-12-2021,7,2021,48,896007,151,10,124.8842697,26.11573034,141,1.116062709,2.914679276,0.209119454
Cyprus,Cyprus,0,06-12-2021,12-12-2021,7,2021,49,896007,138,9,124.0842697,13.91573034,129,1.004456438,1.55308277,0.112147417
Cyprus,Cyprus,0,13-12-2021,19-12-2021,7,2021,50,896007,164,10,121.8842697,42.11573034,154,1.116062709,4.700379611,0.345538686
Cyprus,Cyprus,0,20-12-2021,26-12-2021,7,2021,51,896007,149,8,138.8842697,10.11573034,141,0.892850167,1.128978941,0.072835681
Cyprus,Cyprus,0,27-12-2021,02-01-2022,7,2021,52,896007,168,11,130.6842697,37.31573034,157,1.22766898,4.16466951,0.285541102
Cyprus,Cyprus,0,03-01-2022,09-01-2022,7,2022,1,896007,180,18,143.4281367,36.5718633,162,2.008912877,4.081649284,0.254983883
Cyprus,Cyprus,0,10-01-2022,16-01-2022,7,2022,2,896007,169,24,154.26147,14.73852996,145,2.678550502,1.644912368,0.095542522
Cyprus,Cyprus,0,17-01-2022,23-01-2022,7,2022,3,896007,198,31,150.0948034,47.90519663,167,3.459794399,5.346520354,0.319166257
Cyprus,Cyprus,0,24-01-2022,30-01-2022,7,2022,4,896007,172,19,156.76147,15.23852996,153,2.120519148,1.700715504,0.097208389
Cyprus,Cyprus,0,31-01-2022,06-02-2022,7,2022,5,896007,190,14,159.0948034,30.90519663,176,1.562487793,3.449213748,0.194256481
Cyprus,Cyprus,0,07-02-2022,13-02-2022,7,2022,6,896007,179,40,165.26147,13.73852996,139,4.464250837,1.533306097,0.083132081
Cyprus,Cyprus,0,14-02-2022,20-02-2022,7,2022,7,896007,167,38,143.0948034,23.90519663,129,4.241038295,2.667969852,0.167058454
Cyprus,Cyprus,0,21-02-2022,27-02-2022,7,2022,8,896007,166,31,141.9281367,24.0718633,135,3.459794399,2.686570897,0.169605998
Cyprus,Cyprus,0,28-02-2022,06-03-2022,7,2022,9,896007,143,23,145.9053371,-2.905337079,120,2.566944231,-0.324253837,-0.01991248
Cyprus,Cyprus,0,07-03-2022,13-03-2022,7,2022,10,896007,136,25,135.1053371,0.894662921,111,2.790156773,0.099849992,0.006621966
Cyprus,Cyprus,0,14-03-2022,20-03-2022,7,2022,11,896007,155,17,133.5053371,21.49466292,138,1.897306606,2.398939174,0.161002274
Cyprus,Cyprus,0,21-03-2022,27-03-2022,7,2022,12,896007,181,13,132.9053371,48.09466292,168,1.450881522,5.36766598,0.361871569
Cyprus,Cyprus,0,28-03-2022,03-04-2022,7,2022,13,896007,188,15,123.1053371,64.89466292,173,1.674094064,7.242651332,0.527147437
Cyprus,Cyprus,0,04-04-2022,10-04-2022,7,2022,14,896007,171,35,129.9053371,41.09466292,136,3.906219483,4.586422084,0.316343145
Cyprus,Cyprus,0,11-04-2022,17-04-2022,7,2022,15,896007,141,11,122.7053371,18.29466292,130,1.22766898,2.041799107,0.149094272
Cyprus,Cyprus,0,18-04-2022,24-04-2022,7,2022,16,896007,115,18,124.3053371,-9.305337079,97,2.008912877,-1.038533971,-0.074858709
Cyprus,Cyprus,0,25-04-2022,01-05-2022,7,2022,17,896007,127,9,127.9053371,-0.905337079,118,1.004456438,-0.101041295,-0.007078181
Cyprus,Cyprus,0,02-05-2022,08-05-2022,7,2022,18,896007,109,12,125.3053371,-16.30533708,97,1.339275251,-1.819777868,-0.130124841
Cyprus,Cyprus,0,09-05-2022,15-05-2022,7,2022,19,896007,105,19,113.1053371,-8.105337079,86,2.120519148,-0.904606446,-0.071661845
Cyprus,Cyprus,0,16-05-2022,22-05-2022,7,2022,20,896007,118,6,106.9053371,11.09466292,112,0.669637626,1.238233956,0.103780253
Cyprus,Cyprus,0,23-05-2022,29-05-2022,7,2022,21,896007,104,2,117.5053371,-13.50533708,102,0.223212542,-1.507280309,-0.114933818
Cyprus,Cyprus,0,30-05-2022,05-06-2022,7,2022,22,896007,81,8,111.7053371,-30.70533708,73,0.892850167,-3.426908169,-0.274877977
Czech Republic,Czech Republic,0,30-12-2019,05-01-2020,7,2020,1,10510750,2305,0,2379.817182,-74.81718165,2305,0,-0.711815823,-0.031438206
Czech Republic,Czech Republic,0,06-01-2020,12-01-2020,7,2020,2,10510750,2325,0,2364.150515,-39.15051498,2325,0,-0.372480698,-0.016560077
Czech Republic,Czech Republic,0,13-01-2020,19-01-2020,7,2020,3,10510750,2244,0,2389.317182,-145.3171816,2244,0,-1.382557683,-0.060819544
Czech Republic,Czech Republic,0,20-01-2020,26-01-2020,7,2020,4,10510750,2337,0,2402.483848,-65.48384831,2337,0,-0.623017847,-0.027256728
Czech Republic,Czech Republic,0,27-01-2020,02-02-2020,7,2020,5,10510750,2364,0,2423.150515,-59.15051498,2364,0,-0.562762077,-0.024410582
Czech Republic,Czech Republic,0,03-02-2020,09-02-2020,7,2020,6,10510750,2355,0,2472.317182,-117.3171816,2355,0,-1.116163753,-0.047452318
Czech Republic,Czech Republic,0,10-02-2020,16-02-2020,7,2020,7,10510750,2391,0,2505.483848,-114.4838483,2391,0,-1.089207224,-0.045693309
Czech Republic,Czech Republic,0,17-02-2020,23-02-2020,7,2020,8,10510750,2350,0,2500.317182,-150.3171816,2350,0,-1.430128027,-0.060119245
Czech Republic,Czech Republic,0,24-02-2020,01-03-2020,7,2020,9,10510750,2360,0,2495.180618,-135.180618,2360,0,-1.286117717,-0.054176686
Czech Republic,Czech Republic,0,02-03-2020,08-03-2020,7,2020,10,10510750,2294,0,2440.380618,-146.380618,2294,0,-1.392675289,-0.0599827
Czech Republic,Czech Republic,0,09-03-2020,15-03-2020,7,2020,11,10510750,2295,0,2360.180618,-65.18061798,2295,0,-0.620132892,-0.027616792
Czech Republic,Czech Republic,0,16-03-2020,22-03-2020,7,2020,12,10510750,2325,1,2295.180618,29.81938202,2324,0.009514069,0.283703656,0.012992172
Czech Republic,Czech Republic,0,23-03-2020,29-03-2020,7,2020,13,10510750,2297,15,2228.380618,68.61938202,2282,0.142711034,0.65284953,0.030793385
Czech Republic,Czech Republic,0,30-03-2020,05-04-2020,7,2020,14,10510750,2320,51,2191.180618,128.819382,2269,0.485217515,1.22559648,0.058789942
Czech Republic,Czech Republic,0,06-04-2020,12-04-2020,7,2020,15,10510750,2244,71,2145.780618,98.21938202,2173,0.675498894,0.934465971,0.045773264
Czech Republic,Czech Republic,0,13-04-2020,19-04-2020,7,2020,16,10510750,2125,48,2095.380618,29.61938202,2077,0.456675309,0.281800842,0.014135562
Czech Republic,Czech Republic,0,20-04-2020,26-04-2020,7,2020,17,10510750,2036,34,2139.580618,-103.580618,2002,0.323478344,-0.985473139,-0.048411645
Czech Republic,Czech Republic,0,27-04-2020,03-05-2020,7,2020,18,10510750,2109,28,2056.780618,52.21938202,2081,0.26639393,0.4968188,0.025388893
Czech Republic,Czech Republic,0,04-05-2020,10-05-2020,7,2020,19,10510750,1999,32,2052.180618,-53.18061798,1967,0.304450206,-0.505964065,-0.0259142
Czech Republic,Czech Republic,0,11-05-2020,17-05-2020,7,2020,20,10510750,2026,18,2010.980618,15.01938202,2008,0.171253241,0.142895436,0.007468686
Czech Republic,Czech Republic,0,18-05-2020,24-05-2020,7,2020,21,10510750,1919,18,2015.980618,-96.98061798,1901,0.171253241,-0.922680284,-0.048105928
Czech Republic,Czech Republic,0,25-05-2020,31-05-2020,7,2020,22,10510750,1939,5,2067.780618,-128.780618,1934,0.047570345,-1.225227676,-0.062279633
Czech Republic,Czech Republic,0,01-06-2020,07-06-2020,7,2020,23,10510750,2135,7,1985.780618,149.219382,2128,0.066598483,1.419683486,0.075143941
Czech Republic,Czech Republic,0,08-06-2020,14-06-2020,7,2020,24,10510750,1983,5,1986.780618,-3.780617978,1978,0.047570345,-0.03596906,-0.001902886
Czech Republic,Czech Republic,0,15-06-2020,21-06-2020,7,2020,25,10510750,2022,7,1977.380618,44.61938202,2015,0.066598483,0.424511876,0.022564893
Czech Republic,Czech Republic,0,22-06-2020,28-06-2020,7,2020,26,10510750,2082,13,1990.580618,91.41938202,2069,0.123682896,0.869770302,0.045925988
Czech Republic,Czech Republic,0,29-06-2020,05-07-2020,7,2020,27,10510750,2111,5,2012.180618,98.81938202,2106,0.047570345,0.940174412,0.049110592
Czech Republic,Czech Republic,0,06-07-2020,12-07-2020,7,2020,28,10510750,1999,4,2017.380618,-18.38061798,1995,0.038056276,-0.174874466,-0.00911113
Czech Republic,Czech Republic,0,13-07-2020,19-07-2020,7,2020,29,10510750,1989,7,2023.180618,-34.18061798,1982,0.066598483,-0.325196755,-0.016894497
Czech Republic,Czech Republic,0,20-07-2020,26-07-2020,7,2020,30,10510750,2088,12,2058.380618,29.61938202,2076,0.114168827,0.281800842,0.014389653
Czech Republic,Czech Republic,0,27-07-2020,02-08-2020,7,2020,31,10510750,2227,13,2065.180618,161.819382,2214,0.123682896,1.539560755,0.078356043
Czech Republic,Czech Republic,0,03-08-2020,09-08-2020,7,2020,32,10510750,2166,10,2049.180618,116.819382,2156,0.095140689,1.111427653,0.05700785
Czech Republic,Czech Republic,0,10-08-2020,16-08-2020,7,2020,33,10510750,2187,7,2085.380618,101.619382,2180,0.066598483,0.966813805,0.048729417
Czech Republic,Czech Republic,0,17-08-2020,23-08-2020,7,2020,34,10510750,2104,15,1991.380618,112.619382,2089,0.142711034,1.071468563,0.056553419
Czech Republic,Czech Republic,0,24-08-2020,30-08-2020,7,2020,35,10510750,2033,11,1985.780618,47.21938202,2022,0.104654758,0.449248455,0.023778751
Czech Republic,Czech Republic,0,31-08-2020,06-09-2020,7,2020,36,10510750,2038,13,1987.380618,50.61938202,2025,0.123682896,0.48159629,0.025470401
Czech Republic,Czech Republic,0,07-09-2020,13-09-2020,7,2020,37,10510750,2089,20,1989.580618,99.41938202,2069,0.190281379,0.945882853,0.049970019
Czech Republic,Czech Republic,0,14-09-2020,20-09-2020,7,2020,38,10510750,2220,47,2017.180618,202.819382,2173,0.44716124,1.929637581,0.10054597
Czech Republic,Czech Republic,0,21-09-2020,27-09-2020,7,2020,39,10510750,2392,103,2047.580618,344.419382,2289,0.9799491,3.276829741,0.168207971
Czech Republic,Czech Republic,0,28-09-2020,04-10-2020,7,2020,40,10510750,2381,121,2131.180618,249.819382,2260,1.15120234,2.37679882,0.117221121
Czech Republic,Czech Republic,0,05-10-2020,11-10-2020,7,2020,41,10510750,2609,260,2138.780618,470.219382,2349,2.473657922,4.473699613,0.219853957
Czech Republic,Czech Republic,0,12-10-2020,18-10-2020,7,2020,42,10510750,2946,435,2102.180618,843.819382,2511,4.138619984,8.028155765,0.401401942
Czech Republic,Czech Republic,0,19-10-2020,25-10-2020,7,2020,43,10510750,3647,779,2108.780618,1538.219382,2868,7.411459696,14.63472523,0.72943547
Czech Republic,Czech Republic,0,26-10-2020,01-11-2020,7,2020,44,10510750,4226,1228,2085.380618,2140.619382,2998,11.68327665,20.36600035,1.026488577
Czech Republic,Czech Republic,0,02-11-2020,08-11-2020,7,2020,45,10510750,4238,1429,2066.180618,2171.819382,2809,13.5956045,20.6628393,1.051127555
Czech Republic,Czech Republic,0,09-11-2020,15-11-2020,7,2020,46,10510750,3852,1350,2116.580618,1735.419382,2502,12.84399305,16.51089962,0.819916505
Czech Republic,Czech Republic,0,16-11-2020,22-11-2020,7,2020,47,10510750,3424,988,2118.180618,1305.819382,2436,9.399900102,12.42365561,0.616481603
Czech Republic,Czech Republic,0,23-11-2020,29-11-2020,7,2020,48,10510750,3169,942,2119.180618,1049.819382,2227,8.962252932,9.988053964,0.49538929
Czech Republic,Czech Republic,0,30-11-2020,06-12-2020,7,2020,49,10510750,3100,764,2147.980618,952.019382,2336,7.268748662,9.057578023,0.443216002
Czech Republic,Czech Republic,0,07-12-2020,13-12-2020,7,2020,50,10510750,3104,633,2189.580618,914.419382,2471,6.022405632,8.699849031,0.417623071
Czech Republic,Czech Republic,0,14-12-2020,20-12-2020,7,2020,51,10510750,3242,796,2252.180618,989.819382,2446,7.573198868,9.417209828,0.439493784
Czech Republic,Czech Republic,0,21-12-2020,27-12-2020,7,2020,52,10510750,3214,713,2277.380618,936.619382,2501,6.783531147,8.911061361,0.411270463
Czech Republic,Czech Republic,0,28-12-2020,03-01-2021,7,2020,53,10510750,3518,916,2265.311798,1252.688202,2602,8.714887139,11.9181619,0.5529871
Czech Republic,Czech Republic,0,04-01-2021,10-01-2021,7,2021,1,10510750,3846,1155,2389.610721,1456.389279,2691,10.98874961,13.85618799,0.609467168
Czech Republic,Czech Republic,0,11-01-2021,17-01-2021,7,2021,2,10510750,3751,1223,2373.944054,1377.055946,2528,11.6357063,13.10140519,0.580070934
Czech Republic,Czech Republic,0,18-01-2021,24-01-2021,7,2021,3,10510750,3598,1031,2399.110721,1198.889279,2567,9.809005066,11.40631524,0.499722363
Czech Republic,Czech Republic,0,25-01-2021,31-01-2021,7,2021,4,10510750,3449,939,2412.277388,1036.722612,2510,8.933710725,9.863450395,0.429769237
Czech Republic,Czech Republic,0,01-02-2021,07-02-2021,7,2021,5,10510750,3274,927,2432.944054,841.0559457,2347,8.819541898,8.001864241,0.345694733
Czech Republic,Czech Republic,0,08-02-2021,14-02-2021,7,2021,6,10510750,3443,908,2482.110721,960.889279,2535,8.638774588,9.141966834,0.387125873
Czech Republic,Czech Republic,0,15-02-2021,21-02-2021,7,2021,7,10510750,3472,1071,2515.277388,956.7226124,2401,10.18956782,9.10232488,0.380364654
Czech Republic,Czech Republic,0,22-02-2021,28-02-2021,7,2021,8,10510750,3631,1125,2510.110721,1120.889279,2506,10.70332755,10.66421786,0.446549736
Czech Republic,Czech Republic,0,01-03-2021,07-03-2021,7,2021,9,10510750,3919,1378,2504.974157,1414.025843,2541,13.11038698,13.45313934,0.564487198
Czech Republic,Czech Republic,0,08-03-2021,14-03-2021,7,2021,10,10510750,4028,1509,2450.174157,1577.825843,2519,14.35673001,15.01154383,0.643964772
Czech Republic,Czech Republic,0,15-03-2021,21-03-2021,7,2021,11,10510750,3835,1441,2369.974157,1465.025843,2394,13.70977333,13.93835685,0.618161104
Czech Republic,Czech Republic,0,22-03-2021,28-03-2021,7,2021,12,10510750,3470,1207,2304.974157,1165.025843,2263,11.4834812,11.08413617,0.505439872
Czech Republic,Czech Republic,0,29-03-2021,04-04-2021,7,2021,13,10510750,3389,1071,2238.174157,1150.825843,2318,10.18956782,10.94903639,0.51418065
Czech Republic,Czech Republic,0,05-04-2021,11-04-2021,7,2021,14,10510750,2947,863,2200.974157,746.0258427,2084,8.210641486,7.097741291,0.338952568
Czech Republic,Czech Republic,0,12-04-2021,18-04-2021,7,2021,15,10510750,2639,618,2155.574157,483.4258427,2021,5.879694598,4.59934679,0.224267785
Czech Republic,Czech Republic,0,19-04-2021,25-04-2021,7,2021,16,10510750,2511,536,2105.174157,405.8258427,1975,5.099540946,3.861055041,0.192775425
Czech Republic,Czech Republic,0,26-04-2021,02-05-2021,7,2021,17,10510750,2475,381,2149.374157,325.6258427,2094,3.624860262,3.098026713,0.15149798
Czech Republic,Czech Republic,0,03-05-2021,09-05-2021,7,2021,18,10510750,2305,324,2066.574157,238.4258427,1981,3.082558333,2.268399902,0.115372508
Czech Republic,Czech Republic,0,10-05-2021,16-05-2021,7,2021,19,10510750,2247,234,2061.974157,185.0258427,2013,2.226292129,1.760348621,0.089732377
Czech Republic,Czech Republic,0,17-05-2021,23-05-2021,7,2021,20,10510750,2052,119,2020.774157,31.2258427,1933,1.132174203,0.29708482,0.015452416
Czech Republic,Czech Republic,0,24-05-2021,30-05-2021,7,2021,21,10510750,1959,84,2025.774157,-66.7741573,1875,0.79918179,-0.635293935,-0.032962291
Czech Republic,Czech Republic,0,31-05-2021,06-06-2021,7,2021,22,10510750,2054,55,2077.574157,-23.5741573,1999,0.523273791,-0.224286158,-0.011346963
Czech Republic,Czech Republic,0,07-06-2021,13-06-2021,7,2021,23,10510750,1967,66,1995.574157,-28.5741573,1901,0.627928549,-0.271856502,-0.014318765
Czech Republic,Czech Republic,0,14-06-2021,20-06-2021,7,2021,24,10510750,2055,55,1996.574157,58.4258427,2000,0.523273791,0.555867495,0.029263047
Czech Republic,Czech Republic,0,21-06-2021,27-06-2021,7,2021,25,10510750,2002,18,1987.174157,14.8258427,1984,0.171253241,0.141054089,0.007460767
Czech Republic,Czech Republic,0,28-06-2021,04-07-2021,7,2021,26,10510750,1887,12,2000.374157,-113.3741573,1875,0.114168827,-1.078649547,-0.056676476
Czech Republic,Czech Republic,0,05-07-2021,11-07-2021,7,2021,27,10510750,1935,22,2021.974157,-86.9741573,1913,0.209309516,-0.827478128,-0.043014475
Czech Republic,Czech Republic,0,12-07-2021,18-07-2021,7,2021,28,10510750,2030,7,2027.174157,2.825842697,2023,0.066598483,0.026885262,0.001393981
Czech Republic,Czech Republic,0,19-07-2021,25-07-2021,7,2021,29,10510750,1959,19,2032.974157,-73.9741573,1940,0.18076731,-0.703795232,-0.036387161
Czech Republic,Czech Republic,0,26-07-2021,01-08-2021,7,2021,30,10510750,2107,17,2068.174157,38.8258427,2090,0.161739172,0.369391744,0.018773004
Czech Republic,Czech Republic,0,02-08-2021,08-08-2021,7,2021,31,10510750,1912,4,2074.974157,-162.9741573,1908,0.038056276,-1.550547366,-0.078542741
Czech Republic,Czech Republic,0,09-08-2021,15-08-2021,7,2021,32,10510750,2032,10,2058.974157,-26.9741573,2022,0.095140689,-0.256633992,-0.013100775
Czech Republic,Czech Republic,0,16-08-2021,22-08-2021,7,2021,33,10510750,1983,12,2095.174157,-112.1741573,1971,0.114168827,-1.067232665,-0.0535393
Czech Republic,Czech Republic,0,23-08-2021,29-08-2021,7,2021,34,10510750,1955,17,2001.174157,-46.1741573,1938,0.161739172,-0.439304115,-0.023073533
Czech Republic,Czech Republic,0,30-08-2021,05-09-2021,7,2021,35,10510750,1999,4,1995.574157,3.425842697,1995,0.038056276,0.032593704,0.00171672
Czech Republic,Czech Republic,0,06-09-2021,12-09-2021,7,2021,36,10510750,2074,7,1997.174157,76.8258427,2067,0.066598483,0.730926363,0.038467273
Czech Republic,Czech Republic,0,13-09-2021,19-09-2021,7,2021,37,10510750,2125,17,1999.374157,125.6258427,2108,0.161739172,1.195212927,0.062832583
Czech Republic,Czech Republic,0,20-09-2021,26-09-2021,7,2021,38,10510750,2098,23,2026.974157,71.0258427,2075,0.218823585,0.675744763,0.03504033
Czech Republic,Czech Republic,0,27-09-2021,03-10-2021,7,2021,39,10510750,2074,25,2057.374157,16.6258427,2049,0.237851723,0.158179413,0.008081098
Czech Republic,Czech Republic,0,04-10-2021,10-10-2021,7,2021,40,10510750,2112,23,2140.974157,-28.9741573,2089,0.218823585,-0.27566213,-0.013533165
Czech Republic,Czech Republic,0,11-10-2021,17-10-2021,7,2021,41,10510750,2217,44,2148.574157,68.4258427,2173,0.418619033,0.651008184,0.031847094
Czech Republic,Czech Republic,0,18-10-2021,24-10-2021,7,2021,42,10510750,2311,70,2111.974157,199.0258427,2241,0.665984825,1.893545586,0.094236874
Czech Republic,Czech Republic,0,25-10-2021,31-10-2021,7,2021,43,10510750,2570,138,2118.574157,451.4258427,2432,1.312941512,4.294896584,0.213080029
Czech Republic,Czech Republic,0,01-11-2021,07-11-2021,7,2021,44,10510750,2691,269,2095.174157,595.8258427,2422,2.559284542,5.668728137,0.284380103
Czech Republic,Czech Republic,0,08-11-2021,14-11-2021,7,2021,45,10510750,2883,459,2075.974157,807.0258427,2424,4.366957639,7.678099495,0.388745611
Czech Republic,Czech Republic,0,15-11-2021,21-11-2021,7,2021,46,10510750,3047,598,2126.374157,920.6258427,2449,5.68941322,8.758897726,0.432955715
Czech Republic,Czech Republic,0,22-11-2021,28-11-2021,7,2021,47,10510750,3235,850,2127.974157,1107.025843,2385,8.08695859,10.53232017,0.520225229
Czech Republic,Czech Republic,0,29-11-2021,05-12-2021,7,2021,48,10510750,3388,736,2128.974157,1259.025843,2652,7.002354732,11.97845865,0.591376762
Czech Republic,Czech Republic,0,06-12-2021,12-12-2021,7,2021,49,10510750,3370,786,2157.774157,1212.225843,2584,7.478058179,11.53320023,0.561794588
Czech Republic,Czech Republic,0,13-12-2021,19-12-2021,7,2021,50,10510750,3132,772,2199.374157,932.6258427,2360,7.344861214,8.873066553,0.424041466
Czech Republic,Czech Republic,0,20-12-2021,26-12-2021,7,2021,51,10510750,2937,526,2261.974157,675.0258427,2411,5.004400257,6.422242397,0.298423322
Czech Republic,Czech Republic,0,27-12-2021,02-01-2022,7,2021,52,10510750,2774,470,2287.174157,486.8258427,2304,4.471612397,4.631694624,0.21285036
Czech Republic,Czech Republic,0,03-01-2022,09-01-2022,7,2022,1,10510750,2533,371,2399.40426,133.5957397,2162,3.529719573,1.271039076,0.055678712
Czech Republic,Czech Republic,0,10-01-2022,16-01-2022,7,2022,2,10510750,2538,263,2383.737594,154.2624064,2275,2.502200128,1.467663167,0.064714508
Czech Republic,Czech Republic,0,17-01-2022,23-01-2022,7,2022,3,10510750,2345,181,2408.90426,-63.9042603,2164,1.722046476,-0.607989537,-0.026528352
Czech Republic,Czech Republic,0,24-01-2022,30-01-2022,7,2022,4,10510750,2360,150,2422.070927,-62.07092697,2210,1.427110339,-0.590547078,-0.025627213
Czech Republic,Czech Republic,0,31-01-2022,06-02-2022,7,2022,5,10510750,2614,265,2442.737594,171.2624064,2349,2.521228266,1.629402339,0.070110849
Czech Republic,Czech Republic,0,07-02-2022,13-02-2022,7,2022,6,10510750,2664,371,2491.90426,172.0957397,2293,3.529719573,1.63733073,0.069061939
Czech Republic,Czech Republic,0,14-02-2022,20-02-2022,7,2022,7,10510750,2592,406,2525.070927,66.92907303,2186,3.862711985,0.636767814,0.026505819
Czech Republic,Czech Republic,0,21-02-2022,27-02-2022,7,2022,8,10510750,2483,366,2519.90426,-36.9042603,2117,3.482149228,-0.351109676,-0.014645104
Czech Republic,Czech Republic,0,28-02-2022,06-03-2022,7,2022,9,10510750,2394,323,2514.767697,-120.7676966,2071,3.073044264,-1.14899219,-0.048023401
Czech Republic,Czech Republic,0,07-03-2022,13-03-2022,7,2022,10,10510750,2364,240,2459.967697,-95.96769663,2124,2.283376543,-0.913043281,-0.039011771
Czech Republic,Czech Republic,0,14-03-2022,20-03-2022,7,2022,11,10510750,2276,204,2379.767697,-103.7676966,2072,1.940870062,-0.987253018,-0.043604129
Czech Republic,Czech Republic,0,21-03-2022,27-03-2022,7,2022,12,10510750,2440,204,2314.767697,125.2323034,2236,1.940870062,1.191468766,0.054101456
Czech Republic,Czech Republic,0,28-03-2022,03-04-2022,7,2022,13,10510750,2494,160,2247.967697,246.0323034,2334,1.522251029,2.340768293,0.109446548
Czech Republic,Czech Republic,0,04-04-2022,10-04-2022,7,2022,14,10510750,2392,157,2210.767697,181.2323034,2235,1.493708822,1.724256627,0.08197709
Czech Republic,Czech Republic,0,11-04-2022,17-04-2022,7,2022,15,10510750,2280,110,2165.367697,114.6323034,2170,1.046547582,1.090619636,0.052938955
Czech Republic,Czech Republic,0,18-04-2022,24-04-2022,7,2022,16,10510750,2287,93,2114.967697,172.0323034,2194,0.88480841,1.636727192,0.081340393
Czech Republic,Czech Republic,0,25-04-2022,01-05-2022,7,2022,17,10510750,2224,81,2159.167697,64.83230337,2143,0.770639583,0.616819003,0.030026525
Czech Republic,Czech Republic,0,02-05-2022,08-05-2022,7,2022,18,10510750,2226,56,2076.367697,149.6323034,2170,0.53278786,1.423612048,0.072064454
Czech Republic,Czech Republic,0,09-05-2022,15-05-2022,7,2022,19,10510750,2152,26,2071.767697,80.23230337,2126,0.247365792,0.763335665,0.038726496
Czech Republic,Czech Republic,0,16-05-2022,22-05-2022,7,2022,20,10510750,2001,20,2030.567697,-29.56769663,1981,0.190281379,-0.281309104,-0.014561296
Czech Republic,Czech Republic,0,23-05-2022,29-05-2022,7,2022,21,10510750,1827,15,2035.567697,-208.5676966,1812,0.142711034,-1.984327442,-0.102461685
Denmark,Denmark,0,30-12-2019,05-01-2020,7,2020,1,5854240,1117,0,1138.569054,-21.56905431,1117,0,-0.368434747,-0.018944002
Denmark,Denmark,0,06-01-2020,12-01-2020,7,2020,2,5854240,1150,0,1138.735721,11.26427903,1150,0,0.19241232,0.009891917
Denmark,Denmark,0,13-01-2020,19-01-2020,7,2020,3,5854240,1071,0,1115.069054,-44.06905431,1071,0,-0.752771569,-0.039521368
Denmark,Denmark,0,20-01-2020,26-01-2020,7,2020,4,5854240,1033,0,1106.735721,-73.73572097,1033,0,-1.259526787,-0.066624506
Denmark,Denmark,0,27-01-2020,02-02-2020,7,2020,5,5854240,1094,0,1157.902388,-63.90238764,1094,0,-1.091557361,-0.055188061
Denmark,Denmark,0,03-02-2020,09-02-2020,7,2020,6,5854240,1079,0,1146.735721,-67.73572097,1079,0,-1.157036968,-0.059068292
Denmark,Denmark,0,10-02-2020,16-02-2020,7,2020,7,5854240,1059,0,1167.235721,-108.235721,1059,0,-1.848843248,-0.092728246
Denmark,Denmark,0,17-02-2020,23-02-2020,7,2020,8,5854240,1034,0,1153.735721,-119.735721,1034,0,-2.045282069,-0.103780891
Denmark,Denmark,0,24-02-2020,01-03-2020,7,2020,9,5854240,1025,0,1203.882865,-178.8828652,1025,0,-3.055612089,-0.148588264
Denmark,Denmark,0,02-03-2020,08-03-2020,7,2020,10,5854240,1061,0,1191.082865,-130.0828652,1061,0,-2.222028225,-0.109213951
Denmark,Denmark,0,09-03-2020,15-03-2020,7,2020,11,5854240,1066,2,1179.682865,-113.6828652,1064,0.034163273,-1.941889386,-0.096367311
Denmark,Denmark,0,16-03-2020,22-03-2020,7,2020,12,5854240,1140,11,1143.682865,-3.682865169,1129,0.187898002,-0.062909364,-0.00322018
Denmark,Denmark,0,23-03-2020,29-03-2020,7,2020,13,5854240,1112,59,1106.682865,5.317134831,1053,1.007816557,0.090825365,0.00480457
Denmark,Denmark,0,30-03-2020,05-04-2020,7,2020,14,5854240,1156,107,1077.082865,78.91713483,1049,1.827735112,1.348033815,0.073269325
Denmark,Denmark,0,06-04-2020,12-04-2020,7,2020,15,5854240,1143,94,1090.082865,52.91713483,1049,1.605673836,0.903911265,0.04854414
Denmark,Denmark,0,13-04-2020,19-04-2020,7,2020,16,5854240,1078,82,1046.882865,31.11713483,996,1.400694198,0.531531588,0.029723607
Denmark,Denmark,0,20-04-2020,26-04-2020,7,2020,17,5854240,1086,67,1004.682865,81.31713483,1019,1.144469649,1.389029743,0.080938113
Denmark,Denmark,0,27-04-2020,03-05-2020,7,2020,18,5854240,1048,62,1056.282865,-8.282865169,986,1.059061467,-0.141484892,-0.007841522
Denmark,Denmark,0,04-05-2020,10-05-2020,7,2020,19,5854240,1027,45,1035.282865,-8.282865169,982,0.768673645,-0.141484892,-0.008000582
Denmark,Denmark,0,11-05-2020,17-05-2020,7,2020,20,5854240,951,24,994.2828652,-43.28286517,927,0.409959277,-0.739342172,-0.043531742
Denmark,Denmark,0,18-05-2020,24-05-2020,7,2020,21,5854240,994,15,989.6828652,4.317134831,979,0.256224548,0.073743728,0.00436214
Denmark,Denmark,0,25-05-2020,31-05-2020,7,2020,22,5854240,968,12,990.6828652,-22.68286517,956,0.204979639,-0.387460459,-0.022896192
Denmark,Denmark,0,01-06-2020,07-06-2020,7,2020,23,5854240,962,15,992.8828652,-30.88286517,947,0.256224548,-0.527529879,-0.031104238
Denmark,Denmark,0,08-06-2020,14-06-2020,7,2020,24,5854240,1000,8,995.4828652,4.517134831,992,0.136653092,0.077160055,0.004537632
Denmark,Denmark,0,15-06-2020,21-06-2020,7,2020,25,5854240,948,3,991.2828652,-43.28286517,945,0.05124491,-0.739342172,-0.043663486
Denmark,Denmark,0,22-06-2020,28-06-2020,7,2020,26,5854240,984,4,951.2828652,32.71713483,980,0.068326546,0.558862206,0.034392646
Denmark,Denmark,0,29-06-2020,05-07-2020,7,2020,27,5854240,996,2,964.0828652,31.91713483,994,0.034163273,0.545196897,0.033106215
Denmark,Denmark,0,06-07-2020,12-07-2020,7,2020,28,5854240,957,3,964.2828652,-7.282865169,954,0.05124491,-0.124403256,-0.007552623
Denmark,Denmark,0,13-07-2020,19-07-2020,7,2020,29,5854240,1026,2,979.4828652,46.51713483,1024,0.034163273,0.794588791,0.047491525
Denmark,Denmark,0,20-07-2020,26-07-2020,7,2020,30,5854240,944,2,1000.682865,-56.68286517,942,0.034163273,-0.968236102,-0.056644185
Denmark,Denmark,0,27-07-2020,02-08-2020,7,2020,31,5854240,983,2,987.2828652,-4.282865169,981,0.034163273,-0.073158346,-0.004338033
Denmark,Denmark,0,03-08-2020,09-08-2020,7,2020,32,5854240,957,2,977.8828652,-20.88286517,955,0.034163273,-0.356713513,-0.021355181
Denmark,Denmark,0,10-08-2020,16-08-2020,7,2020,33,5854240,993,4,965.6828652,27.31713483,989,0.068326546,0.466621369,0.028287894
Denmark,Denmark,0,17-08-2020,23-08-2020,7,2020,34,5854240,995,1,990.6828652,4.317134831,994,0.017081637,0.073743728,0.004357736
Denmark,Denmark,0,24-08-2020,30-08-2020,7,2020,35,5854240,953,2,962.4828652,-9.482865169,951,0.034163273,-0.161982856,-0.009852503
Denmark,Denmark,0,31-08-2020,06-09-2020,7,2020,36,5854240,985,3,963.4828652,21.51713483,982,0.05124491,0.367547877,0.02233266
Denmark,Denmark,0,07-09-2020,13-09-2020,7,2020,37,5854240,984,4,971.6828652,12.31713483,980,0.068326546,0.210396821,0.012676085
Denmark,Denmark,0,14-09-2020,20-09-2020,7,2020,38,5854240,1082,7,986.6828652,95.31713483,1075,0.119571456,1.628172655,0.096603618
Denmark,Denmark,0,21-09-2020,27-09-2020,7,2020,39,5854240,974,11,1000.482865,-26.48286517,963,0.187898002,-0.452370678,-0.026470084
Denmark,Denmark,0,28-09-2020,04-10-2020,7,2020,40,5854240,996,9,991.8828652,4.117134831,987,0.153734729,0.070327401,0.004150828
Denmark,Denmark,0,05-10-2020,11-10-2020,7,2020,41,5854240,938,11,1013.282865,-75.28286517,927,0.187898002,-1.285954542,-0.074296001
Denmark,Denmark,0,12-10-2020,18-10-2020,7,2020,42,5854240,1008,11,1004.282865,3.717134831,997,0.187898002,0.063494746,0.003701283
Denmark,Denmark,0,19-10-2020,25-10-2020,7,2020,43,5854240,1096,22,1005.282865,90.71713483,1074,0.375796004,1.549597127,0.090240407
Denmark,Denmark,0,26-10-2020,01-11-2020,7,2020,44,5854240,979,21,1008.082865,-29.08286517,958,0.358714368,-0.496782933,-0.028849677
Denmark,Denmark,0,02-11-2020,08-11-2020,7,2020,45,5854240,1026,20,1017.882865,8.117134831,1006,0.341632731,0.138653947,0.007974527
Denmark,Denmark,0,09-11-2020,15-11-2020,7,2020,46,5854240,1097,17,1039.682865,57.31713483,1080,0.290387821,0.979070466,0.055129441
Denmark,Denmark,0,16-11-2020,22-11-2020,7,2020,47,5854240,1082,24,1040.682865,41.31713483,1058,0.409959277,0.705764281,0.039701946
Denmark,Denmark,0,23-11-2020,29-11-2020,7,2020,48,5854240,1097,45,1063.282865,33.71713483,1052,0.768673645,0.575943843,0.031710409
Denmark,Denmark,0,30-11-2020,06-12-2020,7,2020,49,5854240,1105,56,1102.282865,2.717134831,1049,0.956571647,0.04641311,0.002465007
Denmark,Denmark,0,07-12-2020,13-12-2020,7,2020,50,5854240,1095,56,1092.082865,2.917134831,1039,0.956571647,0.049829437,0.002671166
Denmark,Denmark,0,14-12-2020,20-12-2020,7,2020,51,5854240,1273,94,1077.482865,195.5171348,1179,1.605673836,3.339752638,0.181457303
Denmark,Denmark,0,21-12-2020,27-12-2020,7,2020,52,5854240,1212,139,1085.682865,126.3171348,1073,2.374347481,2.157703388,0.116348097
Denmark,Denmark,0,28-12-2020,03-01-2021,7,2020,53,5854240,1259,200,1075.036517,183.9634831,1059,3.416327311,3.142397359,0.171123009
Denmark,Denmark,0,04-01-2021,10-01-2021,7,2021,1,5854240,1234,196,1145.730009,88.26999064,1038,3.348000765,1.507795899,0.077042575
Denmark,Denmark,0,11-01-2021,17-01-2021,7,2021,2,5854240,1213,205,1145.896676,67.10332397,1008,3.501735494,1.146234592,0.058559664
Denmark,Denmark,0,18-01-2021,24-01-2021,7,2021,3,5854240,1270,208,1122.230009,147.7699906,1062,3.552980404,2.524153274,0.131675316
Denmark,Denmark,0,25-01-2021,31-01-2021,7,2021,4,5854240,1218,142,1113.896676,104.103324,1076,2.425592391,1.778255144,0.09345869
Denmark,Denmark,0,01-02-2021,07-02-2021,7,2021,5,5854240,1206,91,1165.063343,40.9366573,1115,1.554428927,0.699265102,0.035136851
Denmark,Denmark,0,08-02-2021,14-02-2021,7,2021,6,5854240,1113,76,1153.896676,-40.89667603,1037,1.298204378,-0.698582156,-0.035442234
Denmark,Denmark,0,15-02-2021,21-02-2021,7,2021,7,5854240,1062,46,1174.396676,-112.396676,1016,0.785755282,-1.91991917,-0.095705887
Denmark,Denmark,0,22-02-2021,28-02-2021,7,2021,8,5854240,970,23,1160.896676,-190.896676,947,0.392877641,-3.26082764,-0.164438989
Denmark,Denmark,0,01-03-2021,07-03-2021,7,2021,9,5854240,974,18,1211.04382,-237.0438202,956,0.307469458,-4.049096385,-0.195735131
Denmark,Denmark,0,08-03-2021,14-03-2021,7,2021,10,5854240,1052,12,1198.24382,-146.2438202,1040,0.204979639,-2.498083786,-0.122048466
Denmark,Denmark,0,15-03-2021,21-03-2021,7,2021,11,5854240,968,9,1186.84382,-218.8438202,959,0.153734729,-3.7382106,-0.184391422
Denmark,Denmark,0,22-03-2021,28-03-2021,7,2021,12,5854240,1034,14,1150.84382,-116.8438202,1020,0.239142912,-1.995883671,-0.101528824
Denmark,Denmark,0,29-03-2021,04-04-2021,7,2021,13,5854240,973,15,1113.84382,-140.8438202,958,0.256224548,-2.405842948,-0.126448446
Denmark,Denmark,0,05-04-2021,11-04-2021,7,2021,14,5854240,975,12,1084.24382,-109.2438202,963,0.204979639,-1.866063233,-0.100755769
Denmark,Denmark,0,12-04-2021,18-04-2021,7,2021,15,5854240,1029,14,1097.24382,-68.24382022,1015,0.239142912,-1.165716134,-0.062195675
Denmark,Denmark,0,19-04-2021,25-04-2021,7,2021,16,5854240,1060,20,1054.04382,5.956179775,1040,0.341632731,0.101741298,0.00565079
Denmark,Denmark,0,26-04-2021,02-05-2021,7,2021,17,5854240,1014,15,1011.84382,2.156179775,999,0.256224548,0.036831079,0.002130941
Denmark,Denmark,0,03-05-2021,09-05-2021,7,2021,18,5854240,1120,7,1063.44382,56.55617978,1113,0.119571456,0.966072108,0.053182104
Denmark,Denmark,0,10-05-2021,16-05-2021,7,2021,19,5854240,1046,5,1042.44382,3.556179775,1041,0.085408183,0.06074537,0.003411387
Denmark,Denmark,0,17-05-2021,23-05-2021,7,2021,20,5854240,1050,6,1001.44382,48.55617978,1044,0.102489819,0.829419016,0.048486174
Denmark,Denmark,0,24-05-2021,30-05-2021,7,2021,21,5854240,1032,8,996.8438202,35.15617978,1024,0.136653092,0.600525086,0.03526749
Denmark,Denmark,0,31-05-2021,06-06-2021,7,2021,22,5854240,1031,2,997.8438202,33.15617978,1029,0.034163273,0.566361813,0.033227825
Denmark,Denmark,0,07-06-2021,13-06-2021,7,2021,23,5854240,1053,7,1000.04382,52.95617978,1046,0.119571456,0.904578216,0.052953859
Denmark,Denmark,0,14-06-2021,20-06-2021,7,2021,24,5854240,1000,5,1002.64382,-2.643820225,995,0.085408183,-0.045160776,-0.002636849
Denmark,Denmark,0,21-06-2021,27-06-2021,7,2021,25,5854240,1006,2,998.4438202,7.556179775,1004,0.034163273,0.129071917,0.007567957
Denmark,Denmark,0,28-06-2021,04-07-2021,7,2021,26,5854240,1061,5,958.4438202,102.5561798,1056,0.085408183,1.75182739,0.107002808
Denmark,Denmark,0,05-07-2021,11-07-2021,7,2021,27,5854240,956,2,971.2438202,-15.24382022,954,0.034163273,-0.260389397,-0.015695153
Denmark,Denmark,0,12-07-2021,18-07-2021,7,2021,28,5854240,1075,3,971.4438202,103.5561798,1072,0.05124491,1.768909026,0.106600276
Denmark,Denmark,0,19-07-2021,25-07-2021,7,2021,29,5854240,1051,0,986.6438202,64.35617978,1051,0,1.099308873,0.065227368
Denmark,Denmark,0,26-07-2021,01-08-2021,7,2021,30,5854240,1057,7,1007.84382,49.15617978,1050,0.119571456,0.839667997,0.048773608
Denmark,Denmark,0,02-08-2021,08-08-2021,7,2021,31,5854240,1134,3,994.4438202,139.5561798,1131,0.05124491,2.383847942,0.140335911
Denmark,Denmark,0,09-08-2021,15-08-2021,7,2021,32,5854240,1085,8,985.0438202,99.95617978,1077,0.136653092,1.707415135,0.101473841
Denmark,Denmark,0,16-08-2021,22-08-2021,7,2021,33,5854240,1048,6,972.8438202,75.15617978,1042,0.102489819,1.283790548,0.077254106
Denmark,Denmark,0,23-08-2021,29-08-2021,7,2021,34,5854240,1063,14,997.8438202,65.15617978,1049,0.239142912,1.112974182,0.065296972
Denmark,Denmark,0,30-08-2021,05-09-2021,7,2021,35,5854240,1052,10,969.6438202,82.35617978,1042,0.170816366,1.406778331,0.084934466
Denmark,Denmark,0,06-09-2021,12-09-2021,7,2021,36,5854240,1093,21,970.6438202,122.3561798,1072,0.358714368,2.090043793,0.126056724
Denmark,Denmark,0,13-09-2021,19-09-2021,7,2021,37,5854240,1050,17,978.8438202,71.15617978,1033,0.290387821,1.215464002,0.072694109
Denmark,Denmark,0,20-09-2021,26-09-2021,7,2021,38,5854240,1051,14,993.8438202,57.15617978,1037,0.239142912,0.97632109,0.057510223
Denmark,Denmark,0,27-09-2021,03-10-2021,7,2021,39,5854240,1139,21,1007.64382,131.3561798,1118,0.358714368,2.243778522,0.130359733
Denmark,Denmark,0,04-10-2021,10-10-2021,7,2021,40,5854240,1064,6,999.0438202,64.95617978,1058,0.102489819,1.109557855,0.065018349
Denmark,Denmark,0,11-10-2021,17-10-2021,7,2021,41,5854240,1161,16,1020.44382,140.5561798,1145,0.273306185,2.400929579,0.137740243
Denmark,Denmark,0,18-10-2021,24-10-2021,7,2021,42,5854240,1130,14,1011.44382,118.5561798,1116,0.239142912,2.025133575,0.117214795
Denmark,Denmark,0,25-10-2021,31-10-2021,7,2021,43,5854240,1138,15,1012.44382,125.5561798,1123,0.256224548,2.14470503,0.124012984
Denmark,Denmark,0,01-11-2021,07-11-2021,7,2021,44,5854240,1141,24,1015.24382,125.7561798,1117,0.409959277,2.148121358,0.123867959
Denmark,Denmark,0,08-11-2021,14-11-2021,7,2021,45,5854240,1142,29,1025.04382,116.9561798,1113,0.49536746,1.997802956,0.114098712
Denmark,Denmark,0,15-11-2021,21-11-2021,7,2021,46,5854240,1132,43,1046.84382,85.15617978,1089,0.734510372,1.454606914,0.081345639
Denmark,Denmark,0,22-11-2021,28-11-2021,7,2021,47,5854240,1209,62,1047.84382,161.1561798,1147,1.059061467,2.752811292,0.153797901
Denmark,Denmark,0,29-11-2021,05-12-2021,7,2021,48,5854240,1215,74,1070.44382,144.5561798,1141,1.264041105,2.469256125,0.135043219
Denmark,Denmark,0,06-12-2021,12-12-2021,7,2021,49,5854240,1265,68,1109.44382,155.5561798,1197,1.161551286,2.657154127,0.140210957
Denmark,Denmark,0,13-12-2021,19-12-2021,7,2021,50,5854240,1261,62,1099.24382,161.7561798,1199,1.059061467,2.763060274,0.14715223
Denmark,Denmark,0,20-12-2021,26-12-2021,7,2021,51,5854240,1286,51,1084.64382,201.3561798,1235,0.871163464,3.439493082,0.185642675
Denmark,Denmark,0,27-12-2021,02-01-2022,7,2021,52,5854240,1275,100,1092.84382,182.1561798,1175,1.708163656,3.11152566,0.166680889
Denmark,Denmark,0,03-01-2022,09-01-2022,7,2022,1,5854240,1350,98,1152.890964,197.1090356,1252,1.674000383,3.366944908,0.170969365
Denmark,Denmark,0,10-01-2022,16-01-2022,7,2022,2,5854240,1210,109,1153.057631,56.94236891,1101,1.861898385,0.972668851,0.049383801
Denmark,Denmark,0,17-01-2022,23-01-2022,7,2022,3,5854240,1179,114,1129.390964,49.60903558,1065,1.947306568,0.847403516,0.043925476
Denmark,Denmark,0,24-01-2022,30-01-2022,7,2022,4,5854240,1179,130,1121.057631,57.94236891,1049,2.220612752,0.989750487,0.051685451
Denmark,Denmark,0,31-01-2022,06-02-2022,7,2022,5,5854240,1209,143,1172.224298,36.77570225,1066,2.442674028,0.62818918,0.031372581
Denmark,Denmark,0,07-02-2022,13-02-2022,7,2022,6,5854240,1281,187,1161.057631,119.9423689,1094,3.194266036,2.048811954,0.103304406
Denmark,Denmark,0,14-02-2022,20-02-2022,7,2022,7,5854240,1267,244,1181.557631,85.44236891,1023,4.16791932,1.459495492,0.072313332
Denmark,Denmark,0,21-02-2022,27-02-2022,7,2022,8,5854240,1254,272,1168.057631,85.94236891,982,4.646205144,1.468036311,0.073577165
Denmark,Denmark,0,28-02-2022,06-03-2022,7,2022,9,5854240,1229,284,1218.204775,10.79522472,945,4.851184782,0.184400105,0.008861585
Denmark,Denmark,0,07-03-2022,13-03-2022,7,2022,10,5854240,1221,307,1205.404775,15.59522472,914,5.244062423,0.266391961,0.012937749
Denmark,Denmark,0,14-03-2022,20-03-2022,7,2022,11,5854240,1189,227,1194.004775,-5.004775281,962,3.877531499,-0.085489752,-0.004191587
Denmark,Denmark,0,21-03-2022,27-03-2022,7,2022,12,5854240,1223,183,1158.004775,64.99522472,1040,3.12593949,1.110224807,0.056126906
Denmark,Denmark,0,28-03-2022,03-04-2022,7,2022,13,5854240,1197,177,1121.004775,75.99522472,1020,3.023449671,1.298122809,0.067792062
Denmark,Denmark,0,04-04-2022,10-04-2022,7,2022,14,5854240,1198,146,1091.404775,106.5952247,1052,2.493918937,1.820820887,0.097667911
Denmark,Denmark,0,11-04-2022,17-04-2022,7,2022,15,5854240,1159,89,1104.404775,54.59522472,1070,1.520265654,0.932575786,0.049434072
Denmark,Denmark,0,18-04-2022,24-04-2022,7,2022,16,5854240,1081,87,1061.204775,19.79522472,994,1.48610238,0.338134834,0.018653539
Denmark,Denmark,0,25-04-2022,01-05-2022,7,2022,17,5854240,1127,86,1019.004775,107.9952247,1041,1.469020744,1.844735179,0.105981078
Denmark,Denmark,0,02-05-2022,08-05-2022,7,2022,18,5854240,1095,68,1070.604775,24.39522472,1027,1.161551286,0.416710362,0.022786396
Denmark,Denmark,0,09-05-2022,15-05-2022,7,2022,19,5854240,1015,49,1049.604775,-34.60477528,966,0.837000191,-0.591106194,-0.032969339
Denmark,Denmark,0,16-05-2022,22-05-2022,7,2022,20,5854240,1070,25,1008.604775,61.39522472,1045,0.427040914,1.048730915,0.06087144
Denmark,Denmark,0,23-05-2022,29-05-2022,7,2022,21,5854240,992,38,1004.004775,-12.00477528,954,0.649102189,-0.205061208,-0.011956891
Denmark,Denmark,0,30-05-2022,05-06-2022,7,2022,22,5854240,1053,26,1005.004775,47.99522472,1027,0.44412255,0.819836985,0.047756216
Denmark,Denmark,0,06-06-2022,12-06-2022,7,2022,23,5854240,1043,28,1007.204775,35.79522472,1015,0.478285824,0.611441019,0.035539173
Denmark,Denmark,0,13-06-2022,19-06-2022,7,2022,24,5854240,1036,17,1009.804775,26.19522472,1019,0.290387821,0.447457308,0.02594088
Denmark,Denmark,0,20-06-2022,26-06-2022,7,2022,25,5854240,1108,17,1005.604775,102.3952247,1091,0.290387821,1.749078014,0.101824521
Denmark,Denmark,0,27-06-2022,03-07-2022,7,2022,26,5854240,1123,33,965.6047753,157.3952247,1090,0.563694006,2.688568025,0.163001705
Denmark,Denmark,0,04-07-2022,10-07-2022,7,2022,27,5854240,1015,39,978.4047753,36.59522472,976,0.666183826,0.625106328,0.03740295
Ecuador,Ecuador,0,30-12-2019,05-01-2020,7,2020,1,17797737,1370,0,1477.515449,-107.5154494,1370,0,-0.604096181,-0.072767733
Ecuador,Ecuador,0,06-01-2020,12-01-2020,7,2020,2,17797737,1566,0,1510.015449,55.98455056,1566,0,0.314559939,0.037075482
Ecuador,Ecuador,0,13-01-2020,19-01-2020,7,2020,3,17797737,1517,0,1492.682116,24.3178839,1517,0,0.136634696,0.016291402
Ecuador,Ecuador,0,20-01-2020,26-01-2020,7,2020,4,17797737,1461,0,1474.682116,-13.6821161,1461,0,-0.076875594,-0.00927801
Ecuador,Ecuador,0,27-01-2020,02-02-2020,7,2020,5,17797737,1361,0,1446.348783,-85.34878277,1361,0,-0.479548511,-0.059009821
Ecuador,Ecuador,0,03-02-2020,09-02-2020,7,2020,6,17797737,1428,0,1484.682116,-56.6821161,1428,0,-0.318479344,-0.038177948
Ecuador,Ecuador,0,10-02-2020,16-02-2020,7,2020,7,17797737,1508,0,1497.348783,10.65121723,1508,0,0.059845908,0.007113384
Ecuador,Ecuador,0,17-02-2020,23-02-2020,7,2020,8,17797737,1479,0,1490.182116,-11.1821161,1479,0,-0.062828865,-0.007503859
Ecuador,Ecuador,0,24-02-2020,01-03-2020,7,2020,9,17797737,1544,0,1495.218539,48.78146067,1544,0,0.274087996,0.03262497
Ecuador,Ecuador,0,02-03-2020,08-03-2020,7,2020,10,17797737,1440,0,1561.618539,-121.6185393,1440,0,-0.683337097,-0.0778798
Ecuador,Ecuador,0,09-03-2020,15-03-2020,7,2020,11,17797737,1473,2,1531.618539,-58.61853933,1471,0.011237384,-0.32935951,-0.038272284
Ecuador,Ecuador,0,16-03-2020,22-03-2020,7,2020,12,17797737,1524,12,1481.618539,42.38146067,1512,0.067424302,0.238128368,0.02860484
Ecuador,Ecuador,0,23-03-2020,29-03-2020,7,2020,13,17797737,3762,44,1483.418539,2278.581461,3718,0.247222442,12.8026471,1.5360341
Ecuador,Ecuador,0,30-03-2020,05-04-2020,7,2020,14,17797737,7224,122,1510.418539,5713.581461,7102,0.685480407,32.10285364,3.782780277
Ecuador,Ecuador,0,06-04-2020,12-04-2020,7,2020,15,17797737,6402,153,1602.218539,4799.781461,6249,0.859659855,26.96849302,2.995709601
Ecuador,Ecuador,0,13-04-2020,19-04-2020,7,2020,16,17797737,4476,141,1458.818539,3017.181461,4335,0.792235552,16.95261291,2.068236302
Ecuador,Ecuador,0,20-04-2020,26-04-2020,7,2020,17,17797737,3485,102,1438.018539,2046.981461,3383,0.57310657,11.50135807,1.423473623
Ecuador,Ecuador,0,27-04-2020,03-05-2020,7,2020,18,17797737,2842,988,1463.418539,1378.581461,1854,5.551267557,7.745824431,0.942028151
Ecuador,Ecuador,0,04-05-2020,10-05-2020,7,2020,19,17797737,2613,563,1408.618539,1204.381461,2050,3.163323517,6.767048309,0.855008952
Ecuador,Ecuador,0,11-05-2020,17-05-2020,7,2020,20,17797737,2311,609,1450.618539,860.3814607,1702,3.421783342,4.834218309,0.593113515
Ecuador,Ecuador,0,18-05-2020,24-05-2020,7,2020,21,17797737,2185,372,1425.218539,759.7814607,1813,2.090153372,4.268977908,0.533098216
Ecuador,Ecuador,0,25-05-2020,31-05-2020,7,2020,22,17797737,2116,250,1434.618539,681.3814607,1866,1.404672965,3.828472466,0.474956542
Ecuador,Ecuador,0,01-06-2020,07-06-2020,7,2020,23,17797737,2083,263,1447.818539,635.1814607,1820,1.477715959,3.568888902,0.438716209
Ecuador,Ecuador,0,08-06-2020,14-06-2020,7,2020,24,17797737,2178,275,1417.818539,760.1814607,1903,1.545140261,4.271225385,0.536162731
Ecuador,Ecuador,0,15-06-2020,21-06-2020,7,2020,25,17797737,2147,327,1437.818539,709.1814607,1820,1.837312238,3.9846721,0.493234328
Ecuador,Ecuador,0,22-06-2020,28-06-2020,7,2020,26,17797737,2135,206,1440.018539,694.9814607,1929,1.157450523,3.904886676,0.482619801
Ecuador,Ecuador,0,29-06-2020,05-07-2020,7,2020,27,17797737,2240,352,1446.218539,793.7814607,1888,1.977779535,4.460013431,0.548866882
Ecuador,Ecuador,0,06-07-2020,12-07-2020,7,2020,28,17797737,2428,266,1411.618539,1016.381461,2162,1.494572035,5.710734239,0.720011414
Ecuador,Ecuador,0,13-07-2020,19-07-2020,7,2020,29,17797737,2532,266,1424.418539,1107.581461,2266,1.494572035,6.223158937,0.777567428
Ecuador,Ecuador,0,20-07-2020,26-07-2020,7,2020,30,17797737,2566,202,1391.018539,1174.981461,2364,1.134975756,6.601858768,0.844691445
Ecuador,Ecuador,0,27-07-2020,02-08-2020,7,2020,31,17797737,2539,221,1429.418539,1109.581461,2318,1.241730901,6.234396321,0.776246726
Ecuador,Ecuador,0,03-08-2020,09-08-2020,7,2020,32,17797737,2478,186,1420.218539,1057.781461,2292,1.045076686,5.943348082,0.744801896
Ecuador,Ecuador,0,10-08-2020,16-08-2020,7,2020,33,17797737,2374,148,1435.018539,938.9814607,2226,0.831566395,5.275847489,0.654334028
Ecuador,Ecuador,0,17-08-2020,23-08-2020,7,2020,34,17797737,2195,240,1398.418539,796.5814607,1955,1.348486046,4.475745769,0.56963022
Ecuador,Ecuador,0,24-08-2020,30-08-2020,7,2020,35,17797737,2079,245,1462.818539,616.1814607,1834,1.376579506,3.462133757,0.421228911
Ecuador,Ecuador,0,31-08-2020,06-09-2020,7,2020,36,17797737,2068,169,1414.418539,653.5814607,1899,0.949558924,3.672272833,0.462084908
Ecuador,Ecuador,0,07-09-2020,13-09-2020,7,2020,37,17797737,1947,327,1398.418539,548.5814607,1620,1.837312238,3.082310187,0.392287034
Ecuador,Ecuador,0,14-09-2020,20-09-2020,7,2020,38,17797737,1880,187,1393.418539,486.5814607,1693,1.050695378,2.733951292,0.34919979
Ecuador,Ecuador,0,21-09-2020,27-09-2020,7,2020,39,17797737,1782,189,1400.818539,381.1814607,1593,1.061932761,2.14174117,0.272113375
Ecuador,Ecuador,0,28-09-2020,04-10-2020,7,2020,40,17797737,1699,368,1426.618539,272.3814607,1331,2.067678604,1.530427496,0.190928025
Ecuador,Ecuador,0,05-10-2020,11-10-2020,7,2020,41,17797737,1828,544,1391.018539,436.9814607,1284,3.056568372,2.455264176,0.314144958
Ecuador,Ecuador,0,12-10-2020,18-10-2020,7,2020,42,17797737,1715,196,1395.218539,319.7814607,1519,1.101263604,1.79675349,0.229198116
Ecuador,Ecuador,0,19-10-2020,25-10-2020,7,2020,43,17797737,1757,166,1396.818539,360.1814607,1591,0.932702849,2.023748641,0.257858448
Ecuador,Ecuador,0,26-10-2020,01-11-2020,7,2020,44,17797737,1680,131,1428.218539,251.7814607,1549,0.736048634,1.414682443,0.17629057
Ecuador,Ecuador,0,02-11-2020,08-11-2020,7,2020,45,17797737,1670,146,1453.018539,216.9814607,1524,0.820329011,1.219151967,0.149331516
Ecuador,Ecuador,0,09-11-2020,15-11-2020,7,2020,46,17797737,1763,178,1415.018539,347.9814607,1585,1.000127151,1.9552006,0.245920072
Ecuador,Ecuador,0,16-11-2020,22-11-2020,7,2020,47,17797737,1809,193,1400.418539,408.5814607,1616,1.084407529,2.295693327,0.291756678
Ecuador,Ecuador,0,23-11-2020,29-11-2020,7,2020,48,17797737,1714,222,1405.418539,308.5814607,1492,1.247349593,1.733824141,0.219565526
Ecuador,Ecuador,0,30-11-2020,06-12-2020,7,2020,49,17797737,1795,355,1427.218539,367.7814607,1440,1.99463561,2.066450699,0.257691062
Ecuador,Ecuador,0,07-12-2020,13-12-2020,7,2020,50,17797737,1665,97,1449.418539,215.5814607,1568,0.54501311,1.211285798,0.148736514
Ecuador,Ecuador,0,14-12-2020,20-12-2020,7,2020,51,17797737,1779,73,1470.618539,308.3814607,1706,0.410164506,1.732700403,0.209695072
Ecuador,Ecuador,0,21-12-2020,27-12-2020,7,2020,52,17797737,1777,44,1438.618539,338.3814607,1733,0.247222442,1.901261159,0.235212776
Ecuador,Ecuador,0,28-12-2020,03-01-2021,7,2020,53,17797737,1913,67,1456.353933,456.6460674,1846,0.376452355,2.565753542,0.31355432
Ecuador,Ecuador,0,04-01-2021,10-01-2021,7,2021,1,17797737,2006,118,1513.121629,492.8783708,1888,0.663005639,2.76933169,0.325736121
Ecuador,Ecuador,0,11-01-2021,17-01-2021,7,2021,2,17797737,2194,142,1545.621629,648.3783708,2052,0.797854244,3.643038274,0.419493593
Ecuador,Ecuador,0,18-01-2021,24-01-2021,7,2021,3,17797737,2342,304,1528.288296,813.7117041,2038,1.708082325,4.571995328,0.532433381
Ecuador,Ecuador,0,25-01-2021,31-01-2021,7,2021,4,17797737,2208,236,1510.288296,697.7117041,1972,1.326011279,3.920227072,0.461972529
Ecuador,Ecuador,0,01-02-2021,07-02-2021,7,2021,5,17797737,2234,153,1481.954963,752.0450375,2081,0.859659855,4.22550933,0.507468214
Ecuador,Ecuador,0,08-02-2021,14-02-2021,7,2021,6,17797737,2214,309,1520.288296,693.7117041,1905,1.736175785,3.897752305,0.456302733
Ecuador,Ecuador,0,15-02-2021,21-02-2021,7,2021,7,17797737,2252,215,1532.954963,719.0450375,2037,1.20801875,4.040092499,0.469058162
Ecuador,Ecuador,0,22-02-2021,28-02-2021,7,2021,8,17797737,2276,275,1525.788296,750.2117041,2001,1.545140261,4.215208395,0.49168794
Ecuador,Ecuador,0,01-03-2021,07-03-2021,7,2021,9,17797737,2221,228,1530.824719,690.1752809,1993,1.281061744,3.877882232,0.450851931
Ecuador,Ecuador,0,08-03-2021,14-03-2021,7,2021,10,17797737,2423,197,1597.224719,825.7752809,2226,1.106882296,4.639776849,0.517006324
Ecuador,Ecuador,0,15-03-2021,21-03-2021,7,2021,11,17797737,2634,215,1567.224719,1066.775281,2419,1.20801875,5.993881587,0.680677932
Ecuador,Ecuador,0,22-03-2021,28-03-2021,7,2021,12,17797737,2711,287,1517.224719,1193.775281,2424,1.612564564,6.707455453,0.786815075
Ecuador,Ecuador,0,29-03-2021,04-04-2021,7,2021,13,17797737,2855,218,1519.024719,1335.975281,2637,1.224874825,7.506433435,0.879495418
Ecuador,Ecuador,0,05-04-2021,11-04-2021,7,2021,14,17797737,3049,337,1546.024719,1502.975281,2712,1.893499157,8.444754976,0.972154754
Ecuador,Ecuador,0,12-04-2021,18-04-2021,7,2021,15,17797737,3143,410,1637.824719,1505.175281,2733,2.303663662,8.457116098,0.91900877
Ecuador,Ecuador,0,19-04-2021,25-04-2021,7,2021,16,17797737,3266,474,1494.424719,1771.575281,2792,2.663259941,9.953935609,1.185456355
Ecuador,Ecuador,0,26-04-2021,02-05-2021,7,2021,17,17797737,3090,563,1473.624719,1616.375281,2527,3.163323517,9.081914633,1.096870363
Ecuador,Ecuador,0,03-05-2021,09-05-2021,7,2021,18,17797737,2897,482,1499.024719,1397.975281,2415,2.708209476,7.854792331,0.932589879
Ecuador,Ecuador,0,10-05-2021,16-05-2021,7,2021,19,17797737,2580,477,1444.224719,1135.775281,2103,2.680116017,6.381571325,0.786425593
Ecuador,Ecuador,0,17-05-2021,23-05-2021,7,2021,20,17797737,2385,494,1486.224719,898.7752809,1891,2.775633779,5.049941354,0.604737137
Ecuador,Ecuador,0,24-05-2021,30-05-2021,7,2021,21,17797737,2183,352,1460.824719,722.1752809,1831,1.977779535,4.057680372,0.49436135
Ecuador,Ecuador,0,31-05-2021,06-06-2021,7,2021,22,17797737,2001,264,1470.224719,530.7752809,1737,1.483334651,2.98226275,0.361016431
Ecuador,Ecuador,0,07-06-2021,13-06-2021,7,2021,23,17797737,1978,239,1483.424719,494.5752809,1739,1.342867354,2.778866105,0.333400997
Ecuador,Ecuador,0,14-06-2021,20-06-2021,7,2021,24,17797737,1933,245,1453.424719,479.5752809,1688,1.376579506,2.694585727,0.329962243
Ecuador,Ecuador,0,21-06-2021,27-06-2021,7,2021,25,17797737,1916,230,1473.424719,442.5752809,1686,1.292299128,2.486694128,0.300371831
Ecuador,Ecuador,0,28-06-2021,04-07-2021,7,2021,26,17797737,1829,137,1475.624719,353.3752809,1692,0.769760785,1.985506814,0.239475035
Ecuador,Ecuador,0,05-07-2021,11-07-2021,7,2021,27,17797737,1885,170,1481.824719,403.1752809,1715,0.955177616,2.265317669,0.272080278
Ecuador,Ecuador,0,12-07-2021,18-07-2021,7,2021,28,17797737,1813,123,1447.224719,365.7752809,1690,0.691099099,2.055178593,0.25274256
Ecuador,Ecuador,0,19-07-2021,25-07-2021,7,2021,29,17797737,1744,58,1460.024719,283.9752809,1686,0.325884128,1.595569599,0.194500324
Ecuador,Ecuador,0,26-07-2021,01-08-2021,7,2021,30,17797737,1767,837,1426.624719,340.3752809,930,4.702845086,1.91246382,0.238587819
Ecuador,Ecuador,0,02-08-2021,08-08-2021,7,2021,31,17797737,1620,161,1465.024719,154.9752809,1459,0.904609389,0.870758349,0.10578339
Ecuador,Ecuador,0,09-08-2021,15-08-2021,7,2021,32,17797737,1589,178,1455.824719,133.1752809,1411,1.000127151,0.748270867,0.091477552
Ecuador,Ecuador,0,16-08-2021,22-08-2021,7,2021,33,17797737,1550,114,1470.624719,79.3752809,1436,0.640530872,0.445985245,0.053973852
Ecuador,Ecuador,0,23-08-2021,29-08-2021,7,2021,34,17797737,1614,145,1434.024719,179.9752809,1469,0.81471032,1.011225646,0.125503611
Ecuador,Ecuador,0,30-08-2021,05-09-2021,7,2021,35,17797737,1570,120,1498.424719,71.5752809,1450,0.674243023,0.402159448,0.047767018
Ecuador,Ecuador,0,06-09-2021,12-09-2021,7,2021,36,17797737,1528,96,1450.024719,77.9752809,1432,0.539394419,0.438119076,0.053775139
Ecuador,Ecuador,0,13-09-2021,19-09-2021,7,2021,37,17797737,1546,213,1434.024719,111.9752809,1333,1.196781366,0.629154599,0.078084624
Ecuador,Ecuador,0,20-09-2021,26-09-2021,7,2021,38,17797737,1497,86,1429.024719,67.9752809,1411,0.4832075,0.381932157,0.047567603
Ecuador,Ecuador,0,27-09-2021,03-10-2021,7,2021,39,17797737,1606,58,1436.424719,169.5752809,1548,0.325884128,0.95279125,0.11805372
Ecuador,Ecuador,0,04-10-2021,10-10-2021,7,2021,40,17797737,1498,42,1462.224719,35.7752809,1456,0.235985058,0.20101028,0.024466336
Ecuador,Ecuador,0,11-10-2021,17-10-2021,7,2021,41,17797737,1550,81,1426.624719,123.3752809,1469,0.455114041,0.693207686,0.086480543
Ecuador,Ecuador,0,18-10-2021,24-10-2021,7,2021,42,17797737,1477,24,1430.824719,46.1752809,1453,0.134848605,0.259444675,0.032271794
Ecuador,Ecuador,0,25-10-2021,31-10-2021,7,2021,43,17797737,1472,28,1432.424719,39.5752809,1444,0.157323372,0.222361309,0.027628175
Ecuador,Ecuador,0,01-11-2021,07-11-2021,7,2021,44,17797737,1469,9,1463.824719,5.175280899,1460,0.050568227,0.029078309,0.003535451
Ecuador,Ecuador,0,08-11-2021,14-11-2021,7,2021,45,17797737,1581,99,1488.624719,92.3752809,1482,0.556250494,0.519028239,0.062054109
Ecuador,Ecuador,0,15-11-2021,21-11-2021,7,2021,46,17797737,1606,37,1450.624719,155.3752809,1569,0.207891599,0.873005826,0.107109219
Ecuador,Ecuador,0,22-11-2021,28-11-2021,7,2021,47,17797737,1591,109,1436.024719,154.9752809,1482,0.612437413,0.870758349,0.107919647
Ecuador,Ecuador,0,29-11-2021,05-12-2021,7,2021,48,17797737,1528,250,1441.024719,86.9752809,1278,1.404672965,0.488687303,0.06035655
Ecuador,Ecuador,0,06-12-2021,12-12-2021,7,2021,49,17797737,1642,77,1462.824719,179.1752809,1565,0.432639273,1.006730692,0.122485817
Ecuador,Ecuador,0,13-12-2021,19-12-2021,7,2021,50,17797737,1647,36,1485.024719,161.9752809,1611,0.202272907,0.910089192,0.109072448
Ecuador,Ecuador,0,20-12-2021,26-12-2021,7,2021,51,17797737,1733,52,1506.224719,226.7752809,1681,0.292171977,1.274180425,0.15055873
Ecuador,Ecuador,0,27-12-2021,02-01-2022,7,2021,52,17797737,1794,34,1474.224719,319.7752809,1760,0.191035523,1.796718768,0.216910812
Ecuador,Ecuador,0,03-01-2022,09-01-2022,7,2022,1,17797737,1940,26,1548.727809,391.272191,1914,0.146085988,2.198437874,0.252641031
Ecuador,Ecuador,0,10-01-2022,16-01-2022,7,2022,2,17797737,2279,518,1581.227809,697.772191,1761,2.910482383,3.920566929,0.441285049
Ecuador,Ecuador,0,17-01-2022,23-01-2022,7,2022,3,17797737,2643,102,1563.894476,1079.105524,2541,0.57310657,6.063161425,0.690011725
Ecuador,Ecuador,0,24-01-2022,30-01-2022,7,2022,4,17797737,2510,185,1545.894476,964.1055243,2325,1.039457994,5.417011861,0.623655456
Ecuador,Ecuador,0,31-01-2022,06-02-2022,7,2022,5,17797737,2371,225,1517.561142,853.4388577,2146,1.264205668,4.795209962,0.56237527
Ecuador,Ecuador,0,07-02-2022,13-02-2022,7,2022,6,17797737,2056,115,1555.894476,500.1055243,1941,0.646149564,2.809938839,0.321426377
Ecuador,Ecuador,0,14-02-2022,20-02-2022,7,2022,7,17797737,1825,251,1568.561142,256.4388577,1574,1.410291657,1.440850922,0.163486683
Ecuador,Ecuador,0,21-02-2022,27-02-2022,7,2022,8,17797737,1684,118,1561.394476,122.6055243,1566,0.663005639,0.688882662,0.078523093
Ecuador,Ecuador,0,28-02-2022,06-03-2022,7,2022,9,17797737,1797,41,1566.430899,230.5691011,1756,0.230366366,1.295496732,0.147193918
Ecuador,Ecuador,0,07-03-2022,13-03-2022,7,2022,10,17797737,1615,52,1632.830899,-17.83089888,1563,0.292171977,-0.100186326,-0.010920236
Ecuador,Ecuador,0,14-03-2022,20-03-2022,7,2022,11,17797737,1623,94,1602.830899,20.16910112,1529,0.528157035,0.113323964,0.012583424
Ecuador,Ecuador,0,21-03-2022,27-03-2022,7,2022,12,17797737,1724,8,1552.830899,171.1691011,1716,0.044949535,0.961746435,0.110230355
Ecuador,Ecuador,0,28-03-2022,03-04-2022,7,2022,13,17797737,1675,3,1554.630899,120.3691011,1672,0.016856076,0.676316889,0.07742616
Ecuador,Ecuador,0,04-04-2022,10-04-2022,7,2022,14,17797737,1606,40,1581.630899,24.36910112,1566,0.224747674,0.13692247,0.015407578
Ecuador,Ecuador,0,11-04-2022,17-04-2022,7,2022,15,17797737,1600,52,1673.430899,-73.43089888,1548,0.292171977,-0.412585594,-0.043880449
Ecuador,Ecuador,0,18-04-2022,24-04-2022,7,2022,16,17797737,1614,68,1530.030899,83.96910112,1546,0.382071046,0.471796505,0.054880657
Ecuador,Ecuador,0,25-04-2022,01-05-2022,7,2022,17,17797737,1532,17,1509.230899,22.76910112,1515,0.095517762,0.127932563,0.015086559
Ecuador,Ecuador,0,02-05-2022,08-05-2022,7,2022,18,17797737,1519,0,1534.630899,-15.63089888,1519,0,-0.087825204,-0.010185445
Ecuador,Ecuador,0,09-05-2022,15-05-2022,7,2022,19,17797737,1591,9,1479.830899,111.1691011,1582,0.050568227,0.624624924,0.075122841
Ecuador,Ecuador,0,16-05-2022,22-05-2022,7,2022,20,17797737,1556,10,1521.830899,34.16910112,1546,0.056186919,0.19198565,0.022452627
Ecuador,Ecuador,0,23-05-2022,29-05-2022,7,2022,21,17797737,1585,7,1496.430899,88.56910112,1578,0.039330843,0.497642487,0.059186897
Ecuador,Ecuador,0,30-05-2022,05-06-2022,7,2022,22,17797737,1593,21,1505.830899,87.16910112,1572,0.117992529,0.489776319,0.057887709
Ecuador,Ecuador,0,06-06-2022,12-06-2022,7,2022,23,17797737,1662,7,1519.030899,142.9691011,1655,0.039330843,0.803299325,0.094118626
Ecuador,Ecuador,0,13-06-2022,19-06-2022,7,2022,24,17797737,1625,41,1489.030899,135.9691011,1584,0.230366366,0.763968482,0.091313821
Ecuador,Ecuador,0,20-06-2022,26-06-2022,7,2022,25,17797737,1663,12,1509.030899,153.9691011,1651,0.067424302,0.865104935,0.102031775
Ecuador,Ecuador,0,27-06-2022,03-07-2022,7,2022,26,17797737,1632,20,1511.230899,120.7691011,1612,0.112373837,0.678564365,0.079914394
Ecuador,Ecuador,0,04-07-2022,10-07-2022,7,2022,27,17797737,1584,24,1517.430899,66.56910112,1560,0.134848605,0.374031267,0.04386961
Ecuador,Ecuador,0,11-07-2022,17-07-2022,7,2022,28,17797737,1625,20,1482.830899,142.1691011,1605,0.112373837,0.798804371,0.095876813
Estonia,Estonia,0,30-12-2019,05-01-2020,7,2020,1,1328701,294,0,336.0323034,-42.03230337,294,0,-3.163413241,-0.125084115
Estonia,Estonia,0,06-01-2020,12-01-2020,7,2020,2,1328701,326,0,342.19897,-16.19897004,326,0,-1.219158414,-0.047337869
Estonia,Estonia,0,13-01-2020,19-01-2020,7,2020,3,1328701,308,0,327.5323034,-19.53230337,308,0,-1.470030005,-0.059634739
Estonia,Estonia,0,20-01-2020,26-01-2020,7,2020,4,1328701,299,0,330.0323034,-31.03230337,299,0,-2.335536992,-0.094028079
Estonia,Estonia,0,27-01-2020,02-02-2020,7,2020,5,1328701,307,0,334.69897,-27.69897004,307,0,-2.084665402,-0.082757859
Estonia,Estonia,0,03-02-2020,09-02-2020,7,2020,6,1328701,271,0,329.69897,-58.69897004,271,0,-4.417771194,-0.178038075
Estonia,Estonia,0,10-02-2020,16-02-2020,7,2020,7,1328701,322,0,322.19897,-0.198970037,322,0,-0.014974779,-0.000617538
Estonia,Estonia,0,17-02-2020,23-02-2020,7,2020,8,1328701,331,0,337.8656367,-6.865636704,331,0,-0.51671796,-0.020320613
Estonia,Estonia,0,24-02-2020,01-03-2020,7,2020,9,1328701,315,0,334.038764,-19.03876404,315,0,-1.432885506,-0.056995673
Estonia,Estonia,0,02-03-2020,08-03-2020,7,2020,10,1328701,293,0,335.038764,-42.03876404,293,0,-3.163899481,-0.125474329
Estonia,Estonia,0,09-03-2020,15-03-2020,7,2020,11,1328701,340,0,324.238764,15.76123596,340,0,1.1862139,0.048609968
Estonia,Estonia,0,16-03-2020,22-03-2020,7,2020,12,1328701,311,0,312.438764,-1.438764045,311,0,-0.108283507,-0.004604947
Estonia,Estonia,0,23-03-2020,29-03-2020,7,2020,13,1328701,325,3,317.438764,7.561235955,322,0.225784432,0.569069787,0.02381951
Estonia,Estonia,0,30-03-2020,05-04-2020,7,2020,14,1328701,312,12,299.838764,12.16123596,300,0.903137726,0.915272582,0.040559252
Estonia,Estonia,0,06-04-2020,12-04-2020,7,2020,15,1328701,310,10,304.638764,5.361235955,300,0.752614772,0.403494538,0.017598666
Estonia,Estonia,0,13-04-2020,19-04-2020,7,2020,16,1328701,309,15,300.038764,8.961235955,294,1.128922158,0.674435855,0.029866927
Estonia,Estonia,0,20-04-2020,26-04-2020,7,2020,17,1328701,319,9,285.838764,33.16123596,310,0.677353295,2.495763603,0.116013782
Estonia,Estonia,0,27-04-2020,03-05-2020,7,2020,18,1328701,304,6,290.038764,13.96123596,298,0.451568863,1.050743241,0.048135759
Estonia,Estonia,0,04-05-2020,10-05-2020,7,2020,19,1328701,307,5,288.238764,18.76123596,302,0.376307386,1.411998332,0.065089219
Estonia,Estonia,0,11-05-2020,17-05-2020,7,2020,20,1328701,285,3,305.838764,-20.83876404,282,0.225784432,-1.568356165,-0.068136438
Estonia,Estonia,0,18-05-2020,24-05-2020,7,2020,21,1328701,278,1,287.238764,-9.238764045,277,0.075261477,-0.695323029,-0.032164057
Estonia,Estonia,0,25-05-2020,31-05-2020,7,2020,22,1328701,301,4,275.038764,25.96123596,297,0.301045909,1.953880968,0.094391189
Estonia,Estonia,0,01-06-2020,07-06-2020,7,2020,23,1328701,269,1,280.238764,-11.23876404,268,0.075261477,-0.845845984,-0.040104245
Estonia,Estonia,0,08-06-2020,14-06-2020,7,2020,24,1328701,273,0,269.438764,3.561235955,273,0,0.268023879,0.013217237
Estonia,Estonia,0,15-06-2020,21-06-2020,7,2020,25,1328701,279,0,272.638764,6.361235955,279,0,0.478756015,0.023332104
Estonia,Estonia,0,22-06-2020,28-06-2020,7,2020,26,1328701,287,0,263.438764,23.56123596,287,0,1.773253422,0.08943724
Estonia,Estonia,0,29-06-2020,05-07-2020,7,2020,27,1328701,268,0,262.838764,5.161235955,268,0,0.388442242,0.01963651
Estonia,Estonia,0,06-07-2020,12-07-2020,7,2020,28,1328701,270,0,266.038764,3.961235955,270,0,0.298128469,0.014889695
Estonia,Estonia,0,13-07-2020,19-07-2020,7,2020,29,1328701,284,0,270.638764,13.36123596,284,0,1.005586355,0.049369262
Estonia,Estonia,0,20-07-2020,26-07-2020,7,2020,30,1328701,296,0,281.238764,14.76123596,296,0,1.110952423,0.052486491
Estonia,Estonia,0,27-07-2020,02-08-2020,7,2020,31,1328701,304,0,268.638764,35.36123596,304,0,2.661338853,0.131631174
Estonia,Estonia,0,03-08-2020,09-08-2020,7,2020,32,1328701,281,0,286.838764,-5.838764045,281,0,-0.439434007,-0.020355561
Estonia,Estonia,0,10-08-2020,16-08-2020,7,2020,33,1328701,295,0,278.838764,16.16123596,295,0,1.216318491,0.057959072
Estonia,Estonia,0,17-08-2020,23-08-2020,7,2020,34,1328701,265,0,264.838764,0.161235955,265,0,0.012134856,0.000608808
Estonia,Estonia,0,24-08-2020,30-08-2020,7,2020,35,1328701,298,1,272.838764,25.16123596,297,0.075261477,1.893671786,0.092220165
Estonia,Estonia,0,31-08-2020,06-09-2020,7,2020,36,1328701,280,0,266.438764,13.56123596,280,0,1.02063865,0.050898134
Estonia,Estonia,0,07-09-2020,13-09-2020,7,2020,37,1328701,256,0,273.238764,-17.23876404,256,0,-1.297414847,-0.063090477
Estonia,Estonia,0,14-09-2020,20-09-2020,7,2020,38,1328701,312,0,282.238764,29.76123596,312,0,2.239874581,0.105447018
Estonia,Estonia,0,21-09-2020,27-09-2020,7,2020,39,1328701,330,0,287.238764,42.76123596,330,0,3.218273784,0.148870004
Estonia,Estonia,0,28-09-2020,04-10-2020,7,2020,40,1328701,301,3,287.438764,13.56123596,298,0.225784432,1.02063865,0.047179565
Estonia,Estonia,0,05-10-2020,11-10-2020,7,2020,41,1328701,274,1,286.038764,-12.03876404,273,0.075261477,-0.906055166,-0.042087876
Estonia,Estonia,0,12-10-2020,18-10-2020,7,2020,42,1328701,309,0,293.038764,15.96123596,309,0,1.201266196,0.054468002
Estonia,Estonia,0,19-10-2020,25-10-2020,7,2020,43,1328701,304,5,296.238764,7.761235955,299,0.376307386,0.584122083,0.026199258
Estonia,Estonia,0,26-10-2020,01-11-2020,7,2020,44,1328701,267,0,295.038764,-28.03876404,267,0,-2.110238801,-0.09503417
Estonia,Estonia,0,02-11-2020,08-11-2020,7,2020,45,1328701,287,2,280.438764,6.561235955,285,0.150522954,0.49380831,0.023396323
Estonia,Estonia,0,09-11-2020,15-11-2020,7,2020,46,1328701,291,6,291.638764,-0.638764045,285,0.451568863,-0.048074326,-0.002190258
Estonia,Estonia,0,16-11-2020,22-11-2020,7,2020,47,1328701,317,7,281.238764,35.76123596,310,0.52683034,2.691443444,0.127156141
Estonia,Estonia,0,23-11-2020,29-11-2020,7,2020,48,1328701,334,24,293.438764,40.56123596,310,1.806275452,3.052698535,0.138227259
Estonia,Estonia,0,30-11-2020,06-12-2020,7,2020,49,1328701,339,19,296.838764,42.16123596,320,1.429968067,3.173116898,0.142034131
Estonia,Estonia,0,07-12-2020,13-12-2020,7,2020,50,1328701,348,18,301.438764,46.56123596,330,1.354706589,3.504267398,0.154463332
Estonia,Estonia,0,14-12-2020,20-12-2020,7,2020,51,1328701,344,25,310.838764,33.16123596,319,1.88153693,2.495763603,0.106683078
Estonia,Estonia,0,21-12-2020,27-12-2020,7,2020,52,1328701,360,30,315.038764,44.96123596,330,2.257844316,3.383849034,0.14271652
Estonia,Estonia,0,28-12-2020,03-01-2021,7,2020,53,1328701,368,40,307.3764045,60.62359551,328,3.010459087,4.56262135,0.197229178
Estonia,Estonia,0,04-01-2021,10-01-2021,7,2021,1,1328701,384,39,336.2452247,47.75477528,345,2.93519761,3.59409493,0.142023653
Estonia,Estonia,0,11-01-2021,17-01-2021,7,2021,2,1328701,396,42,342.4118914,53.58810861,354,3.160982042,4.033120214,0.156501891
Estonia,Estonia,0,18-01-2021,24-01-2021,7,2021,3,1328701,407,51,327.7452247,79.25477528,356,3.838335337,5.964831462,0.241818246
Estonia,Estonia,0,25-01-2021,31-01-2021,7,2021,4,1328701,354,43,330.2452247,23.75477528,311,3.236243519,1.787819478,0.071930715
Estonia,Estonia,0,01-02-2021,07-02-2021,7,2021,5,1328701,354,42,334.9118914,19.08810861,312,3.160982042,1.436599251,0.056994419
Estonia,Estonia,0,08-02-2021,14-02-2021,7,2021,6,1328701,380,34,329.9118914,50.08810861,346,2.558890224,3.769705044,0.151822683
Estonia,Estonia,0,15-02-2021,21-02-2021,7,2021,7,1328701,349,40,322.4118914,26.58810861,309,3.010459087,2.00106033,0.082466278
Estonia,Estonia,0,22-02-2021,28-02-2021,7,2021,8,1328701,407,54,338.0785581,68.92144195,353,4.064119768,5.187129531,0.20386221
Estonia,Estonia,0,01-03-2021,07-03-2021,7,2021,9,1328701,422,64,334.2516854,87.74831461,358,4.81673454,6.604067778,0.262521682
Estonia,Estonia,0,08-03-2021,14-03-2021,7,2021,10,1328701,423,66,335.2516854,87.74831461,357,4.967257494,6.604067778,0.261738623
Estonia,Estonia,0,15-03-2021,21-03-2021,7,2021,11,1328701,425,68,324.4516854,100.5483146,357,5.117780449,7.567414686,0.309902272
Estonia,Estonia,0,22-03-2021,28-03-2021,7,2021,12,1328701,406,81,312.6516854,93.34831461,325,6.096179652,7.02553205,0.298569683
Estonia,Estonia,0,29-03-2021,04-04-2021,7,2021,13,1328701,414,73,317.6516854,96.34831461,341,5.494087835,7.251316482,0.30331435
Estonia,Estonia,0,05-04-2021,11-04-2021,7,2021,14,1328701,398,87,300.0516854,97.94831461,311,6.547748515,7.371734845,0.326438142
Estonia,Estonia,0,12-04-2021,18-04-2021,7,2021,15,1328701,389,64,304.8516854,84.14831461,325,4.81673454,6.33312646,0.276030341
Estonia,Estonia,0,19-04-2021,25-04-2021,7,2021,16,1328701,362,51,300.2516854,61.74831461,311,3.838335337,4.647269371,0.205655181
Estonia,Estonia,0,26-04-2021,02-05-2021,7,2021,17,1328701,316,25,286.0516854,29.94831461,291,1.88153693,2.253954397,0.104695466
Estonia,Estonia,0,03-05-2021,09-05-2021,7,2021,18,1328701,352,33,290.2516854,61.74831461,319,2.483628747,4.647269371,0.212740589
Estonia,Estonia,0,10-05-2021,16-05-2021,7,2021,19,1328701,350,21,288.4516854,61.54831461,329,1.580491021,4.632217076,0.213374779
Estonia,Estonia,0,17-05-2021,23-05-2021,7,2021,20,1328701,319,18,306.0516854,12.94831461,301,1.354706589,0.974509284,0.042307608
Estonia,Estonia,0,24-05-2021,30-05-2021,7,2021,21,1328701,319,11,287.4516854,31.54831461,308,0.827876249,2.37437276,0.109751712
Estonia,Estonia,0,31-05-2021,06-06-2021,7,2021,22,1328701,293,12,275.2516854,17.74831461,281,0.903137726,1.335764375,0.064480312
Estonia,Estonia,0,07-06-2021,13-06-2021,7,2021,23,1328701,303,3,280.4516854,22.54831461,300,0.225784432,1.697019465,0.080399997
Estonia,Estonia,0,14-06-2021,20-06-2021,7,2021,24,1328701,297,2,269.6516854,27.34831461,295,0.150522954,2.058274556,0.101420893
Estonia,Estonia,0,21-06-2021,27-06-2021,7,2021,25,1328701,395,1,272.8516854,122.1483146,394,0.075261477,9.193062593,0.447672934
Estonia,Estonia,0,28-06-2021,04-07-2021,7,2021,26,1328701,314,0,263.6516854,50.34831461,314,0,3.789288531,0.190965267
Estonia,Estonia,0,05-07-2021,11-07-2021,7,2021,27,1328701,371,1,263.0516854,107.9483146,370,0.075261477,8.124349617,0.410369219
Estonia,Estonia,0,12-07-2021,18-07-2021,7,2021,28,1328701,327,1,266.2516854,60.74831461,326,0.075261477,4.572007894,0.22816124
Estonia,Estonia,0,19-07-2021,25-07-2021,7,2021,29,1328701,277,0,270.8516854,6.148314607,277,0,0.46273124,0.022699931
Estonia,Estonia,0,26-07-2021,01-08-2021,7,2021,30,1328701,286,1,281.4516854,4.548314607,285,0.075261477,0.342312876,0.016160197
Estonia,Estonia,0,02-08-2021,08-08-2021,7,2021,31,1328701,311,5,268.8516854,42.14831461,306,0.376307386,3.172144418,0.156771621
Estonia,Estonia,0,09-08-2021,15-08-2021,7,2021,32,1328701,311,2,287.0516854,23.94831461,309,0.150522954,1.802385533,0.08342858
Estonia,Estonia,0,16-08-2021,22-08-2021,7,2021,33,1328701,289,2,279.0516854,9.948314607,287,0.150522954,0.748724853,0.035650437
Estonia,Estonia,0,23-08-2021,29-08-2021,7,2021,34,1328701,299,8,265.0516854,33.94831461,291,0.602091817,2.555000305,0.128081867
Estonia,Estonia,0,30-08-2021,05-09-2021,7,2021,35,1328701,329,12,273.0516854,55.94831461,317,0.903137726,4.210752803,0.204900089
Estonia,Estonia,0,06-09-2021,12-09-2021,7,2021,36,1328701,347,11,266.6516854,80.34831461,336,0.827876249,6.047132847,0.301323108
Estonia,Estonia,0,13-09-2021,19-09-2021,7,2021,37,1328701,300,14,273.4516854,26.54831461,286,1.053660681,1.998065374,0.097085943
Estonia,Estonia,0,20-09-2021,26-09-2021,7,2021,38,1328701,352,18,282.4516854,69.54831461,334,1.354706589,5.234308893,0.246230836
Estonia,Estonia,0,27-09-2021,03-10-2021,7,2021,39,1328701,349,19,287.4516854,61.54831461,330,1.429968067,4.632217076,0.214117077
Estonia,Estonia,0,04-10-2021,10-10-2021,7,2021,40,1328701,340,31,287.6516854,52.34831461,309,2.333105793,3.939811486,0.181985079
Estonia,Estonia,0,11-10-2021,17-10-2021,7,2021,41,1328701,358,32,286.2516854,71.74831461,326,2.40836727,5.399884143,0.250647658
Estonia,Estonia,0,18-10-2021,24-10-2021,7,2021,42,1328701,366,35,293.2516854,72.74831461,331,2.634151702,5.47514562,0.248074668
Estonia,Estonia,0,25-10-2021,31-10-2021,7,2021,43,1328701,420,70,296.4516854,123.5483146,350,5.268303403,9.298428661,0.416756999
Estonia,Estonia,0,01-11-2021,07-11-2021,7,2021,44,1328701,424,79,295.2516854,128.7483146,345,5.945656698,9.689788343,0.436062929
Estonia,Estonia,0,08-11-2021,14-11-2021,7,2021,45,1328701,396,63,280.6516854,115.3483146,333,4.741473063,8.681284548,0.411001681
Estonia,Estonia,0,15-11-2021,21-11-2021,7,2021,46,1328701,403,62,291.8516854,111.1483146,341,4.666211586,8.365186344,0.380838351
Estonia,Estonia,0,22-11-2021,28-11-2021,7,2021,47,1328701,423,56,281.4516854,141.5483146,367,4.214642722,10.65313525,0.502922249
Estonia,Estonia,0,29-11-2021,05-12-2021,7,2021,48,1328701,369,32,293.6516854,75.34831461,337,2.40836727,5.670825461,0.256590779
Estonia,Estonia,0,06-12-2021,12-12-2021,7,2021,49,1328701,386,29,297.0516854,88.94831461,357,2.182582838,6.694381551,0.299437165
Estonia,Estonia,0,13-12-2021,19-12-2021,7,2021,50,1328701,379,32,301.6516854,77.34831461,347,2.40836727,5.821348415,0.256415987
Estonia,Estonia,0,20-12-2021,26-12-2021,7,2021,51,1328701,376,25,311.0516854,64.94831461,351,1.88153693,4.888106098,0.208802323
Estonia,Estonia,0,27-12-2021,02-01-2022,7,2021,52,1328701,405,29,315.2516854,89.74831461,376,2.182582838,6.754590732,0.284687819
Estonia,Estonia,0,03-01-2022,09-01-2022,7,2022,1,1328701,387,17,336.4581461,50.54185393,370,1.279445112,3.803854587,0.150217358
Estonia,Estonia,0,10-01-2022,16-01-2022,7,2022,2,1328701,373,24,342.6248127,30.37518727,349,1.806275452,2.286081463,0.088654371
Estonia,Estonia,0,17-01-2022,23-01-2022,7,2022,3,1328701,341,26,327.9581461,13.04185393,315,1.956798407,0.981549192,0.039766824
Estonia,Estonia,0,24-01-2022,30-01-2022,7,2022,4,1328701,358,31,330.4581461,27.54185393,327,2.333105793,2.072840611,0.083344455
Estonia,Estonia,0,31-01-2022,06-02-2022,7,2022,5,1328701,379,26,335.1248127,43.87518727,353,1.956798407,3.302111405,0.13092193
Estonia,Estonia,0,07-02-2022,13-02-2022,7,2022,6,1328701,372,54,330.1248127,41.87518727,318,4.064119768,3.151588451,0.126846531
Estonia,Estonia,0,14-02-2022,20-02-2022,7,2022,7,1328701,439,49,322.6248127,116.3751873,390,3.687812382,8.758568502,0.360713692
Estonia,Estonia,0,21-02-2022,27-02-2022,7,2022,8,1328701,437,63,338.2914794,98.7085206,374,4.741473063,7.428949071,0.291785418
Estonia,Estonia,0,28-02-2022,06-03-2022,7,2022,9,1328701,406,65,334.4646067,71.53539326,341,4.891996017,5.383859368,0.213880308
Estonia,Estonia,0,07-03-2022,13-03-2022,7,2022,10,1328701,388,63,335.4646067,52.53539326,325,4.741473063,3.953891301,0.156604876
Estonia,Estonia,0,14-03-2022,20-03-2022,7,2022,11,1328701,368,39,324.6646067,43.33539326,329,2.93519761,3.261485711,0.133477417
Estonia,Estonia,0,21-03-2022,27-03-2022,7,2022,12,1328701,348,47,312.8646067,35.13539326,301,3.537289428,2.644341598,0.112302231
Estonia,Estonia,0,28-03-2022,03-04-2022,7,2022,13,1328701,330,29,317.8646067,12.13539326,301,2.182582838,0.913327623,0.038177869
Estonia,Estonia,0,04-04-2022,10-04-2022,7,2022,14,1328701,320,26,300.2646067,19.73539326,294,1.956798407,1.485314849,0.065726672
Estonia,Estonia,0,11-04-2022,17-04-2022,7,2022,15,1328701,304,22,305.0646067,-1.064606742,282,1.655752498,-0.080123876,-0.003489775
Estonia,Estonia,0,18-04-2022,24-04-2022,7,2022,16,1328701,320,15,300.4646067,19.53539326,305,1.128922158,1.470262554,0.065017286
Estonia,Estonia,0,25-04-2022,01-05-2022,7,2022,17,1328701,282,8,286.2646067,-4.264606742,274,0.602091817,-0.320960603,-0.014897429
Estonia,Estonia,0,02-05-2022,08-05-2022,7,2022,18,1328701,304,9,290.4646067,13.53539326,295,0.677353295,1.018693691,0.046599114
Estonia,Estonia,0,09-05-2022,15-05-2022,7,2022,19,1328701,322,8,288.6646067,33.33539326,314,0.602091817,2.508870939,0.115481401
Estonia,Estonia,0,16-05-2022,22-05-2022,7,2022,20,1328701,286,5,306.2646067,-20.26460674,281,0.376307386,-1.525144238,-0.066166989
Estonia,Estonia,0,23-05-2022,29-05-2022,7,2022,21,1328701,281,0,287.6646067,-6.664606742,281,0,-0.501588148,-0.023167976
Estonia,Estonia,0,30-05-2022,05-06-2022,7,2022,22,1328701,288,13,275.4646067,12.53539326,275,0.978399203,0.943432214,0.045506366
Estonia,Estonia,0,06-06-2022,12-06-2022,7,2022,23,1328701,325,0,280.6646067,44.33539326,325,0,3.336747188,0.157965743
Estonia,Estonia,0,13-06-2022,19-06-2022,7,2022,24,1328701,296,12,269.8646067,26.13539326,284,0.903137726,1.966988303,0.096846317
Estonia,Estonia,0,20-06-2022,26-06-2022,7,2022,25,1328701,335,2,273.0646067,61.93539326,333,0.150522954,4.661349187,0.226815895
Estonia,Estonia,0,27-06-2022,03-07-2022,7,2022,26,1328701,332,3,263.8646067,68.13539326,329,0.225784432,5.127970345,0.25822104
Finland,Finland,0,30-12-2019,05-01-2020,7,2020,1,5535992,1047,0,1155.410112,-108.4101124,1047,0,-1.958277981,-0.093828253
Finland,Finland,0,06-01-2020,12-01-2020,7,2020,2,5535992,1069,0,1171.743446,-102.7434457,1069,0,-1.855917525,-0.08768425
Finland,Finland,0,13-01-2020,19-01-2020,7,2020,3,5535992,1061,0,1163.743446,-102.7434457,1061,0,-1.855917525,-0.088287024
Finland,Finland,0,20-01-2020,26-01-2020,7,2020,4,5535992,1040,0,1122.576779,-82.57677903,1040,0,-1.491634725,-0.073560028
Finland,Finland,0,27-01-2020,02-02-2020,7,2020,5,5535992,1074,0,1136.910112,-62.91011236,1074,0,-1.13638373,-0.055334289
Finland,Finland,0,03-02-2020,09-02-2020,7,2020,6,5535992,1115,0,1131.576779,-16.57677903,1115,0,-0.29943647,-0.014649275
Finland,Finland,0,10-02-2020,16-02-2020,7,2020,7,5535992,1098,0,1108.576779,-10.57677903,1098,0,-0.191054811,-0.009540863
Finland,Finland,0,17-02-2020,23-02-2020,7,2020,8,5535992,1091,0,1104.410112,-13.41011236,1091,0,-0.242235039,-0.01214233
Finland,Finland,0,24-02-2020,01-03-2020,7,2020,9,5535992,1050,0,1132.092135,-82.09213483,1050,0,-1.482880301,-0.072513652
Finland,Finland,0,02-03-2020,08-03-2020,7,2020,10,5535992,1106,1,1114.492135,-8.492134831,1105,0.01806361,-0.153398611,-0.007619735
Finland,Finland,0,09-03-2020,15-03-2020,7,2020,11,5535992,1105,2,1114.692135,-9.692134831,1103,0.03612722,-0.175074943,-0.008694898
Finland,Finland,0,16-03-2020,22-03-2020,7,2020,12,5535992,1122,7,1099.492135,22.50786517,1115,0.126445269,0.406573297,0.020471147
Finland,Finland,0,23-03-2020,29-03-2020,7,2020,13,5535992,1108,21,1075.892135,32.10786517,1087,0.379335808,0.579983952,0.029843015
Finland,Finland,0,30-03-2020,05-04-2020,7,2020,14,5535992,1110,49,1088.892135,21.10786517,1061,0.885116886,0.381284243,0.019384716
Finland,Finland,0,06-04-2020,12-04-2020,7,2020,15,5535992,1181,56,1059.292135,121.7078652,1125,1.011562155,2.1984834,0.114895468
Finland,Finland,0,13-04-2020,19-04-2020,7,2020,16,5535992,1094,69,1069.692135,24.30786517,1025,1.246389084,0.439087794,0.022724169
Finland,Finland,0,20-04-2020,26-04-2020,7,2020,17,5535992,1142,42,1027.292135,114.7078652,1100,0.758671617,2.072038131,0.111660414
Finland,Finland,0,27-04-2020,03-05-2020,7,2020,18,5535992,1131,18,1049.692135,81.30786517,1113,0.325144979,1.46871356,0.077458773
Finland,Finland,0,04-05-2020,10-05-2020,7,2020,19,5535992,1074,26,1003.292135,70.70786517,1048,0.469653858,1.277239295,0.070475849
Finland,Finland,0,11-05-2020,17-05-2020,7,2020,20,5535992,1104,8,982.6921348,121.3078652,1096,0.144508879,2.191257956,0.123444425
Finland,Finland,0,18-05-2020,24-05-2020,7,2020,21,5535992,957,4,970.4921348,-13.49213483,953,0.07225444,-0.243716661,-0.013902364
Finland,Finland,0,25-05-2020,31-05-2020,7,2020,22,5535992,990,2,962.2921348,27.70786517,988,0.03612722,0.500504068,0.028793611
Finland,Finland,0,01-06-2020,07-06-2020,7,2020,23,5535992,984,0,978.0921348,5.907865169,984,0,0.106717372,0.006040193
Finland,Finland,0,08-06-2020,14-06-2020,7,2020,24,5535992,1003,0,961.8921348,41.10786517,1003,0,0.742556441,0.04273646
Finland,Finland,0,15-06-2020,21-06-2020,7,2020,25,5535992,1068,1,978.8921348,89.10786517,1067,0.01806361,1.609609717,0.091029299
Finland,Finland,0,22-06-2020,28-06-2020,7,2020,26,5535992,1021,2,962.4921348,58.50786517,1019,0.03612722,1.056863254,0.060787889
Finland,Finland,0,29-06-2020,05-07-2020,7,2020,27,5535992,996,1,957.6921348,38.30786517,995,0.01806361,0.691978333,0.040000188
Finland,Finland,0,06-07-2020,12-07-2020,7,2020,28,5535992,944,0,954.8921348,-10.89213483,944,0,-0.196751275,-0.011406665
Finland,Finland,0,13-07-2020,19-07-2020,7,2020,29,5535992,1021,0,971.4921348,49.50786517,1021,0,0.894290764,0.050960644
Finland,Finland,0,20-07-2020,26-07-2020,7,2020,30,5535992,964,1,985.2921348,-21.29213483,963,0.01806361,-0.384612818,-0.021609971
Finland,Finland,0,27-07-2020,02-08-2020,7,2020,31,5535992,982,2,950.4921348,31.50786517,980,0.03612722,0.569145786,0.033149001
Finland,Finland,0,03-08-2020,09-08-2020,7,2020,32,5535992,954,1,936.6921348,17.30786517,953,0.01806361,0.312642525,0.018477645
Finland,Finland,0,10-08-2020,16-08-2020,7,2020,33,5535992,977,0,962.2921348,14.70786517,977,0,0.265677139,0.0152842
Finland,Finland,0,17-08-2020,23-08-2020,7,2020,34,5535992,1016,1,970.4921348,45.50786517,1015,0.01806361,0.822036325,0.046891534
Finland,Finland,0,24-08-2020,30-08-2020,7,2020,35,5535992,989,0,974.8921348,14.10786517,989,0,0.254838973,0.014471206
Finland,Finland,0,31-08-2020,06-09-2020,7,2020,36,5535992,979,3,979.0921348,-0.092134831,976,0.05419083,-0.001664288,-9.41023E-05
Finland,Finland,0,07-09-2020,13-09-2020,7,2020,37,5535992,1124,6,976.8921348,147.1078652,1118,0.10838166,2.657299092,0.150587624
Finland,Finland,0,14-09-2020,20-09-2020,7,2020,38,5535992,1046,2,998.4921348,47.50786517,1044,0.03612722,0.858163544,0.047579609
Finland,Finland,0,21-09-2020,27-09-2020,7,2020,39,5535992,1089,4,1002.692135,86.30786517,1085,0.07225444,1.559031609,0.086076137
Finland,Finland,0,28-09-2020,04-10-2020,7,2020,40,5535992,977,2,1028.292135,-51.29213483,975,0.03612722,-0.926521115,-0.049880898
Finland,Finland,0,05-10-2020,11-10-2020,7,2020,41,5535992,984,6,1034.692135,-50.69213483,978,0.10838166,-0.91568295,-0.048992481
Finland,Finland,0,12-10-2020,18-10-2020,7,2020,42,5535992,1074,5,1027.292135,46.70786517,1069,0.09031805,0.843712657,0.045466974
Finland,Finland,0,19-10-2020,25-10-2020,7,2020,43,5535992,1070,5,1046.692135,23.30786517,1065,0.09031805,0.421024184,0.022268119
Finland,Finland,0,26-10-2020,01-11-2020,7,2020,44,5535992,1132,3,1044.492135,87.50786517,1129,0.05419083,1.580707941,0.083780301
Finland,Finland,0,02-11-2020,08-11-2020,7,2020,45,5535992,1043,4,1020.492135,22.50786517,1039,0.07225444,0.406573297,0.022055893
Finland,Finland,0,09-11-2020,15-11-2020,7,2020,46,5535992,1025,24,1006.692135,18.30786517,1001,0.433526638,0.330706135,0.018186161
Finland,Finland,0,16-11-2020,22-11-2020,7,2020,47,5535992,1119,26,1035.092135,83.90786517,1093,0.469653858,1.515678946,0.081063185
Finland,Finland,0,23-11-2020,29-11-2020,7,2020,48,5535992,1108,33,1044.492135,63.50786517,1075,0.596099127,1.147181303,0.060802627
Finland,Finland,0,30-11-2020,06-12-2020,7,2020,49,5535992,1119,40,1069.892135,49.10786517,1079,0.722544397,0.88706532,0.045899828
Finland,Finland,0,07-12-2020,13-12-2020,7,2020,50,5535992,1106,43,1072.492135,33.50786517,1063,0.776735226,0.605273006,0.031242994
Finland,Finland,0,14-12-2020,20-12-2020,7,2020,51,5535992,1148,36,1100.092135,47.90786517,1112,0.650289957,0.865388988,0.043548957
Finland,Finland,0,21-12-2020,27-12-2020,7,2020,52,5535992,1129,21,1174.292135,-45.29213483,1108,0.379335808,-0.818139456,-0.038569734
Finland,Finland,0,28-12-2020,03-01-2021,7,2020,53,5535992,1177,28,1165.713483,11.28651685,1149,0.505781078,0.203875238,0.009682068
Finland,Finland,0,04-01-2021,10-01-2021,7,2021,1,5535992,1104,26,1159.374157,-55.3741573,1078,0.469653858,-1.000257177,-0.047762111
Finland,Finland,0,11-01-2021,17-01-2021,7,2021,2,5535992,1130,32,1175.707491,-45.70749064,1098,0.578035517,-0.825642281,-0.038876584
Finland,Finland,0,18-01-2021,24-01-2021,7,2021,3,5535992,1204,25,1167.707491,36.29250936,1179,0.451590248,0.655573732,0.031080137
Finland,Finland,0,25-01-2021,31-01-2021,7,2021,4,5535992,1159,15,1126.540824,32.45917603,1144,0.270954149,0.586329894,0.028813138
Finland,Finland,0,01-02-2021,07-02-2021,7,2021,5,5535992,1103,14,1140.874157,-37.8741573,1089,0.252890539,-0.684144004,-0.033197489
Finland,Finland,0,08-02-2021,14-02-2021,7,2021,6,5535992,1056,20,1135.540824,-79.54082397,1036,0.361272198,-1.436794417,-0.070046644
Finland,Finland,0,15-02-2021,21-02-2021,7,2021,7,5535992,1160,19,1112.540824,47.45917603,1141,0.343208588,0.857284043,0.042658368
Finland,Finland,0,22-02-2021,28-02-2021,7,2021,8,5535992,1133,28,1108.374157,24.6258427,1105,0.505781078,0.444831616,0.022217987
Finland,Finland,0,01-03-2021,07-03-2021,7,2021,9,5535992,1091,17,1136.05618,-45.05617978,1074,0.307081369,-0.813877256,-0.039660169
Finland,Finland,0,08-03-2021,14-03-2021,7,2021,10,5535992,1050,31,1118.45618,-68.45617978,1019,0.559971907,-1.236565728,-0.061205956
Finland,Finland,0,15-03-2021,21-03-2021,7,2021,11,5535992,1090,20,1118.65618,-28.65617978,1070,0.361272198,-0.517634053,-0.025616611
Finland,Finland,0,22-03-2021,28-03-2021,7,2021,12,5535992,1021,24,1103.45618,-82.45617978,997,0.433526638,-1.489456267,-0.074725378
Finland,Finland,0,29-03-2021,04-04-2021,7,2021,13,5535992,1053,14,1079.85618,-26.85617978,1039,0.252890539,-0.485119555,-0.024870145
Finland,Finland,0,05-04-2021,11-04-2021,7,2021,14,5535992,1056,11,1092.85618,-36.85617978,1045,0.198699709,-0.665755655,-0.033724639
Finland,Finland,0,12-04-2021,18-04-2021,7,2021,15,5535992,1033,15,1063.25618,-30.25617978,1018,0.270954149,-0.546535829,-0.028456152
Finland,Finland,0,19-04-2021,25-04-2021,7,2021,16,5535992,1055,8,1073.65618,-18.65617978,1047,0.144508879,-0.336997954,-0.017376307
Finland,Finland,0,26-04-2021,02-05-2021,7,2021,17,5535992,1009,10,1031.25618,-22.25617978,999,0.180636099,-0.40202695,-0.021581621
Finland,Finland,0,03-05-2021,09-05-2021,7,2021,18,5535992,1068,6,1053.65618,14.34382022,1062,0.10838166,0.259101173,0.013613378
Finland,Finland,0,10-05-2021,16-05-2021,7,2021,19,5535992,1116,17,1007.25618,108.7438202,1099,0.307081369,1.96430595,0.10796044
Finland,Finland,0,17-05-2021,23-05-2021,7,2021,20,5535992,1009,13,986.6561798,22.34382022,996,0.234826929,0.403610053,0.022646004
Finland,Finland,0,24-05-2021,30-05-2021,7,2021,21,5535992,996,3,974.4561798,21.54382022,993,0.05419083,0.389159165,0.022108557
Finland,Finland,0,31-05-2021,06-06-2021,7,2021,22,5535992,1013,4,966.2561798,46.74382022,1009,0.07225444,0.844362135,0.048376219
Finland,Finland,0,07-06-2021,13-06-2021,7,2021,23,5535992,981,3,982.0561798,-1.056179775,978,0.05419083,-0.019078419,-0.001075478
Finland,Finland,0,14-06-2021,20-06-2021,7,2021,24,5535992,1009,2,965.8561798,43.14382022,1007,0.03612722,0.779333139,0.04466899
Finland,Finland,0,21-06-2021,27-06-2021,7,2021,25,5535992,1080,2,982.8561798,97.14382022,1078,0.03612722,1.754768075,0.098838286
Finland,Finland,0,28-06-2021,04-07-2021,7,2021,26,5535992,1009,0,966.4561798,42.54382022,1009,0,0.768494973,0.044020434
Finland,Finland,0,05-07-2021,11-07-2021,7,2021,27,5535992,1092,2,961.6561798,130.3438202,1090,0.03612722,2.354479924,0.135540979
Finland,Finland,0,12-07-2021,18-07-2021,7,2021,28,5535992,1148,5,958.8561798,189.1438202,1143,0.09031805,3.416620187,0.197259844
Finland,Finland,0,19-07-2021,25-07-2021,7,2021,29,5535992,1015,5,975.4561798,39.54382022,1010,0.09031805,0.714304143,0.040538797
Finland,Finland,0,26-07-2021,01-08-2021,7,2021,30,5535992,1028,10,989.2561798,38.74382022,1018,0.180636099,0.699853255,0.039164598
Finland,Finland,0,02-08-2021,08-08-2021,7,2021,31,5535992,1063,17,954.4561798,108.5438202,1046,0.307081369,1.960693228,0.11372321
Finland,Finland,0,09-08-2021,15-08-2021,7,2021,32,5535992,1100,6,940.6561798,159.3438202,1094,0.10838166,2.878324611,0.169396453
Finland,Finland,0,16-08-2021,22-08-2021,7,2021,33,5535992,1081,9,966.2561798,114.7438202,1072,0.162572489,2.072687609,0.11875093
Finland,Finland,0,23-08-2021,29-08-2021,7,2021,34,5535992,1066,12,974.4561798,91.54382022,1054,0.216763319,1.653611859,0.093943496
Finland,Finland,0,30-08-2021,05-09-2021,7,2021,35,5535992,1079,13,978.8561798,100.1438202,1066,0.234826929,1.808958904,0.102306981
Finland,Finland,0,06-09-2021,12-09-2021,7,2021,36,5535992,1148,13,983.0561798,164.9438202,1135,0.234826929,2.979480827,0.167786769
Finland,Finland,0,13-09-2021,19-09-2021,7,2021,37,5535992,1064,11,980.8561798,83.14382022,1053,0.198699709,1.501877536,0.084766576
Finland,Finland,0,20-09-2021,26-09-2021,7,2021,38,5535992,1121,17,1002.45618,118.5438202,1104,0.307081369,2.141329327,0.118253369
Finland,Finland,0,27-09-2021,03-10-2021,7,2021,39,5535992,1134,25,1006.65618,127.3438202,1109,0.451590248,2.300289094,0.126501801
Finland,Finland,0,04-10-2021,10-10-2021,7,2021,40,5535992,1138,34,1032.25618,105.7438202,1104,0.614162737,1.91011512,0.102439513
Finland,Finland,0,11-10-2021,17-10-2021,7,2021,41,5535992,1187,21,1038.65618,148.3438202,1166,0.379335808,2.679624902,0.142822835
Finland,Finland,0,18-10-2021,24-10-2021,7,2021,42,5535992,1200,27,1031.25618,168.7438202,1173,0.487717468,3.048122545,0.163629391
Finland,Finland,0,25-10-2021,31-10-2021,7,2021,43,5535992,1129,34,1050.65618,78.34382022,1095,0.614162737,1.415172208,0.074566563
Finland,Finland,0,01-11-2021,07-11-2021,7,2021,44,5535992,1088,56,1048.45618,39.54382022,1032,1.011562155,0.714304143,0.037716236
Finland,Finland,0,08-11-2021,14-11-2021,7,2021,45,5535992,1161,43,1024.45618,136.5438202,1118,0.776735226,2.466474305,0.133284198
Finland,Finland,0,15-11-2021,21-11-2021,7,2021,46,5535992,1193,55,1010.65618,182.3438202,1138,0.993498546,3.29378764,0.180421219
Finland,Finland,0,22-11-2021,28-11-2021,7,2021,47,5535992,1229,61,1039.05618,189.9438202,1168,1.101880205,3.431071075,0.182804187
Finland,Finland,0,29-11-2021,05-12-2021,7,2021,48,5535992,1231,55,1048.45618,182.5438202,1176,0.993498546,3.297400362,0.174107248
Finland,Finland,0,06-12-2021,12-12-2021,7,2021,49,5535992,1300,44,1073.85618,226.1438202,1256,0.794798836,4.084973754,0.210590417
Finland,Finland,0,13-12-2021,19-12-2021,7,2021,50,5535992,1225,44,1076.45618,148.5438202,1181,0.794798836,2.683237624,0.137993374
Finland,Finland,0,20-12-2021,26-12-2021,7,2021,51,5535992,1236,44,1104.05618,131.9438202,1192,0.794798836,2.3833817,0.119508248
Finland,Finland,0,27-12-2021,02-01-2022,7,2021,52,5535992,1336,92,1178.25618,157.7438202,1244,1.661852113,2.849422836,0.133879052
Finland,Finland,0,03-01-2022,09-01-2022,7,2022,1,5535992,1279,83,1163.338202,115.6617978,1196,1.499279623,2.089269597,0.099422333
Finland,Finland,0,10-01-2022,16-01-2022,7,2022,2,5535992,1285,49,1179.671536,105.3284644,1236,0.885116886,1.902612295,0.089286264
Finland,Finland,0,17-01-2022,23-01-2022,7,2022,3,5535992,1403,23,1171.671536,231.3284644,1380,0.415463028,4.178627144,0.197434569
Finland,Finland,0,24-01-2022,30-01-2022,7,2022,4,5535992,1242,48,1130.504869,111.4951311,1194,0.867053276,2.014004556,0.098624194
Finland,Finland,0,31-01-2022,06-02-2022,7,2022,5,5535992,1309,116,1144.838202,164.1617978,1193,2.095378751,2.965354678,0.143393012
Finland,Finland,0,07-02-2022,13-02-2022,7,2022,6,5535992,1347,112,1139.504869,207.4951311,1235,2.023124311,3.748111108,0.18209236
Finland,Finland,0,14-02-2022,20-02-2022,7,2022,7,5535992,1264,107,1116.504869,147.4951311,1157,1.932806261,2.664294513,0.132104333
Finland,Finland,0,21-02-2022,27-02-2022,7,2022,8,5535992,1166,87,1112.338202,53.66179775,1079,1.571534063,0.969325782,0.04824234
Finland,Finland,0,28-02-2022,06-03-2022,7,2022,9,5535992,1243,23,1140.020225,102.9797753,1220,0.415463028,1.86018649,0.090331534
Finland,Finland,0,07-03-2022,13-03-2022,7,2022,10,5535992,1260,82,1122.420225,137.5797753,1178,1.481216013,2.485187393,0.122574213
Finland,Finland,0,14-03-2022,20-03-2022,7,2022,11,5535992,1240,130,1122.620225,117.3797753,1110,2.348269289,2.120302473,0.104558757
Finland,Finland,0,21-03-2022,27-03-2022,7,2022,12,5535992,1227,202,1107.420225,119.5797753,1025,3.648849204,2.160042415,0.107980487
Finland,Finland,0,28-03-2022,03-04-2022,7,2022,13,5535992,1273,193,1083.820225,189.1797753,1080,3.486276714,3.417269665,0.174549036
Finland,Finland,0,04-04-2022,10-04-2022,7,2022,14,5535992,1302,156,1096.820225,205.1797753,1146,2.817923147,3.706287424,0.187067826
Finland,Finland,0,11-04-2022,17-04-2022,7,2022,15,5535992,1259,183,1067.220225,191.7797753,1076,3.305640615,3.464235051,0.179700282
Finland,Finland,0,18-04-2022,24-04-2022,7,2022,16,5535992,1224,121,1077.620225,146.3797753,1103,2.1856968,2.644147161,0.135836143
Finland,Finland,0,25-04-2022,01-05-2022,7,2022,17,5535992,1202,301,1035.220225,166.7797753,901,5.437146585,3.012644803,0.1611056
Finland,Finland,0,02-05-2022,08-05-2022,7,2022,18,5535992,1190,211,1057.620225,132.3797753,979,3.811421693,2.391256622,0.125167591
Finland,Finland,0,09-05-2022,15-05-2022,7,2022,19,5535992,1134,134,1011.220225,122.7797753,1000,2.420523729,2.217845967,0.121417444
Finland,Finland,0,16-05-2022,22-05-2022,7,2022,20,5535992,1088,122,990.6202247,97.37977528,966,2.20376041,1.759030275,0.098301824
Finland,Finland,0,23-05-2022,29-05-2022,7,2022,21,5535992,1047,116,978.4202247,68.57977528,931,2.095378751,1.238798309,0.070092352
Finland,Finland,0,30-05-2022,05-06-2022,7,2022,22,5535992,979,105,970.2202247,8.779775281,874,1.896679041,0.158594436,0.00904926
France,France,0,30-12-2019,05-01-2020,7,2020,1,67422000,12737,0,13487.79846,-750.7984551,12737,0,-1.113580812,-0.055665011
France,France,0,06-01-2020,12-01-2020,7,2020,2,67422000,13200,0,13663.29846,-463.2984551,13200,0,-0.687162136,-0.033908244
France,France,0,13-01-2020,19-01-2020,7,2020,3,67422000,12598,0,13268.79846,-670.7984551,12598,0,-0.99492518,-0.050554574
France,France,0,20-01-2020,26-01-2020,7,2020,4,67422000,12331,0,13108.29846,-777.2984551,12331,0,-1.15288549,-0.059298196
France,France,0,27-01-2020,02-02-2020,7,2020,5,67422000,12541,0,13143.63179,-602.6317884,12541,0,-0.893820694,-0.045849716
France,France,0,03-02-2020,09-02-2020,7,2020,6,67422000,12407,0,13219.96512,-812.9651217,12407,0,-1.205786126,-0.061495255
France,France,0,10-02-2020,16-02-2020,7,2020,7,67422000,12261,1,13057.63179,-796.6317884,12260,0.001483195,-1.181560601,-0.061008903
France,France,0,17-02-2020,23-02-2020,7,2020,8,67422000,11835,0,12877.46512,-1042.465122,11835,0,-1.546179469,-0.080952665
France,France,0,24-02-2020,01-03-2020,7,2020,9,67422000,12042,1,13115.15815,-1073.158146,12041,0.001483195,-1.591703222,-0.081825788
France,France,0,02-03-2020,08-03-2020,7,2020,10,67422000,12139,17,12816.55815,-677.5581461,12122,0.025214322,-1.004951123,-0.052865843
France,France,0,09-03-2020,15-03-2020,7,2020,11,67422000,12554,72,12229.75815,324.2418539,12482,0.106790069,0.480914025,0.026512532
France,France,0,16-03-2020,22-03-2020,7,2020,12,67422000,13939,585,11937.95815,2001.041854,13354,0.867669307,2.967936065,0.16762011
France,France,0,23-03-2020,29-03-2020,7,2020,13,67422000,16188,1932,11835.35815,4352.641854,14256,2.865533505,6.455818359,0.36776596
France,France,0,30-03-2020,05-04-2020,7,2020,14,67422000,18805,5473,11573.15815,7231.841854,13332,8.117528403,10.72623454,0.624880587
France,France,0,06-04-2020,12-04-2020,7,2020,15,67422000,17563,6315,11366.55815,6196.441854,11248,9.366378927,9.19053403,0.545146717
France,France,0,13-04-2020,19-04-2020,7,2020,16,67422000,15396,5298,11220.75815,4175.241854,10098,7.857969209,6.192699496,0.372099799
France,France,0,20-04-2020,26-04-2020,7,2020,17,67422000,12821,3136,11110.35815,1710.641854,9685,4.651300762,2.537216122,0.153968201
France,France,0,27-04-2020,03-05-2020,7,2020,18,67422000,11260,2068,10969.95815,290.0418539,9192,3.067248079,0.430188742,0.02643965
France,France,0,04-05-2020,10-05-2020,7,2020,19,67422000,11030,1485,10832.15815,197.8418539,9545,2.202545163,0.293438127,0.018264306
France,France,0,11-05-2020,17-05-2020,7,2020,20,67422000,10755,1730,10726.15815,28.84185393,9025,2.565928035,0.042778105,0.002688927
France,France,0,18-05-2020,24-05-2020,7,2020,21,67422000,11116,556,10723.95815,392.0418539,10560,0.82465664,0.581474673,0.03655757
France,France,0,25-05-2020,31-05-2020,7,2020,22,67422000,10434,433,10458.55815,-24.55814607,10001,0.642223607,-0.036424529,-0.002348139
France,France,0,01-06-2020,07-06-2020,7,2020,23,67422000,10392,353,10400.55815,-8.558146067,10039,0.523567975,-0.012693403,-0.000822854
France,France,0,08-06-2020,14-06-2020,7,2020,24,67422000,10360,253,10286.15815,73.84185393,10107,0.375248435,0.109521898,0.007178759
France,France,0,15-06-2020,21-06-2020,7,2020,25,67422000,10427,233,10558.35815,-131.3581461,10194,0.345584527,-0.194829797,-0.012441153
France,France,0,22-06-2020,28-06-2020,7,2020,26,67422000,11111,137,10579.15815,531.8418539,10974,0.203197769,0.788825389,0.050272606
France,France,0,29-06-2020,05-07-2020,7,2020,27,67422000,10020,115,10939.55815,-919.5581461,9905,0.170567471,-1.363884409,-0.08405807
France,France,0,06-07-2020,12-07-2020,7,2020,28,67422000,10316,117,10411.55815,-95.55814607,10199,0.173533861,-0.141731402,-0.009178083
France,France,0,13-07-2020,19-07-2020,7,2020,29,67422000,10129,146,10637.55815,-508.5581461,9983,0.216546528,-0.754291101,-0.04780779
France,France,0,20-07-2020,26-07-2020,7,2020,30,67422000,10542,51,10629.55815,-87.55814607,10491,0.075642965,-0.129865839,-0.008237233
France,France,0,27-07-2020,02-08-2020,7,2020,31,67422000,10866,72,10349.55815,516.4418539,10794,0.106790069,0.76598418,0.049899894
France,France,0,03-08-2020,09-08-2020,7,2020,32,67422000,10748,61,10451.55815,296.4418539,10687,0.090474919,0.439681193,0.028363412
France,France,0,10-08-2020,16-08-2020,7,2020,33,67422000,11767,86,10215.95815,1551.041854,11681,0.127554804,2.300498137,0.151825392
France,France,0,17-08-2020,23-08-2020,7,2020,34,67422000,10490,103,10488.95815,1.041853933,10387,0.152769126,0.001545273,9.93286E-05
France,France,0,24-08-2020,30-08-2020,7,2020,35,67422000,10503,97,10475.15815,27.84185393,10406,0.143869953,0.04129491,0.002657893
France,France,0,31-08-2020,06-09-2020,7,2020,36,67422000,10623,117,10271.35815,351.6418539,10506,0.173533861,0.521553579,0.034235186
France,France,0,07-09-2020,13-09-2020,7,2020,37,67422000,11199,215,10549.15815,649.8418539,10984,0.31888701,0.963842446,0.0616013
France,France,0,14-09-2020,20-09-2020,7,2020,38,67422000,11781,369,10807.55815,973.4418539,11412,0.547299101,1.443804476,0.090070471
France,France,0,21-09-2020,27-09-2020,7,2020,39,67422000,10868,439,10821.35815,46.64185393,10429,0.651122779,0.069178983,0.004310166
France,France,0,28-09-2020,04-10-2020,7,2020,40,67422000,11856,485,11067.35815,788.6418539,11371,0.719349767,1.169709967,0.071258366
France,France,0,05-10-2020,11-10-2020,7,2020,41,67422000,11841,500,11340.75815,500.2418539,11341,0.741597698,0.741956415,0.044110089
France,France,0,12-10-2020,18-10-2020,7,2020,42,67422000,12167,749,11204.35815,962.6418539,11418,1.110913352,1.427785966,0.085916734
France,France,0,19-10-2020,25-10-2020,7,2020,43,67422000,13689,1181,11350.15815,2338.841854,12508,1.751653763,3.46895947,0.20606249
France,France,0,26-10-2020,01-11-2020,7,2020,44,67422000,14613,2400,11366.55815,3246.441854,12213,3.559668951,4.815107612,0.285613447
France,France,0,02-11-2020,08-11-2020,7,2020,45,67422000,15609,3457,11482.15815,4126.841854,12152,5.127406485,6.120912838,0.359413431
France,France,0,09-11-2020,15-11-2020,7,2020,46,67422000,15467,4109,11495.15815,3971.841854,11358,6.094449883,5.891017552,0.345523028
France,France,0,16-11-2020,22-11-2020,7,2020,47,67422000,14993,4182,11615.75815,3377.241854,10811,6.202723147,5.009109569,0.290746571
France,France,0,23-11-2020,29-11-2020,7,2020,48,67422000,14697,3595,11743.35815,2953.641854,11102,5.332087449,4.380828,0.251515948
France,France,0,30-11-2020,06-12-2020,7,2020,49,67422000,14533,2830,11864.75815,2668.241854,11703,4.197442971,3.957524034,0.22488801
France,France,0,07-12-2020,13-12-2020,7,2020,50,67422000,14504,2756,12154.95815,2349.041854,11748,4.087686512,3.484088063,0.193257914
France,France,0,14-12-2020,20-12-2020,7,2020,51,67422000,14106,2638,12498.15815,1607.841854,11468,3.912669455,2.384743636,0.128646304
France,France,0,21-12-2020,27-12-2020,7,2020,52,67422000,13801,2197,12811.55815,989.4418539,11604,3.258580285,1.467535603,0.077230407
France,France,0,28-12-2020,03-01-2021,7,2020,53,67422000,14365,2291,12691.56461,1673.435393,12074,3.398000653,2.482031671,0.131854144
France,France,0,04-01-2021,10-01-2021,7,2021,1,67422000,14678,2713,13552.11784,1125.882163,11965,4.02390911,1.669903241,0.08307795
France,France,0,11-01-2021,17-01-2021,7,2021,2,67422000,14638,2533,13727.61784,910.3821629,12105,3.756933938,1.350274633,0.066317563
France,France,0,18-01-2021,24-01-2021,7,2021,3,67422000,15149,2766,13333.11784,1815.882163,12383,4.102518466,2.693308064,0.136193363
France,France,0,25-01-2021,31-01-2021,7,2021,4,67422000,14785,3008,13172.61784,1612.382163,11777,4.461451752,2.391477801,0.12240408
France,France,0,01-02-2021,07-02-2021,7,2021,5,67422000,14437,2908,13207.95117,1229.04883,11529,4.313132212,1.822919566,0.093053708
France,France,0,08-02-2021,14-02-2021,7,2021,6,67422000,14158,2849,13284.2845,873.7154963,11309,4.225623684,1.295890802,0.06577061
France,France,0,15-02-2021,21-02-2021,7,2021,7,67422000,14132,2466,13121.95117,1010.04883,11666,3.657559847,1.498099774,0.076973982
France,France,0,22-02-2021,28-02-2021,7,2021,8,67422000,13320,2148,12941.7845,378.2154963,11172,3.185903711,0.560967483,0.02922437
France,France,0,01-03-2021,07-03-2021,7,2021,9,67422000,12964,2146,13179.47753,-215.4775281,10818,3.18293732,-0.319595278,-0.016349474
France,France,0,08-03-2021,14-03-2021,7,2021,10,67422000,12799,1856,12880.87753,-81.87752809,10943,2.752810655,-0.121440373,-0.006356518
France,France,0,15-03-2021,21-03-2021,7,2021,11,67422000,12965,1849,12294.07753,670.9224719,11116,2.742428288,0.995109122,0.054572819
France,France,0,22-03-2021,28-03-2021,7,2021,12,67422000,12778,2318,12002.27753,775.7224719,10460,3.438046928,1.150547999,0.064631273
France,France,0,29-03-2021,04-04-2021,7,2021,13,67422000,13241,2055,11899.67753,1341.322472,11186,3.047966539,1.989443315,0.112719229
France,France,0,05-04-2021,11-04-2021,7,2021,14,67422000,12999,2100,11637.47753,1361.522472,10899,3.114710332,2.019403862,0.116994638
France,France,0,12-04-2021,18-04-2021,7,2021,15,67422000,13087,1983,11430.87753,1656.122472,11104,2.941176471,2.456353226,0.144881482
France,France,0,19-04-2021,25-04-2021,7,2021,16,67422000,13222,2125,11285.07753,1936.922472,11097,3.151790217,2.872834493,0.171635726
France,France,0,26-04-2021,02-05-2021,7,2021,17,67422000,12748,1962,11174.67753,1573.322472,10786,2.910029367,2.333544647,0.140793546
France,France,0,03-05-2021,09-05-2021,7,2021,18,67422000,12505,1573,11034.27753,1470.722472,10932,2.333066358,2.181368799,0.133286703
France,France,0,10-05-2021,16-05-2021,7,2021,19,67422000,11505,1224,10896.47753,608.5224719,10281,1.815431165,0.902557729,0.055845797
France,France,0,17-05-2021,23-05-2021,7,2021,20,67422000,11241,981,10790.47753,450.5224719,10260,1.455014684,0.668212856,0.041751857
France,France,0,24-05-2021,30-05-2021,7,2021,21,67422000,11056,806,10788.27753,267.7224719,10250,1.195455489,0.397084738,0.024816053
France,France,0,31-05-2021,06-06-2021,7,2021,22,67422000,10818,603,10522.87753,295.1224719,10215,0.894366824,0.437724292,0.028045796
France,France,0,07-06-2021,13-06-2021,7,2021,23,67422000,10675,396,10464.87753,210.1224719,10279,0.587345377,0.311652683,0.020078828
France,France,0,14-06-2021,20-06-2021,7,2021,24,67422000,10860,348,10350.47753,509.5224719,10512,0.516151998,0.755721385,0.049226953
France,France,0,21-06-2021,27-06-2021,7,2021,25,67422000,9861,231,10622.67753,-761.6775281,9630,0.342618137,-1.129716603,-0.07170297
France,France,0,28-06-2021,04-07-2021,7,2021,26,67422000,10136,195,10643.47753,-507.4775281,9941,0.289223102,-0.752688333,-0.047679673
France,France,0,05-07-2021,11-07-2021,7,2021,27,67422000,10493,165,11003.87753,-510.8775281,10328,0.24472724,-0.757731198,-0.046427046
France,France,0,12-07-2021,18-07-2021,7,2021,28,67422000,10330,147,10475.87753,-145.8775281,10183,0.218029723,-0.216364878,-0.013925089
France,France,0,19-07-2021,25-07-2021,7,2021,29,67422000,11498,151,10701.87753,796.1224719,11347,0.223962505,1.180805185,0.074390916
France,France,0,26-07-2021,01-08-2021,7,2021,30,67422000,10676,269,10693.87753,-17.87752809,10407,0.398979562,-0.026515867,-0.001671754
France,France,0,02-08-2021,08-08-2021,7,2021,31,67422000,10545,340,10413.87753,131.1224719,10205,0.504286435,0.194480247,0.012591129
France,France,0,09-08-2021,15-08-2021,7,2021,32,67422000,11581,467,10515.87753,1065.122472,11114,0.69265225,1.579784747,0.101287075
France,France,0,16-08-2021,22-08-2021,7,2021,33,67422000,11219,781,10280.27753,938.7224719,10438,1.158375604,1.392308849,0.09131295
France,France,0,23-08-2021,29-08-2021,7,2021,34,67422000,10923,724,10553.27753,369.7224719,10199,1.073833467,0.548370668,0.0350339
France,France,0,30-08-2021,05-09-2021,7,2021,35,67422000,11469,679,10539.47753,929.5224719,10790,1.007089674,1.378663451,0.08819436
France,France,0,06-09-2021,12-09-2021,7,2021,36,67422000,11732,651,10335.67753,1396.322472,11081,0.965560203,2.071019062,0.135097333
France,France,0,13-09-2021,19-09-2021,7,2021,37,67422000,10949,509,10613.47753,335.5224719,10440,0.754946457,0.497645386,0.031612869
France,France,0,20-09-2021,26-09-2021,7,2021,38,67422000,10914,407,10871.87753,42.12247191,10507,0.603660526,0.062475856,0.003874443
France,France,0,27-09-2021,03-10-2021,7,2021,39,67422000,11310,334,10885.67753,424.3224719,10976,0.495387262,0.629353137,0.038979886
France,France,0,04-10-2021,10-10-2021,7,2021,40,67422000,11407,279,11131.67753,275.3224719,11128,0.413811516,0.408357023,0.024733242
France,France,0,11-10-2021,17-10-2021,7,2021,41,67422000,12067,208,11405.07753,661.9224719,11859,0.308504642,0.981760363,0.058037525
France,France,0,18-10-2021,24-10-2021,7,2021,42,67422000,11979,204,11268.67753,710.3224719,11775,0.302571861,1.05354702,0.063035123
France,France,0,25-10-2021,31-10-2021,7,2021,43,67422000,12249,211,11414.47753,834.5224719,12038,0.312954229,1.237759888,0.073110878
France,France,0,01-11-2021,07-11-2021,7,2021,44,67422000,11681,238,11430.87753,250.1224719,11443,0.353000504,0.370980499,0.021881301
France,France,0,08-11-2021,14-11-2021,7,2021,45,67422000,12131,232,11546.47753,584.5224719,11899,0.344101332,0.866961039,0.050623445
France,France,0,15-11-2021,21-11-2021,7,2021,46,67422000,12252,318,11559.47753,692.5224719,11934,0.471656136,1.027146142,0.059909496
France,France,0,22-11-2021,28-11-2021,7,2021,47,67422000,12848,447,11680.07753,1167.922472,12401,0.662988342,1.732257233,0.099992699
France,France,0,29-11-2021,05-12-2021,7,2021,48,67422000,13510,642,11807.67753,1702.322472,12868,0.952211444,2.524876853,0.144170813
France,France,0,06-12-2021,12-12-2021,7,2021,49,67422000,13980,899,11929.07753,2050.922472,13081,1.333392661,3.041918768,0.171926326
France,France,0,13-12-2021,19-12-2021,7,2021,50,67422000,13894,1062,12219.27753,1674.722472,12832,1.575153511,2.48394066,0.137055768
France,France,0,20-12-2021,26-12-2021,7,2021,51,67422000,14593,1149,12562.47753,2030.522472,13444,1.70419151,3.011661582,0.161633919
France,France,0,27-12-2021,02-01-2022,7,2021,52,67422000,14722,1302,12875.87753,1846.122472,13420,1.931120406,2.738160351,0.143378381
France,France,0,03-01-2022,09-01-2022,7,2022,1,67422000,14558,1497,13616.43722,941.5627809,13061,2.220343508,1.396521582,0.069148983
France,France,0,10-01-2022,16-01-2022,7,2022,2,67422000,14533,1513,13791.93722,741.0627809,13020,2.244074634,1.099140905,0.053731595
France,France,0,17-01-2022,23-01-2022,7,2022,3,67422000,14457,1679,13397.43722,1059.562781,12778,2.49028507,1.571538639,0.079086975
France,France,0,24-01-2022,30-01-2022,7,2022,4,67422000,15059,1955,13236.93722,1822.062781,13104,2.899646999,2.702475128,0.137649877
France,France,0,31-01-2022,06-02-2022,7,2022,5,67422000,15092,1923,13272.27055,1819.729448,13169,2.852184747,2.699014339,0.137107622
France,France,0,07-02-2022,13-02-2022,7,2022,6,67422000,14280,2300,13348.60389,931.3961142,11980,3.411349411,1.381442429,0.069774796
France,France,0,14-02-2022,20-02-2022,7,2022,7,67422000,13700,1791,13186.27055,513.7294476,11909,2.656402955,0.761961152,0.03895942
France,France,0,21-02-2022,27-02-2022,7,2022,8,67422000,12725,1540,13006.10389,-281.1038858,11185,2.28412091,-0.416931989,-0.021613228
France,France,0,28-02-2022,06-03-2022,7,2022,9,67422000,12776,1140,13243.79691,-467.7969101,11636,1.690842752,-0.693834223,-0.035321963
France,France,0,07-03-2022,13-03-2022,7,2022,10,67422000,12548,832,12945.19691,-397.1969101,11716,1.23401857,-0.589120628,-0.030682956
France,France,0,14-03-2022,20-03-2022,7,2022,11,67422000,12368,826,12358.39691,9.603089888,11542,1.225119397,0.014243259,0.00077705
France,France,0,21-03-2022,27-03-2022,7,2022,12,67422000,12395,739,12066.59691,328.4030899,11656,1.096081398,0.487085951,0.027215883
France,France,0,28-03-2022,03-04-2022,7,2022,13,67422000,12810,834,11963.99691,846.0030899,11976,1.23698496,1.254787888,0.070712413
France,France,0,04-04-2022,10-04-2022,7,2022,14,67422000,13055,782,11701.79691,1353.20309,12273,1.1598588,2.007064593,0.115640623
France,France,0,11-04-2022,17-04-2022,7,2022,15,67422000,13176,869,11495.19691,1680.80309,12307,1.288896799,2.492959405,0.14621786
France,France,0,18-04-2022,24-04-2022,7,2022,16,67422000,12670,903,11349.39691,1320.60309,11767,1.339325443,1.958712423,0.116358878
France,France,0,25-04-2022,01-05-2022,7,2022,17,67422000,12052,902,11238.99691,813.0030899,11150,1.337842247,1.20584244,0.072337691
France,France,0,02-05-2022,08-05-2022,7,2022,18,67422000,11982,762,11098.59691,883.4030899,11220,1.130194892,1.310259396,0.079595925
France,France,0,09-05-2022,15-05-2022,7,2022,19,67422000,11412,551,10960.79691,451.2030899,10861,0.817240663,0.669222346,0.041165172
France,France,0,16-05-2022,22-05-2022,7,2022,20,67422000,11145,510,10854.79691,290.2030899,10635,0.756429652,0.430427887,0.026735009
France,France,0,23-05-2022,29-05-2022,7,2022,21,67422000,10142,345,10852.59691,-710.5969101,9797,0.511702412,-1.053954066,-0.065477131
France,France,0,30-05-2022,05-06-2022,7,2022,22,67422000,10654,340,10587.19691,66.80308989,10314,0.504286435,0.099082035,0.0063098
France,France,0,06-06-2022,12-06-2022,7,2022,23,67422000,9686,279,10529.19691,-843.1969101,9407,0.413811516,-1.250625775,-0.080081788
Germany,Germany,0,30-12-2019,05-01-2020,7,2020,1,83408554,18883,0,19399.36189,-516.3618914,18883,0,-0.619075462,-0.026617468
Germany,Germany,0,06-01-2020,12-01-2020,7,2020,2,83408554,19408,0,19754.52856,-346.5285581,19408,0,-0.415459256,-0.017541728
Germany,Germany,0,13-01-2020,19-01-2020,7,2020,3,83408554,18953,0,19675.52856,-722.5285581,18953,0,-0.866252349,-0.036722193
Germany,Germany,0,20-01-2020,26-01-2020,7,2020,4,83408554,18827,0,19837.69522,-1010.695225,18827,0,-1.211740495,-0.050948218
Germany,Germany,0,27-01-2020,02-02-2020,7,2020,5,83408554,19774,0,20563.36189,-789.3618914,19774,0,-0.946380022,-0.038386811
Germany,Germany,0,03-02-2020,09-02-2020,7,2020,6,83408554,19038,0,20447.02856,-1409.028558,19038,0,-1.689309418,-0.068911165
Germany,Germany,0,10-02-2020,16-02-2020,7,2020,7,83408554,19648,0,21000.02856,-1352.028558,19648,0,-1.620971103,-0.064382225
Germany,Germany,0,17-02-2020,23-02-2020,7,2020,8,83408554,18953,0,21263.69522,-2310.695225,18953,0,-2.770333634,-0.108668564
Germany,Germany,0,24-02-2020,01-03-2020,7,2020,9,83408554,19505,0,22233.23427,-2728.23427,19505,0,-3.270928626,-0.122709734
Germany,Germany,0,02-03-2020,08-03-2020,7,2020,10,83408554,19667,0,21721.83427,-2054.83427,19667,0,-2.46357738,-0.094597641
Germany,Germany,0,09-03-2020,15-03-2020,7,2020,11,83408554,19849,12,20794.63427,-945.6342697,19837,0.014387014,-1.133737757,-0.045474917
Germany,Germany,0,16-03-2020,22-03-2020,7,2020,12,83408554,19722,43,19931.03427,-209.0342697,19679,0.051553465,-0.250614907,-0.010487879
Germany,Germany,0,23-03-2020,29-03-2020,7,2020,13,83408554,19678,334,19261.83427,416.1657303,19344,0.400438545,0.498948502,0.021605716
Germany,Germany,0,30-03-2020,05-04-2020,7,2020,14,83408554,20662,953,18807.23427,1854.76573,19709,1.142568663,2.223711648,0.098619803
Germany,Germany,0,06-04-2020,12-04-2020,7,2020,15,83408554,20502,1331,18221.23427,2280.76573,19171,1.595759591,2.73445063,0.125170759
Germany,Germany,0,13-04-2020,19-04-2020,7,2020,16,83408554,19261,1621,17799.23427,1461.76573,17640,1.943445753,1.752536952,0.082125203
Germany,Germany,0,20-04-2020,26-04-2020,7,2020,17,83408554,18557,1346,17745.83427,811.1657303,17211,1.613743358,0.972521032,0.045710205
Germany,Germany,0,27-04-2020,03-05-2020,7,2020,18,83408554,17920,1009,17282.03427,637.9657303,16911,1.209708059,0.764868469,0.036914967
Germany,Germany,0,04-05-2020,10-05-2020,7,2020,19,83408554,17651,746,17555.03427,95.96573034,16905,0.894392678,0.115055022,0.005466565
Germany,Germany,0,11-05-2020,17-05-2020,7,2020,20,83408554,17001,519,17120.43427,-119.4342697,16482,0.622238338,-0.143191872,-0.006976124
Germany,Germany,0,18-05-2020,24-05-2020,7,2020,21,83408554,17163,333,16809.43427,353.5657303,16830,0.399239627,0.423896247,0.021033767
Germany,Germany,0,25-05-2020,31-05-2020,7,2020,22,83408554,16776,253,16959.03427,-183.0342697,16523,0.303326203,-0.219443044,-0.01079273
Germany,Germany,0,01-06-2020,07-06-2020,7,2020,23,83408554,17262,168,16802.83427,459.1657303,17094,0.20141819,0.550501967,0.027326683
Germany,Germany,0,08-06-2020,14-06-2020,7,2020,24,83408554,16601,119,16305.83427,295.1657303,16482,0.142671218,0.353879448,0.018101848
Germany,Germany,0,15-06-2020,21-06-2020,7,2020,25,83408554,16401,96,16643.43427,-242.4342697,16305,0.115096109,-0.290658761,-0.014566361
Germany,Germany,0,22-06-2020,28-06-2020,7,2020,26,83408554,17293,75,16760.23427,532.7657303,17218,0.089918835,0.638742317,0.031787487
Germany,Germany,0,29-06-2020,05-07-2020,7,2020,27,83408554,16457,55,17293.23427,-836.2342697,16402,0.065940479,-1.00257615,-0.048356152
Germany,Germany,0,06-07-2020,12-07-2020,7,2020,28,83408554,16142,51,16582.43427,-440.4342697,16091,0.061144808,-0.528044485,-0.02656029
Germany,Germany,0,13-07-2020,19-07-2020,7,2020,29,83408554,16537,21,16993.23427,-456.2342697,16516,0.025177274,-0.546987387,-0.026847995
Germany,Germany,0,20-07-2020,26-07-2020,7,2020,30,83408554,16887,34,17568.83427,-681.8342697,16853,0.040763205,-0.817463242,-0.038809306
Germany,Germany,0,27-07-2020,02-08-2020,7,2020,31,83408554,17433,30,17231.43427,201.5657303,17403,0.035967534,0.241660742,0.01169756
Germany,Germany,0,03-08-2020,09-08-2020,7,2020,32,83408554,17470,55,16865.43427,604.5657303,17415,0.065940479,0.724824615,0.035846437
Germany,Germany,0,10-08-2020,16-08-2020,7,2020,33,83408554,19720,35,16699.63427,3020.36573,19685,0.041962123,3.621170234,0.180864184
Germany,Germany,0,17-08-2020,23-08-2020,7,2020,34,83408554,17559,38,16504.43427,1054.56573,17521,0.045558876,1.264337625,0.063895903
Germany,Germany,0,24-08-2020,30-08-2020,7,2020,35,83408554,16656,26,16661.23427,-5.234269663,16630,0.031171863,-0.006275459,-0.000314159
Germany,Germany,0,31-08-2020,06-09-2020,7,2020,36,83408554,16789,30,16248.23427,540.7657303,16759,0.035967534,0.648333659,0.033281507
Germany,Germany,0,07-09-2020,13-09-2020,7,2020,37,83408554,17155,24,16490.43427,664.5657303,17131,0.028774027,0.796759683,0.040300075
Germany,Germany,0,14-09-2020,20-09-2020,7,2020,38,83408554,17555,37,16536.63427,1018.36573,17518,0.044359959,1.2209368,0.061582406
Germany,Germany,0,21-09-2020,27-09-2020,7,2020,39,83408554,17446,71,16701.63427,744.3657303,17375,0.085123164,0.892433323,0.044568437
Germany,Germany,0,28-09-2020,04-10-2020,7,2020,40,83408554,17614,72,16870.63427,743.3657303,17542,0.086322082,0.891234405,0.044062702
Germany,Germany,0,05-10-2020,11-10-2020,7,2020,41,83408554,17501,86,17543.83427,-42.83426966,17415,0.103106931,-0.051354768,-0.002441557
Germany,Germany,0,12-10-2020,18-10-2020,7,2020,42,83408554,17754,162,17447.63427,306.3657303,17592,0.194224683,0.367307327,0.017559156
Germany,Germany,0,19-10-2020,25-10-2020,7,2020,43,83408554,18588,255,17461.63427,1126.36573,18333,0.305724039,1.350419923,0.064505172
Germany,Germany,0,26-10-2020,01-11-2020,7,2020,44,83408554,18584,449,17381.43427,1202.56573,18135,0.538314092,1.441777459,0.069186795
Germany,Germany,0,02-11-2020,08-11-2020,7,2020,45,83408554,19007,808,17805.43427,1201.56573,18199,0.968725582,1.440578541,0.06748309
Germany,Germany,0,09-11-2020,15-11-2020,7,2020,46,83408554,19727,1196,17854.83427,1872.16573,18531,1.433905688,2.244572817,0.104854837
Germany,Germany,0,16-11-2020,22-11-2020,7,2020,47,83408554,20182,1537,18028.63427,2153.36573,18645,1.842736657,2.581708502,0.119441423
Germany,Germany,0,23-11-2020,29-11-2020,7,2020,48,83408554,21304,2101,18176.83427,3127.16573,19203,2.518926296,3.749214655,0.172041274
Germany,Germany,0,30-11-2020,06-12-2020,7,2020,49,83408554,22604,2649,18593.83427,4010.16573,19955,3.17593325,4.807859072,0.215671801
Germany,Germany,0,07-12-2020,13-12-2020,7,2020,50,83408554,24003,3015,18574.83427,5428.16573,20988,3.614737165,6.507924511,0.292232256
Germany,Germany,0,14-12-2020,20-12-2020,7,2020,51,83408554,24724,4262,18944.63427,5779.36573,20462,5.10978766,6.928984442,0.305066102
Germany,Germany,0,21-12-2020,27-12-2020,7,2020,52,83408554,25554,3729,18623.43427,6930.56573,21825,4.470764473,8.309178613,0.372142196
Germany,Germany,0,28-12-2020,03-01-2021,7,2020,53,83408554,25497,4494,18464.92697,7032.073034,21003,5.38793659,8.430877526,0.380834056
Germany,Germany,0,04-01-2021,10-01-2021,7,2021,1,83408554,24849,6071,19491.83998,5357.160019,18778,7.278629959,6.4227945,0.274841166
Germany,Germany,0,11-01-2021,17-01-2021,7,2021,2,83408554,24503,6076,19847.00665,4655.993352,18427,7.284624548,5.582153303,0.234594236
Germany,Germany,0,18-01-2021,24-01-2021,7,2021,3,83408554,24077,5451,19768.00665,4308.993352,18626,6.535300924,5.166128827,0.217978142
Germany,Germany,0,25-01-2021,31-01-2021,7,2021,4,83408554,22645,5075,19930.17331,2714.826685,17570,6.084507831,3.254854035,0.136216913
Germany,Germany,0,01-02-2021,07-02-2021,7,2021,5,83408554,21736,4572,20655.83998,1080.160019,17164,5.481452178,1.295023072,0.052293202
Germany,Germany,0,08-02-2021,14-02-2021,7,2021,6,83408554,20932,3443,20539.50665,392.4933521,17489,4.127873983,0.470567266,0.019109191
Germany,Germany,0,15-02-2021,21-02-2021,7,2021,7,83408554,20469,2881,21092.50665,-623.5066479,17588,3.45408218,-0.747533218,-0.029560576
Germany,Germany,0,22-02-2021,28-02-2021,7,2021,8,83408554,18953,2204,21356.17331,-2403.173315,16749,2.64241483,-2.881207262,-0.112528274
Germany,Germany,0,01-03-2021,07-03-2021,7,2021,9,83408554,18441,1855,22325.71236,-3884.71236,16586,2.223992518,-4.657450793,-0.17400172
Germany,Germany,0,08-03-2021,14-03-2021,7,2021,10,83408554,18610,1471,21814.31236,-3204.31236,17139,1.763608083,-3.841707122,-0.146890368
Germany,Germany,0,15-03-2021,21-03-2021,7,2021,11,83408554,18337,1293,20887.11236,-2550.11236,17044,1.550200714,-3.057375098,-0.12209023
Germany,Germany,0,22-03-2021,28-03-2021,7,2021,12,83408554,18397,1206,20023.51236,-1626.51236,17191,1.445894866,-1.950054619,-0.081230122
Germany,Germany,0,29-03-2021,04-04-2021,7,2021,13,83408554,18495,1093,19354.31236,-859.3123596,17402,1.310417155,-1.030244883,-0.044399013
Germany,Germany,0,05-04-2021,11-04-2021,7,2021,14,83408554,18828,1390,18899.71236,-71.71235955,17438,1.666495741,-0.085977224,-0.003794362
Germany,Germany,0,12-04-2021,18-04-2021,7,2021,15,83408554,19069,1561,18313.71236,755.2876404,17508,1.871510685,0.905527796,0.041241646
Germany,Germany,0,19-04-2021,25-04-2021,7,2021,16,83408554,19251,1650,17891.71236,1359.28764,17601,1.978214369,1.629674146,0.075973032
Germany,Germany,0,26-04-2021,02-05-2021,7,2021,17,83408554,19511,1628,17838.31236,1672.68764,17883,1.951838177,2.005414985,0.093769388
Germany,Germany,0,03-05-2021,09-05-2021,7,2021,18,83408554,19309,1583,17374.51236,1934.48764,17726,1.897886876,2.319291665,0.111340543
Germany,Germany,0,10-05-2021,16-05-2021,7,2021,19,83408554,18592,1321,17647.51236,944.4876404,17271,1.583770413,1.132363043,0.053519591
Germany,Germany,0,17-05-2021,23-05-2021,7,2021,20,83408554,17793,1284,17212.91236,580.0876404,16509,1.539410454,0.695477397,0.033700726
Germany,Germany,0,24-05-2021,30-05-2021,7,2021,21,83408554,17166,1026,16901.91236,264.0876404,16140,1.230089662,0.316619373,0.01562472
Germany,Germany,0,31-05-2021,06-06-2021,7,2021,22,83408554,18164,816,17051.51236,1112.48764,17348,0.978316924,1.333781234,0.065242755
Germany,Germany,0,07-06-2021,13-06-2021,7,2021,23,83408554,17410,612,16895.31236,514.6876404,16798,0.733737693,0.617068173,0.03046334
Germany,Germany,0,14-06-2021,20-06-2021,7,2021,24,83408554,19052,551,16398.31236,2653.68764,18501,0.660603707,3.181553346,0.161826875
Germany,Germany,0,21-06-2021,27-06-2021,7,2021,25,83408554,17189,369,16735.91236,453.0876404,16820,0.442400668,0.543214837,0.027072778
Germany,Germany,0,28-06-2021,04-07-2021,7,2021,26,83408554,16990,276,16852.71236,137.2876404,16714,0.330901313,0.164596596,0.008146323
Germany,Germany,0,05-07-2021,11-07-2021,7,2021,27,83408554,16959,201,17385.71236,-426.7123596,16758,0.240982478,-0.511593043,-0.024543852
Germany,Germany,0,12-07-2021,18-07-2021,7,2021,28,83408554,17629,131,16674.91236,954.0876404,17498,0.157058232,1.143872654,0.057216951
Germany,Germany,0,19-07-2021,25-07-2021,7,2021,29,83408554,17589,162,17085.71236,503.2876404,17427,0.194224683,0.60340051,0.029456638
Germany,Germany,0,26-07-2021,01-08-2021,7,2021,30,83408554,17209,135,17661.31236,-452.3123596,17074,0.161853903,-0.542285339,-0.025610348
Germany,Germany,0,02-08-2021,08-08-2021,7,2021,31,83408554,17003,123,17323.91236,-320.9123596,16880,0.147466889,-0.38474754,-0.018524243
Germany,Germany,0,09-08-2021,15-08-2021,7,2021,32,83408554,17536,85,16957.91236,578.0876404,17451,0.101908013,0.693079562,0.034089552
Germany,Germany,0,16-08-2021,22-08-2021,7,2021,33,83408554,17451,109,16792.11236,658.8876404,17342,0.13068204,0.78995212,0.039237925
Germany,Germany,0,23-08-2021,29-08-2021,7,2021,34,83408554,17166,154,16596.91236,569.0876404,17012,0.184633341,0.682289301,0.034288766
Germany,Germany,0,30-08-2021,05-09-2021,7,2021,35,83408554,17339,216,16753.71236,585.2876404,17123,0.258966245,0.70171177,0.034934803
Germany,Germany,0,06-09-2021,12-09-2021,7,2021,36,83408554,18835,260,16340.71236,2494.28764,18575,0.311718628,2.990445849,0.152642528
Germany,Germany,0,13-09-2021,19-09-2021,7,2021,37,83408554,18018,352,16582.91236,1435.08764,17666,0.422019065,1.720552116,0.086540145
Germany,Germany,0,20-09-2021,26-09-2021,7,2021,38,83408554,18117,435,16629.11236,1487.88764,17682,0.521529243,1.783854975,0.089474868
Germany,Germany,0,27-09-2021,03-10-2021,7,2021,39,83408554,18094,393,16794.11236,1299.88764,17701,0.471174695,1.558458429,0.07740139
Germany,Germany,0,04-10-2021,10-10-2021,7,2021,40,83408554,18177,416,16963.11236,1213.88764,17761,0.498749804,1.455351498,0.071560432
Germany,Germany,0,11-10-2021,17-10-2021,7,2021,41,83408554,18917,416,17636.31236,1280.68764,18501,0.498749804,1.535439207,0.072616521
Germany,Germany,0,18-10-2021,24-10-2021,7,2021,42,83408554,19760,482,17540.11236,2219.88764,19278,0.577878379,2.661462804,0.126560628
Germany,Germany,0,25-10-2021,31-10-2021,7,2021,43,83408554,20268,629,17554.11236,2713.88764,19639,0.754119296,3.253728197,0.154601246
Germany,Germany,0,01-11-2021,07-11-2021,7,2021,44,83408554,20324,796,17473.91236,2850.08764,19528,0.954338568,3.417020802,0.163105296
Germany,Germany,0,08-11-2021,14-11-2021,7,2021,45,83408554,21004,1147,17897.91236,3106.08764,19857,1.375158716,3.723943758,0.173544689
Germany,Germany,0,15-11-2021,21-11-2021,7,2021,46,83408554,22264,1390,17947.31236,4316.68764,20874,1.666495741,5.175353646,0.240520004
Germany,Germany,0,22-11-2021,28-11-2021,7,2021,47,83408554,23170,1821,18121.11236,5048.88764,21349,2.183229312,6.053201259,0.278619079
Germany,Germany,0,29-11-2021,05-12-2021,7,2021,48,83408554,24110,2157,18269.31236,5840.68764,21953,2.586065693,7.002504372,0.319699369
Germany,Germany,0,06-12-2021,12-12-2021,7,2021,49,83408554,23917,2598,18686.31236,5230.68764,21319,3.114788442,6.271164514,0.279920807
Germany,Germany,0,13-12-2021,19-12-2021,7,2021,50,83408554,22812,2595,18667.31236,4144.68764,20217,3.111191689,4.969139784,0.222029158
Germany,Germany,0,20-12-2021,26-12-2021,7,2021,51,83408554,22363,2131,19037.11236,3325.88764,20232,2.55489383,3.98746589,0.174705469
Germany,Germany,0,27-12-2021,02-01-2022,7,2021,52,83408554,22008,1791,18715.91236,3292.08764,20217,2.147261778,3.946942469,0.175897791
Germany,Germany,0,03-01-2022,09-01-2022,7,2022,1,83408554,20709,1822,19584.31807,1124.681929,18887,2.18442823,1.348401183,0.057427679
Germany,Germany,0,10-01-2022,16-01-2022,7,2022,2,83408554,19821,1642,19939.48474,-118.4847378,18179,1.968623026,-0.142053461,-0.005942217
Germany,Germany,0,17-01-2022,23-01-2022,7,2022,3,83408554,19753,1099,19860.48474,-107.4847378,18654,1.317610661,-0.128865365,-0.00541199
Germany,Germany,0,24-01-2022,30-01-2022,7,2022,4,83408554,20126,1007,20022.6514,103.3485955,19119,1.207310224,0.123906471,0.005161584
Germany,Germany,0,31-01-2022,06-02-2022,7,2022,5,83408554,20619,992,20748.31807,-129.3180712,19627,1.189326457,-0.155041737,-0.006232701
Germany,Germany,0,07-02-2022,13-02-2022,7,2022,6,83408554,20396,1218,20631.98474,-235.9847378,19178,1.460281879,-0.282926303,-0.011437811
Germany,Germany,0,14-02-2022,20-02-2022,7,2022,7,83408554,21087,1340,21184.98474,-97.98473783,19747,1.606549851,-0.117475646,-0.004625197
Germany,Germany,0,21-02-2022,27-02-2022,7,2022,8,83408554,20330,1403,21448.6514,-1118.651404,18927,1.682081672,-1.34117108,-0.05215486
Germany,Germany,0,28-02-2022,06-03-2022,7,2022,9,83408554,20671,1424,22418.19045,-1747.190449,19247,1.707258946,-2.094737729,-0.077936284
Germany,Germany,0,07-03-2022,13-03-2022,7,2022,10,83408554,21121,1469,21906.79045,-785.7904494,19652,1.761210247,-0.942098156,-0.03586972
Germany,Germany,0,14-03-2022,20-03-2022,7,2022,11,83408554,21236,1345,20979.59045,256.4095506,19891,1.61254444,0.307413974,0.012221857
Germany,Germany,0,21-03-2022,27-03-2022,7,2022,12,83408554,21076,1521,20115.99045,960.0095506,19555,1.823553973,1.150972538,0.047723703
Germany,Germany,0,28-03-2022,03-04-2022,7,2022,13,83408554,20739,1628,19446.79045,1292.209551,19111,1.951838177,1.549253031,0.066448474
Germany,Germany,0,04-04-2022,10-04-2022,7,2022,14,83408554,20774,1676,18992.19045,1781.809551,19098,2.009386232,2.136243185,0.093818012
Germany,Germany,0,11-04-2022,17-04-2022,7,2022,15,83408554,20109,1225,18406.19045,1702.809551,18884,1.468674304,2.041528679,0.092512873
Germany,Germany,0,18-04-2022,24-04-2022,7,2022,16,83408554,19415,1232,17984.19045,1430.809551,18183,1.477066729,1.715423038,0.079559297
Germany,Germany,0,25-04-2022,01-05-2022,7,2022,17,83408554,19178,1276,17930.79045,1247.209551,17902,1.529819112,1.49530173,0.069556864
Germany,Germany,0,02-05-2022,08-05-2022,7,2022,18,83408554,18971,1077,17466.99045,1504.009551,17894,1.29123447,1.80318382,0.086105821
Germany,Germany,0,09-05-2022,15-05-2022,7,2022,19,83408554,19019,961,17739.99045,1279.009551,18058,1.152160005,1.533427316,0.072097533
Germany,Germany,0,16-05-2022,22-05-2022,7,2022,20,83408554,18282,827,17305.39045,976.6095506,17455,0.99150502,1.170874573,0.056433835
Germany,Germany,0,23-05-2022,29-05-2022,7,2022,21,83408554,16927,538,16994.39045,-67.39044944,16389,0.645017776,-0.080795609,-0.003965453
Germany,Germany,0,30-05-2022,05-06-2022,7,2022,22,83408554,17782,522,17143.99045,638.0095506,17260,0.625835091,0.764921006,0.037214764
Germany,Germany,0,06-06-2022,12-06-2022,7,2022,23,83408554,17654,421,16987.79045,666.2095506,17233,0.504744393,0.798730488,0.039216963
Germany,Germany,0,13-06-2022,19-06-2022,7,2022,24,83408554,18179,369,16490.79045,1688.209551,17810,0.442400668,2.024024479,0.10237287
Germany,Germany,0,20-06-2022,26-06-2022,7,2022,25,83408554,18835,558,16828.39045,2006.609551,18277,0.668996132,2.405759906,0.119239541
Germany,Germany,0,27-06-2022,03-07-2022,7,2022,26,83408554,18129,561,16945.19045,1183.809551,17568,0.672592885,1.419290341,0.069861094
Greece,Greece,0,30-12-2019,05-01-2020,7,2020,1,10445365,2751,0,2825.567884,-74.56788389,2751,0,-0.713884904,-0.026390406
Greece,Greece,0,06-01-2020,12-01-2020,7,2020,2,10445365,2923,0,3011.401217,-88.40121723,2923,0,-0.84632004,-0.02935551
Greece,Greece,0,13-01-2020,19-01-2020,7,2020,3,10445365,2863,0,2920.234551,-57.23455056,2863,0,-0.547942083,-0.019599299
Greece,Greece,0,20-01-2020,26-01-2020,7,2020,4,10445365,2774,0,2872.901217,-98.90121723,2774,0,-0.946843095,-0.034425554
Greece,Greece,0,27-01-2020,02-02-2020,7,2020,5,10445365,2990,0,2862.234551,127.7654494,2990,0,1.223178409,0.044638358
Greece,Greece,0,03-02-2020,09-02-2020,7,2020,6,10445365,2850,0,2747.401217,102.5987828,2850,0,0.982242198,0.037343939
Greece,Greece,0,10-02-2020,16-02-2020,7,2020,7,10445365,2782,0,2622.067884,159.9321161,2782,0,1.53112999,0.060994651
Greece,Greece,0,17-02-2020,23-02-2020,7,2020,8,10445365,2469,0,2551.067884,-82.0678839,2469,0,-0.785687086,-0.032170012
Greece,Greece,0,24-02-2020,01-03-2020,7,2020,9,10445365,2545,0,2592.681461,-47.68146067,2545,0,-0.45648439,-0.01839079
Greece,Greece,0,02-03-2020,08-03-2020,7,2020,10,10445365,2645,0,2517.881461,127.1185393,2645,0,1.216985135,0.050486308
Greece,Greece,0,09-03-2020,15-03-2020,7,2020,11,10445365,2594,4,2477.481461,116.5185393,2590,0.038294497,1.115504717,0.047031044
Greece,Greece,0,16-03-2020,22-03-2020,7,2020,12,10445365,2548,11,2415.481461,132.5185393,2537,0.105309867,1.268682706,0.054862164
Greece,Greece,0,23-03-2020,29-03-2020,7,2020,13,10445365,2439,23,2368.281461,70.71853933,2416,0.220193358,0.677032725,0.029860699
Greece,Greece,0,30-03-2020,05-04-2020,7,2020,14,10445365,2454,35,2407.681461,46.31853933,2419,0.33507685,0.443436293,0.019237819
Greece,Greece,0,06-04-2020,12-04-2020,7,2020,15,10445365,2362,20,2383.081461,-21.08146067,2342,0.191472486,-0.201825984,-0.008846303
Greece,Greece,0,13-04-2020,19-04-2020,7,2020,16,10445365,2268,23,2337.681461,-69.68146067,2245,0.220193358,-0.667104124,-0.029807937
Greece,Greece,0,20-04-2020,26-04-2020,7,2020,17,10445365,2203,18,2296.081461,-93.08146067,2185,0.172325237,-0.891126932,-0.040539268
Greece,Greece,0,27-04-2020,03-05-2020,7,2020,18,10445365,2307,10,2328.081461,-21.08146067,2297,0.095736243,-0.201825984,-0.009055293
Greece,Greece,0,04-05-2020,10-05-2020,7,2020,19,10445365,2128,7,2250.881461,-122.8814607,2121,0.06701537,-1.176420936,-0.054592595
Greece,Greece,0,11-05-2020,17-05-2020,7,2020,20,10445365,2474,12,2160.481461,313.5185393,2462,0.114883491,3.001508701,0.145115126
Greece,Greece,0,18-05-2020,24-05-2020,7,2020,21,10445365,2329,8,2120.481461,208.5185393,2321,0.076588994,1.996278151,0.098335469
Greece,Greece,0,25-05-2020,31-05-2020,7,2020,22,10445365,1961,4,2222.481461,-261.4814607,1957,0.038294497,-2.503325261,-0.117652932
Greece,Greece,0,01-06-2020,07-06-2020,7,2020,23,10445365,2101,7,2210.681461,-109.6814607,2094,0.06701537,-1.050049095,-0.049614321
Greece,Greece,0,08-06-2020,14-06-2020,7,2020,24,10445365,2211,1,2281.681461,-70.68146067,2210,0.009573624,-0.676677748,-0.030977795
Greece,Greece,0,15-06-2020,21-06-2020,7,2020,25,10445365,2354,7,2406.281461,-52.28146067,2347,0.06701537,-0.500523061,-0.021727076
Greece,Greece,0,22-06-2020,28-06-2020,7,2020,26,10445365,2181,1,2338.481461,-157.4814607,2180,0.009573624,-1.507668336,-0.067343472
Greece,Greece,0,29-06-2020,05-07-2020,7,2020,27,10445365,2671,1,2321.681461,349.3185393,2670,0.009573624,3.34424445,0.150459288
Greece,Greece,0,06-07-2020,12-07-2020,7,2020,28,10445365,2304,1,2309.881461,-5.881460674,2303,0.009573624,-0.056306895,-0.002546218
Greece,Greece,0,13-07-2020,19-07-2020,7,2020,29,10445365,2137,1,2197.881461,-60.88146067,2136,0.009573624,-0.58285623,-0.027700066
Greece,Greece,0,20-07-2020,26-07-2020,7,2020,30,10445365,2235,8,2331.881461,-96.88146067,2227,0.076588994,-0.927506704,-0.041546478
Greece,Greece,0,27-07-2020,02-08-2020,7,2020,31,10445365,2714,6,2396.681461,317.3185393,2708,0.057441746,3.037888473,0.13239913
Greece,Greece,0,03-08-2020,09-08-2020,7,2020,32,10445365,2528,4,2449.081461,78.91853933,2524,0.038294497,0.755536444,0.03222373
Greece,Greece,0,10-08-2020,16-08-2020,7,2020,33,10445365,2367,16,2310.881461,56.11853933,2351,0.153177989,0.537257811,0.024284473
Greece,Greece,0,17-08-2020,23-08-2020,7,2020,34,10445365,2361,14,2192.481461,168.5185393,2347,0.13403074,1.61333318,0.076862013
Greece,Greece,0,24-08-2020,30-08-2020,7,2020,35,10445365,2298,20,2186.881461,111.1185393,2278,0.191472486,1.063807146,0.050811414
Greece,Greece,0,31-08-2020,06-09-2020,7,2020,36,10445365,2315,22,2173.481461,141.5185393,2293,0.210619734,1.354845324,0.065111455
Greece,Greece,0,07-09-2020,13-09-2020,7,2020,37,10445365,2274,21,2102.881461,171.1185393,2253,0.20104611,1.638224603,0.081373364
Greece,Greece,0,14-09-2020,20-09-2020,7,2020,38,10445365,2276,33,2062.081461,213.9185393,2243,0.315929601,2.047975722,0.103739131
Greece,Greece,0,21-09-2020,27-09-2020,7,2020,39,10445365,2156,41,2036.481461,119.5185393,2115,0.392518596,1.14422559,0.058688744
Greece,Greece,0,28-09-2020,04-10-2020,7,2020,40,10445365,2223,30,2119.281461,103.7185393,2193,0.287208728,0.992962327,0.048940427
Greece,Greece,0,05-10-2020,11-10-2020,7,2020,41,10445365,2214,40,2180.681461,33.31853933,2174,0.382944971,0.318979177,0.015278957
Greece,Greece,0,12-10-2020,18-10-2020,7,2020,42,10445365,2144,60,2194.281461,-50.28146067,2084,0.574417457,-0.481375813,-0.022914773
Greece,Greece,0,19-10-2020,25-10-2020,7,2020,43,10445365,2223,65,2218.681461,4.318539326,2158,0.622285578,0.041344073,0.001946444
Greece,Greece,0,26-10-2020,01-11-2020,7,2020,44,10445365,2413,61,2280.881461,132.1185393,2352,0.583991081,1.264853256,0.057924334
Greece,Greece,0,02-11-2020,08-11-2020,7,2020,45,10445365,2547,149,2357.481461,189.5185393,2398,1.426470018,1.81437929,0.080390257
Greece,Greece,0,09-11-2020,15-11-2020,7,2020,46,10445365,2784,322,2347.481461,436.5185393,2462,3.082707019,4.179064488,0.185951858
Greece,Greece,0,16-11-2020,22-11-2020,7,2020,47,10445365,3149,524,2382.681461,766.3185393,2625,5.016579124,7.336445776,0.321620222
Greece,Greece,0,23-11-2020,29-11-2020,7,2020,48,10445365,3297,691,2386.881461,910.1185393,2606,6.615374379,8.713132948,0.381300267
Greece,Greece,0,30-11-2020,06-12-2020,7,2020,49,10445365,3336,682,2420.681461,915.3185393,2654,6.52921176,8.762915794,0.378124323
Greece,Greece,0,07-12-2020,13-12-2020,7,2020,50,10445365,3115,622,2479.481461,635.5185393,2493,5.954794304,6.08421572,0.256311067
Greece,Greece,0,14-12-2020,20-12-2020,7,2020,51,10445365,2938,547,2541.281461,396.7185393,2391,5.236772482,3.798034241,0.156109642
Greece,Greece,0,21-12-2020,27-12-2020,7,2020,52,10445365,2763,434,2639.681461,123.3185393,2329,4.154952938,1.180605363,0.046717205
Greece,Greece,0,28-12-2020,03-01-2021,7,2020,53,10445365,2678,351,2642.146067,35.85393258,2327,3.360342123,0.34325208,0.013570004
Greece,Greece,0,04-01-2021,10-01-2021,7,2021,1,10445365,2652,306,2842.661704,-190.6617041,2346,2.92952903,-1.82532352,-0.067071542
Greece,Greece,0,11-01-2021,17-01-2021,7,2021,2,10445365,2498,206,3028.495037,-530.4950375,2292,1.972166602,-5.078760172,-0.175167874
Greece,Greece,0,18-01-2021,24-01-2021,7,2021,3,10445365,2652,177,2937.328371,-285.3283708,2475,1.694531498,-2.731626619,-0.097138738
Greece,Greece,0,25-01-2021,31-01-2021,7,2021,4,10445365,2621,150,2889.995037,-268.9950375,2471,1.436043642,-2.575257422,-0.093078027
Greece,Greece,0,01-02-2021,07-02-2021,7,2021,5,10445365,2493,176,2879.328371,-386.3283708,2317,1.684957874,-3.698562671,-0.134173085
Greece,Greece,0,08-02-2021,14-02-2021,7,2021,6,10445365,2463,154,2764.495037,-301.4950375,2309,1.474338139,-2.886400212,-0.109059714
Greece,Greece,0,15-02-2021,21-02-2021,7,2021,7,10445365,2529,171,2639.161704,-110.1617041,2358,1.637089752,-1.054646766,-0.041741173
Greece,Greece,0,22-02-2021,28-02-2021,7,2021,8,10445365,2667,207,2568.161704,98.83829588,2460,1.981740226,0.946240709,0.03848601
Greece,Greece,0,01-03-2021,07-03-2021,7,2021,9,10445365,2724,254,2609.775281,114.2247191,2470,2.431700568,1.093544544,0.043768029
Greece,Greece,0,08-03-2021,14-03-2021,7,2021,10,10445365,2655,333,2534.975281,120.0247191,2322,3.188016886,1.149071565,0.047347491
Greece,Greece,0,15-03-2021,21-03-2021,7,2021,11,10445365,2783,371,2494.575281,288.4247191,2412,3.551814609,2.761269894,0.115620772
Greece,Greece,0,22-03-2021,28-03-2021,7,2021,12,10445365,2759,418,2432.575281,326.4247191,2341,4.00177495,3.125067617,0.134188949
Greece,Greece,0,29-03-2021,04-04-2021,7,2021,13,10445365,2929,500,2385.375281,543.6247191,2429,4.786812141,5.204458811,0.227899033
Greece,Greece,0,05-04-2021,11-04-2021,7,2021,14,10445365,2898,505,2424.775281,473.2247191,2393,4.834680262,4.530475662,0.195162299
Greece,Greece,0,12-04-2021,18-04-2021,7,2021,15,10445365,2969,577,2400.175281,568.8247191,2392,5.523981211,5.445714143,0.236992991
Greece,Greece,0,19-04-2021,25-04-2021,7,2021,16,10445365,2665,545,2354.775281,310.2247191,2120,5.217625234,2.969974904,0.131742813
Greece,Greece,0,26-04-2021,02-05-2021,7,2021,17,10445365,2804,446,2313.175281,490.8247191,2358,4.26983643,4.698971449,0.212186566
Greece,Greece,0,03-05-2021,09-05-2021,7,2021,18,10445365,2937,576,2345.175281,591.8247191,2361,5.514407587,5.665907502,0.252358416
Greece,Greece,0,10-05-2021,16-05-2021,7,2021,19,10445365,2436,386,2267.975281,168.0247191,2050,3.695418973,1.608605531,0.074085781
Greece,Greece,0,17-05-2021,23-05-2021,7,2021,20,10445365,2500,357,2177.575281,322.4247191,2143,3.417783869,3.08677312,0.148065935
Greece,Greece,0,24-05-2021,30-05-2021,7,2021,21,10445365,2585,282,2137.575281,447.4247191,2303,2.699762048,4.283476155,0.209314134
Greece,Greece,0,31-05-2021,06-06-2021,7,2021,22,10445365,2318,223,2239.575281,78.4247191,2095,2.134918215,0.750808795,0.035017675
Greece,Greece,0,07-06-2021,13-06-2021,7,2021,23,10445365,2393,145,2227.775281,165.2247191,2248,1.388175521,1.581799383,0.074165792
Greece,Greece,0,14-06-2021,20-06-2021,7,2021,24,10445365,2314,126,2298.775281,15.2247191,2188,1.20627666,0.14575574,0.00662297
Greece,Greece,0,21-06-2021,27-06-2021,7,2021,25,10445365,2959,116,2423.375281,535.6247191,2843,1.110540417,5.127869817,0.221024256
Greece,Greece,0,28-06-2021,04-07-2021,7,2021,26,10445365,3154,73,2355.575281,798.4247191,3081,0.698874573,7.643818278,0.338951052
Greece,Greece,0,05-07-2021,11-07-2021,7,2021,27,10445365,2702,55,2338.775281,363.2247191,2647,0.526549336,3.477376991,0.155305523
Greece,Greece,0,12-07-2021,18-07-2021,7,2021,28,10445365,2699,58,2326.975281,372.0247191,2641,0.555270208,3.561624884,0.159874805
Greece,Greece,0,19-07-2021,25-07-2021,7,2021,29,10445365,2449,48,2214.975281,234.0247191,2401,0.459533966,2.240464733,0.10565568
Greece,Greece,0,26-07-2021,01-08-2021,7,2021,30,10445365,2825,77,2348.975281,476.0247191,2748,0.73716907,4.55728181,0.202652077
Greece,Greece,0,02-08-2021,08-08-2021,7,2021,31,10445365,3886,100,2413.775281,1472.224719,3786,0.957362428,14.09452632,0.609926173
Greece,Greece,0,09-08-2021,15-08-2021,7,2021,32,10445365,2952,148,2466.175281,485.8247191,2804,1.416896394,4.651103328,0.196995211
Greece,Greece,0,16-08-2021,22-08-2021,7,2021,33,10445365,2669,161,2327.975281,341.0247191,2508,1.541353509,3.264842532,0.146489837
Greece,Greece,0,23-08-2021,29-08-2021,7,2021,34,10445365,2778,252,2209.575281,568.4247191,2526,2.412553319,5.441884693,0.257255195
Greece,Greece,0,30-08-2021,05-09-2021,7,2021,35,10445365,2565,250,2203.975281,361.0247191,2315,2.393406071,3.456315017,0.163806156
Greece,Greece,0,06-09-2021,12-09-2021,7,2021,36,10445365,2519,283,2190.575281,328.4247191,2236,2.709335672,3.144214866,0.149926242
Greece,Greece,0,13-09-2021,19-09-2021,7,2021,37,10445365,2719,297,2119.975281,599.0247191,2422,2.843366412,5.734837596,0.282562124
Greece,Greece,0,20-09-2021,26-09-2021,7,2021,38,10445365,2440,213,2079.175281,360.8247191,2227,2.039181972,3.454400292,0.173542232
Greece,Greece,0,27-09-2021,03-10-2021,7,2021,39,10445365,2439,241,2053.575281,385.4247191,2198,2.307243452,3.68991145,0.187684729
Greece,Greece,0,04-10-2021,10-10-2021,7,2021,40,10445365,2456,215,2136.375281,319.6247191,2241,2.058329221,3.059966972,0.149610755
Greece,Greece,0,11-10-2021,17-10-2021,7,2021,41,10445365,2488,240,2197.775281,290.2247191,2248,2.297669828,2.778502418,0.132053864
Greece,Greece,0,18-10-2021,24-10-2021,7,2021,42,10445365,2514,253,2211.375281,302.6247191,2261,2.422126943,2.897215359,0.136849101
Greece,Greece,0,25-10-2021,31-10-2021,7,2021,43,10445365,2726,310,2235.775281,490.2247191,2416,2.967823527,4.693227275,0.21926386
Greece,Greece,0,01-11-2021,07-11-2021,7,2021,44,10445365,2993,357,2297.975281,695.0247191,2636,3.417783869,6.653905527,0.302450912
Greece,Greece,0,08-11-2021,14-11-2021,7,2021,45,10445365,2852,471,2374.575281,477.4247191,2381,4.509177037,4.570684884,0.201056889
Greece,Greece,0,15-11-2021,21-11-2021,7,2021,46,10445365,2991,547,2364.575281,626.4247191,2444,5.236772482,5.997154902,0.264920607
Greece,Greece,0,22-11-2021,28-11-2021,7,2021,47,10445365,3170,646,2399.775281,770.2247191,2524,6.184561286,7.373842074,0.320957018
Greece,Greece,0,29-11-2021,05-12-2021,7,2021,48,10445365,3174,636,2403.975281,770.0247191,2538,6.088825043,7.371927349,0.320313077
Greece,Greece,0,06-12-2021,12-12-2021,7,2021,49,10445365,3340,653,2437.775281,902.2247191,2687,6.251576656,8.637560479,0.370101677
Greece,Greece,0,13-12-2021,19-12-2021,7,2021,50,10445365,3286,643,2496.575281,789.4247191,2643,6.155840413,7.55765566,0.31620305
Greece,Greece,0,20-12-2021,26-12-2021,7,2021,51,10445365,3300,538,2558.375281,741.6247191,2762,5.150609864,7.100036419,0.289881131
Greece,Greece,0,27-12-2021,02-01-2022,7,2021,52,10445365,3297,481,2656.775281,640.2247191,2816,4.60491328,6.129270917,0.240978123
Greece,Greece,0,03-01-2022,09-01-2022,7,2022,1,10445365,3269,484,2859.755524,409.2444757,2785,4.633634153,3.917952849,0.143104707
Greece,Greece,0,10-01-2022,16-01-2022,7,2022,2,10445365,3377,590,3045.588858,331.4111423,2787,5.648438326,3.17280576,0.10881677
Greece,Greece,0,17-01-2022,23-01-2022,7,2022,3,10445365,3263,651,2954.422191,308.577809,2612,6.232429408,2.954208005,0.104446077
Greece,Greece,0,24-01-2022,30-01-2022,7,2022,4,10445365,3677,737,2907.088858,769.9111423,2940,7.055761096,7.370840007,0.264839219
Greece,Greece,0,31-01-2022,06-02-2022,7,2022,5,10445365,3555,722,2896.422191,658.577809,2833,6.912156732,6.304976504,0.227376317
Greece,Greece,0,07-02-2022,13-02-2022,7,2022,6,10445365,3239,660,2781.588858,457.4111423,2579,6.318592026,4.379082419,0.164442398
Greece,Greece,0,14-02-2022,20-02-2022,7,2022,7,10445365,3062,573,2656.255524,405.7444757,2489,5.485686714,3.884445164,0.152750544
Greece,Greece,0,21-02-2022,27-02-2022,7,2022,8,10445365,2796,458,2585.255524,210.7444757,2338,4.384719921,2.017588429,0.081517851
Greece,Greece,0,28-02-2022,06-03-2022,7,2022,9,10445365,2846,409,2626.869101,219.1308989,2437,3.915612331,2.097876894,0.08341904
Greece,Greece,0,07-03-2022,13-03-2022,7,2022,10,10445365,2844,368,2552.069101,291.9308989,2476,3.523093736,2.794836742,0.114389888
Greece,Greece,0,14-03-2022,20-03-2022,7,2022,11,10445365,3043,375,2511.669101,531.3308989,2668,3.590109106,5.086762395,0.211544944
Greece,Greece,0,21-03-2022,27-03-2022,7,2022,12,10445365,3040,331,2449.669101,590.3308989,2709,3.168869637,5.651606228,0.240983935
Greece,Greece,0,28-03-2022,03-04-2022,7,2022,13,10445365,3034,416,2402.469101,631.5308989,2618,3.982627701,6.046039548,0.262867439
Greece,Greece,0,04-04-2022,10-04-2022,7,2022,14,10445365,2869,446,2441.869101,427.1308989,2423,4.26983643,4.089190745,0.174919654
Greece,Greece,0,11-04-2022,17-04-2022,7,2022,15,10445365,2802,458,2417.269101,384.7308989,2344,4.384719921,3.683269076,0.159159317
Greece,Greece,0,18-04-2022,24-04-2022,7,2022,16,10445365,2623,279,2371.869101,251.1308989,2344,2.671041175,2.404232871,0.105878903
Greece,Greece,0,25-04-2022,01-05-2022,7,2022,17,10445365,2639,308,2330.269101,308.7308989,2331,2.948676279,2.95567363,0.13248723
Greece,Greece,0,02-05-2022,08-05-2022,7,2022,18,10445365,2333,217,2362.269101,-29.26910112,2116,2.077476469,-0.280211377,-0.012390248
Greece,Greece,0,09-05-2022,15-05-2022,7,2022,19,10445365,2478,155,2285.069101,192.9308989,2323,1.483911764,1.847047938,0.0844311
Greece,Greece,0,16-05-2022,22-05-2022,7,2022,20,10445365,2390,143,2194.669101,195.3308989,2247,1.369028272,1.870024637,0.089002437
Greece,Greece,0,23-05-2022,29-05-2022,7,2022,21,10445365,2417,113,2154.669101,262.3308989,2304,1.081819544,2.511457463,0.12174997
Greece,Greece,0,30-05-2022,05-06-2022,7,2022,22,10445365,2595,110,2256.669101,338.3308989,2485,1.053098671,3.239052909,0.149924904
Guatemala,Guatemala,0,30-12-2019,05-01-2020,7,2020,1,17608483,1757,0,1670.244616,86.7553839,1757,0,0.492690846,0.051941723
Guatemala,Guatemala,0,06-01-2020,12-01-2020,7,2020,2,17608483,1670,0,1679.244616,-9.244616105,1670,0,-0.052500923,-0.005505223
Guatemala,Guatemala,0,13-01-2020,19-01-2020,7,2020,3,17608483,1663,0,1662.577949,0.422050562,1663,0,0.002396859,0.000253853
Guatemala,Guatemala,0,20-01-2020,26-01-2020,7,2020,4,17608483,1607,0,1605.411283,1.588717228,1607,0,0.009022454,0.000989601
Guatemala,Guatemala,0,27-01-2020,02-02-2020,7,2020,5,17608483,1599,0,1557.911283,41.08871723,1599,0,0.23334615,0.026374234
Guatemala,Guatemala,0,03-02-2020,09-02-2020,7,2020,6,17608483,1610,0,1609.077949,0.922050562,1610,0,0.0052364,0.00057303
Guatemala,Guatemala,0,10-02-2020,16-02-2020,7,2020,7,17608483,1586,0,1624.077949,-38.07794944,1586,0,-0.216247756,-0.023445888
Guatemala,Guatemala,0,17-02-2020,23-02-2020,7,2020,8,17608483,1517,0,1605.911283,-88.91128277,1517,0,-0.50493437,-0.055365003
Guatemala,Guatemala,0,24-02-2020,01-03-2020,7,2020,9,17608483,1565,0,1584.093539,-19.09353933,1565,0,-0.108433755,-0.01205329
Guatemala,Guatemala,0,02-03-2020,08-03-2020,7,2020,10,17608483,1581,0,1627.093539,-46.09353933,1581,0,-0.26176894,-0.028328758
Guatemala,Guatemala,0,09-03-2020,15-03-2020,7,2020,11,17608483,1478,0,1624.693539,-146.6935393,1478,0,-0.833084482,-0.090289975
Guatemala,Guatemala,0,16-03-2020,22-03-2020,7,2020,12,17608483,1394,1,1636.093539,-242.0935393,1393,0.005679081,-1.374868802,-0.147970476
Guatemala,Guatemala,0,23-03-2020,29-03-2020,7,2020,13,17608483,1329,0,1664.893539,-335.8935393,1329,0,-1.907566593,-0.201750761
Guatemala,Guatemala,0,30-03-2020,05-04-2020,7,2020,14,17608483,1305,1,1651.293539,-346.2935393,1304,0.005679081,-1.966629035,-0.209710467
Guatemala,Guatemala,0,06-04-2020,12-04-2020,7,2020,15,17608483,1259,3,1629.693539,-370.6935393,1256,0.017037243,-2.10519861,-0.227462115
Guatemala,Guatemala,0,13-04-2020,19-04-2020,7,2020,16,17608483,1314,2,1656.293539,-342.2935393,1312,0.011358162,-1.943912711,-0.206662365
Guatemala,Guatemala,0,20-04-2020,26-04-2020,7,2020,17,17608483,1405,8,1715.893539,-310.8935393,1397,0.045432647,-1.76558957,-0.181184632
Guatemala,Guatemala,0,27-04-2020,03-05-2020,7,2020,18,17608483,1351,2,1657.493539,-306.4935393,1349,0.011358162,-1.740601614,-0.184913867
Guatemala,Guatemala,0,04-05-2020,10-05-2020,7,2020,19,17608483,1375,9,1623.093539,-248.0935393,1366,0.051111728,-1.408943288,-0.152852275
Guatemala,Guatemala,0,11-05-2020,17-05-2020,7,2020,20,17608483,1402,7,1646.093539,-244.0935393,1395,0.039753567,-1.386226964,-0.148286554
Guatemala,Guatemala,0,18-05-2020,24-05-2020,7,2020,21,17608483,1470,25,1611.693539,-141.6935393,1445,0.141977023,-0.804689077,-0.087915932
Guatemala,Guatemala,0,25-05-2020,31-05-2020,7,2020,22,17608483,1542,50,1548.893539,-6.893539326,1492,0.283954046,-0.039148968,-0.004450622
Guatemala,Guatemala,0,01-06-2020,07-06-2020,7,2020,23,17608483,1890,144,1678.493539,211.5064607,1746,0.817787654,1.201162307,0.126009696
Guatemala,Guatemala,0,08-06-2020,14-06-2020,7,2020,24,17608483,1946,132,1623.093539,322.9064607,1814,0.749638683,1.833811923,0.198945072
Guatemala,Guatemala,0,15-06-2020,21-06-2020,7,2020,25,17608483,2113,147,1677.493539,435.5064607,1966,0.834824897,2.473276435,0.25961737
Guatemala,Guatemala,0,22-06-2020,28-06-2020,7,2020,26,17608483,2352,196,1665.693539,686.3064607,2156,1.113099862,3.897589933,0.412024448
Guatemala,Guatemala,0,29-06-2020,05-07-2020,7,2020,27,17608483,2626,220,1681.693539,944.3064607,2406,1.249397804,5.362792812,0.561521132
Guatemala,Guatemala,0,06-07-2020,12-07-2020,7,2020,28,17608483,2961,272,1659.093539,1301.906461,2689,1.544710013,7.393632153,0.784709499
Guatemala,Guatemala,0,13-07-2020,19-07-2020,7,2020,29,17608483,2785,266,1661.693539,1123.306461,2519,1.510635527,6.379348299,0.67600098
Guatemala,Guatemala,0,20-07-2020,26-07-2020,7,2020,30,17608483,2710,249,1669.493539,1040.506461,2461,1.414091151,5.909120398,0.623246773
Guatemala,Guatemala,0,27-07-2020,02-08-2020,7,2020,31,17608483,2576,261,1600.093539,975.9064607,2315,1.482240123,5.54225177,0.609905882
Guatemala,Guatemala,0,03-08-2020,09-08-2020,7,2020,32,17608483,2386,216,1653.893539,732.1064607,2170,1.226681481,4.157691839,0.44265634
Guatemala,Guatemala,0,10-08-2020,16-08-2020,7,2020,33,17608483,2225,168,1584.893539,640.1064607,2057,0.954085596,3.635216394,0.403879784
Guatemala,Guatemala,0,17-08-2020,23-08-2020,7,2020,34,17608483,2128,215,1624.693539,503.3064607,1913,1.2210024,2.858318122,0.309785476
Guatemala,Guatemala,0,24-08-2020,30-08-2020,7,2020,35,17608483,2127,146,1566.693539,560.3064607,1981,0.829145816,3.182025735,0.357636287
Guatemala,Guatemala,0,31-08-2020,06-09-2020,7,2020,36,17608483,2029,112,1612.093539,416.9064607,1917,0.636057064,2.36764553,0.25861183
Guatemala,Guatemala,0,07-09-2020,13-09-2020,7,2020,37,17608483,1957,105,1615.693539,341.3064607,1852,0.596303498,1.938307012,0.211244554
Guatemala,Guatemala,0,14-09-2020,20-09-2020,7,2020,38,17608483,1932,162,1628.093539,303.9064607,1770,0.920011111,1.725909385,0.186664005
Guatemala,Guatemala,0,21-09-2020,27-09-2020,7,2020,39,17608483,1907,110,1610.293539,296.7064607,1797,0.624698902,1.685020002,0.184256133
Guatemala,Guatemala,0,28-09-2020,04-10-2020,7,2020,40,17608483,1812,64,1674.893539,137.1064607,1748,0.363461179,0.778638686,0.081859806
Guatemala,Guatemala,0,05-10-2020,11-10-2020,7,2020,41,17608483,1926,91,1642.293539,283.7064607,1835,0.516796365,1.61119195,0.172750153
Guatemala,Guatemala,0,12-10-2020,18-10-2020,7,2020,42,17608483,1819,146,1617.293539,201.7064607,1673,0.829145816,1.145507314,0.124718523
Guatemala,Guatemala,0,19-10-2020,25-10-2020,7,2020,43,17608483,1787,114,1604.493539,182.5064607,1673,0.647415226,1.03646896,0.113747084
Guatemala,Guatemala,0,26-10-2020,01-11-2020,7,2020,44,17608483,1821,94,1592.693539,228.3064607,1727,0.533833607,1.296570867,0.143346133
Guatemala,Guatemala,0,02-11-2020,08-11-2020,7,2020,45,17608483,1866,83,1600.293539,265.7064607,1783,0.471363717,1.508968494,0.166036077
Guatemala,Guatemala,0,09-11-2020,15-11-2020,7,2020,46,17608483,1820,111,1579.493539,240.5064607,1709,0.630377983,1.365855654,0.152268088
Guatemala,Guatemala,0,16-11-2020,22-11-2020,7,2020,47,17608483,1876,144,1581.693539,294.3064607,1732,0.817787654,1.671390208,0.18607047
Guatemala,Guatemala,0,23-11-2020,29-11-2020,7,2020,48,17608483,1862,90,1555.093539,306.9064607,1772,0.511117284,1.742946628,0.197355627
Guatemala,Guatemala,0,30-11-2020,06-12-2020,7,2020,49,17608483,1765,84,1565.693539,199.3064607,1681,0.477042798,1.13187752,0.127295959
Guatemala,Guatemala,0,07-12-2020,13-12-2020,7,2020,50,17608483,1866,173,1610.293539,255.7064607,1693,0.982481001,1.452177684,0.158794937
Guatemala,Guatemala,0,14-12-2020,20-12-2020,7,2020,51,17608483,1851,233,1603.893539,247.1064607,1618,1.323225857,1.403337588,0.154066623
Guatemala,Guatemala,0,21-12-2020,27-12-2020,7,2020,52,17608483,1898,112,1694.893539,203.1064607,1786,0.636057064,1.153458027,0.119834347
Guatemala,Guatemala,0,28-12-2020,03-01-2021,7,2020,53,17608483,2046,65,1693.103933,352.8960674,1981,0.36914026,2.004125327,0.208431426
Guatemala,Guatemala,0,04-01-2021,10-01-2021,7,2021,1,17608483,1900,192,1686.075796,213.9242041,1708,1.090383538,1.214892868,0.126876979
Guatemala,Guatemala,0,11-01-2021,17-01-2021,7,2021,2,17608483,1928,229,1695.075796,232.9242041,1699,1.300509533,1.322795406,0.137412265
Guatemala,Guatemala,0,18-01-2021,24-01-2021,7,2021,3,17608483,1895,211,1678.409129,216.5908708,1684,1.198286076,1.230037084,0.129045336
Guatemala,Guatemala,0,25-01-2021,31-01-2021,7,2021,4,17608483,1839,178,1621.242463,217.7575375,1661,1.010876405,1.236662678,0.13431522
Guatemala,Guatemala,0,01-02-2021,07-02-2021,7,2021,5,17608483,1772,241,1573.742463,198.2575375,1531,1.368658504,1.1259206,0.125978387
Guatemala,Guatemala,0,08-02-2021,14-02-2021,7,2021,6,17608483,1786,240,1624.909129,161.0908708,1546,1.362979423,0.914848092,0.099138387
Guatemala,Guatemala,0,15-02-2021,21-02-2021,7,2021,7,17608483,1707,158,1639.909129,67.09087079,1549,0.897294787,0.381014485,0.040911334
Guatemala,Guatemala,0,22-02-2021,28-02-2021,7,2021,8,17608483,1748,111,1621.742463,126.2575375,1637,0.630377983,0.717026773,0.077853013
Guatemala,Guatemala,0,01-03-2021,07-03-2021,7,2021,9,17608483,1809,80,1599.924719,209.0752809,1729,0.454326474,1.187355441,0.130678199
Guatemala,Guatemala,0,08-03-2021,14-03-2021,7,2021,10,17608483,1765,98,1642.924719,122.0752809,1667,0.556549931,0.6932754,0.074303636
Guatemala,Guatemala,0,15-03-2021,21-03-2021,7,2021,11,17608483,1794,132,1640.524719,153.4752809,1662,0.749638683,0.871598541,0.093552556
Guatemala,Guatemala,0,22-03-2021,28-03-2021,7,2021,12,17608483,1968,102,1651.924719,316.0752809,1866,0.579266255,1.7950171,0.191337582
Guatemala,Guatemala,0,29-03-2021,04-04-2021,7,2021,13,17608483,1962,89,1680.724719,281.2752809,1873,0.505438203,1.597385084,0.167353569
Guatemala,Guatemala,0,05-04-2021,11-04-2021,7,2021,14,17608483,2060,125,1667.124719,392.8752809,1935,0.709885116,2.231170515,0.235660402
Guatemala,Guatemala,0,12-04-2021,18-04-2021,7,2021,15,17608483,2216,205,1645.524719,570.4752809,2011,1.164211591,3.239775288,0.3466829
Guatemala,Guatemala,0,19-04-2021,25-04-2021,7,2021,16,17608483,2188,189,1672.124719,515.8752809,1999,1.073346296,2.92969747,0.308514834
Guatemala,Guatemala,0,26-04-2021,02-05-2021,7,2021,17,17608483,2183,148,1731.724719,451.2752809,2035,0.840503978,2.562828842,0.260592966
Guatemala,Guatemala,0,03-05-2021,09-05-2021,7,2021,18,17608483,2128,175,1673.324719,454.6752809,1953,0.993839163,2.582137717,0.271719694
Guatemala,Guatemala,0,10-05-2021,16-05-2021,7,2021,19,17608483,2086,154,1638.924719,447.0752809,1932,0.874578463,2.538976702,0.272785733
Guatemala,Guatemala,0,17-05-2021,23-05-2021,7,2021,20,17608483,2131,113,1661.924719,469.0752809,2018,0.641736145,2.663916482,0.282248212
Guatemala,Guatemala,0,24-05-2021,30-05-2021,7,2021,21,17608483,2075,137,1627.524719,447.4752809,1938,0.778034087,2.541248334,0.274942233
Guatemala,Guatemala,0,31-05-2021,06-06-2021,7,2021,22,17608483,2154,157,1564.724719,589.2752809,1997,0.891615706,3.34654201,0.376599969
Guatemala,Guatemala,0,07-06-2021,13-06-2021,7,2021,23,17608483,2203,161,1694.324719,508.6752809,2042,0.91433203,2.888808087,0.300223018
Guatemala,Guatemala,0,14-06-2021,20-06-2021,7,2021,24,17608483,2151,239,1638.924719,512.0752809,1912,1.357300342,2.908116962,0.312445883
Guatemala,Guatemala,0,21-06-2021,27-06-2021,7,2021,25,17608483,2179,356,1693.324719,485.6752809,1823,2.021752811,2.758189226,0.28681757
Guatemala,Guatemala,0,28-06-2021,04-07-2021,7,2021,26,17608483,2352,411,1681.524719,670.4752809,1941,2.334102262,3.807683381,0.398730553
Guatemala,Guatemala,0,05-07-2021,11-07-2021,7,2021,27,17608483,2459,252,1697.524719,761.4752809,2207,1.431128394,4.324479746,0.448579789
Guatemala,Guatemala,0,12-07-2021,18-07-2021,7,2021,28,17608483,2532,201,1674.924719,857.0752809,2331,1.141495267,4.867399883,0.511709733
Guatemala,Guatemala,0,19-07-2021,25-07-2021,7,2021,29,17608483,2671,186,1677.524719,993.4752809,2485,1.056309053,5.642026522,0.59222691
Guatemala,Guatemala,0,26-07-2021,01-08-2021,7,2021,30,17608483,2727,313,1685.324719,1041.675281,2414,1.777552331,5.915758222,0.618085802
Guatemala,Guatemala,0,02-08-2021,08-08-2021,7,2021,31,17608483,2821,358,1615.924719,1205.075281,2463,2.033110973,6.843720046,0.745749642
Guatemala,Guatemala,0,09-08-2021,15-08-2021,7,2021,32,17608483,2971,384,1669.724719,1301.275281,2587,2.180767077,7.390047632,0.77933522
Guatemala,Guatemala,0,16-08-2021,22-08-2021,7,2021,33,17608483,3323,345,1600.724719,1722.275281,2978,1.959282921,9.780940703,1.075934707
Guatemala,Guatemala,0,23-08-2021,29-08-2021,7,2021,34,17608483,3546,358,1640.524719,1905.475281,3188,2.033110973,10.82134833,1.161503547
Guatemala,Guatemala,0,30-08-2021,05-09-2021,7,2021,35,17608483,3676,407,1582.524719,2093.475281,3269,2.311385938,11.88901554,1.322870509
Guatemala,Guatemala,0,06-09-2021,12-09-2021,7,2021,36,17608483,3848,445,1627.924719,2220.075281,3403,2.527191014,12.60798719,1.363745666
Guatemala,Guatemala,0,13-09-2021,19-09-2021,7,2021,37,17608483,3687,330,1631.524719,2055.475281,3357,1.874096707,11.67321047,1.259849303
Guatemala,Guatemala,0,20-09-2021,26-09-2021,7,2021,38,17608483,3202,335,1643.924719,1558.075281,2867,1.902492111,8.848435614,0.947777756
Guatemala,Guatemala,0,27-09-2021,03-10-2021,7,2021,39,17608483,2946,355,1626.124719,1319.875281,2591,2.01607373,7.495678537,0.811669158
Guatemala,Guatemala,0,04-10-2021,10-10-2021,7,2021,40,17608483,2635,297,1690.724719,944.2752809,2338,1.686687036,5.36261574,0.558503268
Guatemala,Guatemala,0,11-10-2021,17-10-2021,7,2021,41,17608483,2400,303,1658.124719,741.8752809,2097,1.720761522,4.21316976,0.447418263
Guatemala,Guatemala,0,18-10-2021,24-10-2021,7,2021,42,17608483,2095,370,1633.124719,461.8752809,1725,2.101259944,2.623027099,0.282816906
Guatemala,Guatemala,0,25-10-2021,31-10-2021,7,2021,43,17608483,1969,394,1620.324719,348.6752809,1575,2.237557886,1.980155138,0.215188522
Guatemala,Guatemala,0,01-11-2021,07-11-2021,7,2021,44,17608483,1918,343,1608.524719,309.4752809,1575,1.947924759,1.757535166,0.192396969
Guatemala,Guatemala,0,08-11-2021,14-11-2021,7,2021,45,17608483,1794,277,1616.124719,177.8752809,1517,1.573105417,1.010168116,0.110062843
Guatemala,Guatemala,0,15-11-2021,21-11-2021,7,2021,46,17608483,1771,126,1595.324719,175.6752809,1645,0.715564197,0.997674138,0.110118823
Guatemala,Guatemala,0,22-11-2021,28-11-2021,7,2021,47,17608483,1700,88,1597.524719,102.4752809,1612,0.499759122,0.581965413,0.064146288
Guatemala,Guatemala,0,29-11-2021,05-12-2021,7,2021,48,17608483,1779,58,1570.924719,208.0752809,1721,0.329386694,1.18167636,0.132454012
Guatemala,Guatemala,0,06-12-2021,12-12-2021,7,2021,49,17608483,1708,58,1581.524719,126.4752809,1650,0.329386694,0.718263356,0.079970474
Guatemala,Guatemala,0,13-12-2021,19-12-2021,7,2021,50,17608483,1769,28,1626.124719,142.8752809,1741,0.159014266,0.811400283,0.087862437
Guatemala,Guatemala,0,20-12-2021,26-12-2021,7,2021,51,17608483,1782,25,1619.724719,162.2752809,1757,0.141977023,0.921574453,0.100186951
Hungary,Hungary,0,30-12-2019,05-01-2020,7,2020,1,9709786,2612,0,2813.749766,-201.7497659,2612,0,-2.077798274,-0.071701389
Hungary,Hungary,0,06-01-2020,12-01-2020,7,2020,2,9709786,2585,0,2836.749766,-251.7497659,2585,0,-2.592742682,-0.088745849
Hungary,Hungary,0,13-01-2020,19-01-2020,7,2020,3,9709786,2584,0,2841.749766,-257.7497659,2584,0,-2.654536011,-0.090701078
Hungary,Hungary,0,20-01-2020,26-01-2020,7,2020,4,9709786,2723,0,2941.583099,-218.5830993,2723,0,-2.251162891,-0.07430798
Hungary,Hungary,0,27-01-2020,02-02-2020,7,2020,5,9709786,2802,0,2987.749766,-185.7497659,2802,0,-1.913016064,-0.062170456
Hungary,Hungary,0,03-02-2020,09-02-2020,7,2020,6,9709786,2637,0,2970.416433,-333.4164326,2637,0,-3.433818547,-0.112245687
Hungary,Hungary,0,10-02-2020,16-02-2020,7,2020,7,9709786,2751,0,2918.583099,-167.5830993,2751,0,-1.725919595,-0.057419335
Hungary,Hungary,0,17-02-2020,23-02-2020,7,2020,8,9709786,2585,0,2867.916433,-282.9164326,2585,0,-2.913724696,-0.098648771
Hungary,Hungary,0,24-02-2020,01-03-2020,7,2020,9,9709786,2781,0,2862.499719,-81.4997191,2781,0,-0.839356491,-0.02847152
Hungary,Hungary,0,02-03-2020,08-03-2020,7,2020,10,9709786,2606,0,2780.699719,-174.6997191,2606,0,-1.799212867,-0.062825812
Hungary,Hungary,0,09-03-2020,15-03-2020,7,2020,11,9709786,2578,1,2677.899719,-99.8997191,2577,0.010298888,-1.028856034,-0.03730525
Hungary,Hungary,0,16-03-2020,22-03-2020,7,2020,12,9709786,2801,5,2603.899719,197.1002809,2796,0.051494441,2.029913748,0.075694267
Hungary,Hungary,0,23-03-2020,29-03-2020,7,2020,13,9709786,2592,7,2560.299719,31.7002809,2585,0.072092217,0.326477647,0.012381473
Hungary,Hungary,0,30-03-2020,05-04-2020,7,2020,14,9709786,2528,21,2479.299719,48.7002809,2507,0.216276651,0.501558746,0.019642757
Hungary,Hungary,0,06-04-2020,12-04-2020,7,2020,15,9709786,2575,65,2446.899719,128.1002809,2510,0.66942773,1.319290465,0.052352076
Hungary,Hungary,0,13-04-2020,19-04-2020,7,2020,16,9709786,2509,90,2398.899719,110.1002809,2419,0.926899934,1.133910479,0.045896158
Hungary,Hungary,0,20-04-2020,26-04-2020,7,2020,17,9709786,2359,83,2405.499719,-46.4997191,2276,0.854807717,-0.478895406,-0.019330586
Hungary,Hungary,0,27-04-2020,03-05-2020,7,2020,18,9709786,2249,68,2335.699719,-86.6997191,2181,0.700324394,-0.89291071,-0.037119377
Hungary,Hungary,0,04-05-2020,10-05-2020,7,2020,19,9709786,2292,73,2283.299719,8.700280899,2219,0.751818835,0.08960322,0.003810398
Hungary,Hungary,0,11-05-2020,17-05-2020,7,2020,20,9709786,2346,38,2240.499719,105.5002809,2308,0.39135775,1.086535593,0.047087835
Hungary,Hungary,0,18-05-2020,24-05-2020,7,2020,21,9709786,2110,35,2244.499719,-134.4997191,2075,0.360461085,-1.385197564,-0.059924142
Hungary,Hungary,0,25-05-2020,31-05-2020,7,2020,22,9709786,2191,40,2255.299719,-64.2997191,2151,0.411955526,-0.662215615,-0.028510498
Hungary,Hungary,0,01-06-2020,07-06-2020,7,2020,23,9709786,2399,20,2230.899719,168.1002809,2379,0.205977763,1.731245991,0.075350891
Hungary,Hungary,0,08-06-2020,14-06-2020,7,2020,24,9709786,2288,16,2260.699719,27.3002809,2272,0.16478221,0.28116254,0.012076031
Hungary,Hungary,0,15-06-2020,21-06-2020,7,2020,25,9709786,2068,8,2218.699719,-150.6997191,2060,0.082391105,-1.552039552,-0.067922539
Hungary,Hungary,0,22-06-2020,28-06-2020,7,2020,26,9709786,2269,11,2162.099719,106.9002809,2258,0.11328777,1.100954036,0.049442808
Hungary,Hungary,0,29-06-2020,05-07-2020,7,2020,27,9709786,2317,8,2187.699719,129.3002809,2309,0.082391105,1.331649131,0.059103304
Hungary,Hungary,0,06-07-2020,12-07-2020,7,2020,28,9709786,2169,6,2249.699719,-80.6997191,2163,0.061793329,-0.831117381,-0.035871329
Hungary,Hungary,0,13-07-2020,19-07-2020,7,2020,29,9709786,2110,1,2247.899719,-137.8997191,2109,0.010298888,-1.420213783,-0.061346028
Hungary,Hungary,0,20-07-2020,26-07-2020,7,2020,30,9709786,2153,0,2349.099719,-196.0997191,2153,0,-2.019609074,-0.08347867
Hungary,Hungary,0,27-07-2020,02-08-2020,7,2020,31,9709786,2362,1,2278.099719,83.9002809,2361,0.010298888,0.864079609,0.036829064
Hungary,Hungary,0,03-08-2020,09-08-2020,7,2020,32,9709786,2311,5,2253.499719,57.5002809,2306,0.051494441,0.592188962,0.025515992
Hungary,Hungary,0,10-08-2020,16-08-2020,7,2020,33,9709786,2268,6,2275.299719,-7.299719101,2262,0.061793329,-0.075178991,-0.003208245
Hungary,Hungary,0,17-08-2020,23-08-2020,7,2020,34,9709786,2224,5,2159.899719,64.1002809,2219,0.051494441,0.660161624,0.029677434
Hungary,Hungary,0,24-08-2020,30-08-2020,7,2020,35,9709786,2203,1,2262.299719,-59.2997191,2202,0.010298888,-0.610721175,-0.026212141
Hungary,Hungary,0,31-08-2020,06-09-2020,7,2020,36,9709786,2221,10,2192.299719,28.7002809,2211,0.102988882,0.295580983,0.013091404
Hungary,Hungary,0,07-09-2020,13-09-2020,7,2020,37,9709786,2333,13,2240.099719,92.9002809,2320,0.133885546,0.956769602,0.041471493
Hungary,Hungary,0,14-09-2020,20-09-2020,7,2020,38,9709786,2472,46,2284.699719,187.3002809,2426,0.473748855,1.928984644,0.081980262
Hungary,Hungary,0,21-09-2020,27-09-2020,7,2020,39,9709786,2457,53,2324.099719,132.9002809,2404,0.545841072,1.368725128,0.057183554
Hungary,Hungary,0,28-09-2020,04-10-2020,7,2020,40,9709786,2562,86,2370.099719,191.9002809,2476,0.885704381,1.976359529,0.080967176
Hungary,Hungary,0,05-10-2020,11-10-2020,7,2020,41,9709786,2563,132,2420.699719,142.3002809,2431,1.359453236,1.465534677,0.058784772
Hungary,Hungary,0,12-10-2020,18-10-2020,7,2020,42,9709786,2758,188,2396.499719,361.5002809,2570,1.936190973,3.72305096,0.150845117
Hungary,Hungary,0,19-10-2020,25-10-2020,7,2020,43,9709786,2989,283,2381.899719,607.1002809,2706,2.914585347,6.25245789,0.254880706
Hungary,Hungary,0,26-10-2020,01-11-2020,7,2020,44,9709786,3185,394,2354.899719,830.1002809,2791,4.057761932,8.549109948,0.352499206
Hungary,Hungary,0,02-11-2020,08-11-2020,7,2020,45,9709786,3551,619,2373.699719,1177.300281,2932,6.375011766,12.12488392,0.495976922
Hungary,Hungary,0,09-11-2020,15-11-2020,7,2020,46,9709786,3963,659,2366.099719,1596.900281,3304,6.786967293,16.44629738,0.674908275
Hungary,Hungary,0,16-11-2020,22-11-2020,7,2020,47,9709786,3950,703,2436.299719,1513.700281,3247,7.240118371,15.58942989,0.621311191
Hungary,Hungary,0,23-11-2020,29-11-2020,7,2020,48,9709786,4067,872,2424.699719,1642.300281,3195,8.980630469,16.91386691,0.6773211
Hungary,Hungary,0,30-11-2020,06-12-2020,7,2020,49,9709786,4169,1196,2544.099719,1624.900281,2973,12.31747023,16.73466625,0.638693629
Hungary,Hungary,0,07-12-2020,13-12-2020,7,2020,50,9709786,4089,1097,2525.899719,1563.100281,2992,11.2978803,16.09819496,0.618829112
Hungary,Hungary,0,14-12-2020,20-12-2020,7,2020,51,9709786,3733,1134,2606.499719,1126.500281,2599,11.67893917,11.6017004,0.432188913
Hungary,Hungary,0,21-12-2020,27-12-2020,7,2020,52,9709786,3752,948,2647.299719,1104.700281,2804,9.763345969,11.37718464,0.417293241
Hungary,Hungary,0,28-12-2020,03-01-2021,7,2020,53,9709786,3471,837,2617.22191,853.7780899,2634,8.620169384,8.792965055,0.326215399
Hungary,Hungary,0,04-01-2021,10-01-2021,7,2021,1,9709786,3218,764,2803.316339,414.683661,2454,7.868350549,4.270780644,0.147926103
Hungary,Hungary,0,11-01-2021,17-01-2021,7,2021,2,9709786,3203,693,2826.316339,376.683661,2510,7.13712949,3.879422894,0.133277247
Hungary,Hungary,0,18-01-2021,24-01-2021,7,2021,3,9709786,3041,627,2831.316339,209.683661,2414,6.457402872,2.159508573,0.074058719
Hungary,Hungary,0,25-01-2021,31-01-2021,7,2021,4,9709786,2860,556,2931.149672,-71.14967228,2304,5.726181813,-0.732762517,-0.02427364
Hungary,Hungary,0,01-02-2021,07-02-2021,7,2021,5,9709786,2887,566,2977.316339,-90.31633895,2321,5.829170694,-0.930157873,-0.030334815
Hungary,Hungary,0,08-02-2021,14-02-2021,7,2021,6,9709786,2881,616,2959.983006,-78.98300562,2265,6.344115102,-0.813437141,-0.026683601
Hungary,Hungary,0,15-02-2021,21-02-2021,7,2021,7,9709786,2927,593,2908.149672,18.85032772,2334,6.107240675,0.194137417,0.006481897
Hungary,Hungary,0,22-02-2021,28-02-2021,7,2021,8,9709786,3167,675,2857.483006,309.5169944,2492,6.951749503,3.187680906,0.108318053
Hungary,Hungary,0,01-03-2021,07-03-2021,7,2021,9,9709786,3274,899,2852.066292,421.9337079,2375,9.258700449,4.345448065,0.147939657
Hungary,Hungary,0,08-03-2021,14-03-2021,7,2021,10,9709786,3808,1079,2770.266292,1037.733708,2729,11.11250032,10.68750339,0.374597096
Hungary,Hungary,0,15-03-2021,21-03-2021,7,2021,11,9709786,4305,1310,2667.466292,1637.533708,2995,13.49154348,16.8647765,0.613891059
Hungary,Hungary,0,22-03-2021,28-03-2021,7,2021,12,9709786,4569,1710,2593.466292,1975.533708,2859,17.61109874,20.3458007,0.76173487
Hungary,Hungary,0,29-03-2021,04-04-2021,7,2021,13,9709786,4535,1743,2549.866292,1985.133708,2792,17.95096205,20.44467003,0.778524629
Hungary,Hungary,0,05-04-2021,11-04-2021,7,2021,14,9709786,4141,1702,2468.866292,1672.133708,2439,17.52870764,17.22111803,0.677288079
Hungary,Hungary,0,12-04-2021,18-04-2021,7,2021,15,9709786,3532,1767,2436.466292,1095.533708,1765,18.19813537,11.28277912,0.449640412
Hungary,Hungary,0,19-04-2021,25-04-2021,7,2021,16,9709786,3251,1441,2388.466292,862.5337079,1810,14.84069783,8.883138185,0.361124505
Hungary,Hungary,0,26-04-2021,02-05-2021,7,2021,17,9709786,2969,1177,2395.066292,573.9337079,1792,12.12179136,5.910879064,0.239631659
Hungary,Hungary,0,03-05-2021,09-05-2021,7,2021,18,9709786,2723,800,2325.266292,397.7337079,1923,8.239110522,4.096214972,0.171048671
Hungary,Hungary,0,10-05-2021,16-05-2021,7,2021,19,9709786,2551,573,2272.866292,278.1337079,1978,5.901262911,2.864467949,0.122371346
Hungary,Hungary,0,17-05-2021,23-05-2021,7,2021,20,9709786,2389,344,2230.066292,158.9337079,2045,3.542817525,1.636840481,0.071268602
Hungary,Hungary,0,24-05-2021,30-05-2021,7,2021,21,9709786,2334,209,2234.066292,99.93370787,2125,2.152467624,1.02920608,0.044731756
Hungary,Hungary,0,31-05-2021,06-06-2021,7,2021,22,9709786,2415,126,2244.866292,170.1337079,2289,1.297659907,1.752188028,0.075787903
Hungary,Hungary,0,07-06-2021,13-06-2021,7,2021,23,9709786,2374,50,2220.466292,153.5337079,2324,0.514944408,1.581226485,0.069144805
Hungary,Hungary,0,14-06-2021,20-06-2021,7,2021,24,9709786,2365,46,2250.266292,114.7337079,2319,0.473748855,1.181629625,0.050986725
Hungary,Hungary,0,21-06-2021,27-06-2021,7,2021,25,9709786,2677,30,2208.266292,468.7337079,2647,0.308966645,4.827436031,0.212263217
Hungary,Hungary,0,28-06-2021,04-07-2021,7,2021,26,9709786,2389,12,2151.666292,237.3337079,2377,0.123586658,2.444273312,0.110302285
Hungary,Hungary,0,05-07-2021,11-07-2021,7,2021,27,9709786,2362,12,2177.266292,184.7337079,2350,0.123586658,1.902551795,0.08484663
Hungary,Hungary,0,12-07-2021,18-07-2021,7,2021,28,9709786,2425,11,2239.266292,185.7337079,2414,0.11328777,1.912850683,0.082944002
Hungary,Hungary,0,19-07-2021,25-07-2021,7,2021,29,9709786,2108,5,2237.466292,-129.4662921,2103,0.051494441,-1.333358862,-0.057862902
Hungary,Hungary,0,26-07-2021,01-08-2021,7,2021,30,9709786,2508,6,2338.666292,169.3337079,2502,0.061793329,1.743948918,0.072406101
Hungary,Hungary,0,02-08-2021,08-08-2021,7,2021,31,9709786,2184,7,2267.666292,-83.66629213,2177,0.072092217,-0.861669785,-0.036895328
Hungary,Hungary,0,09-08-2021,15-08-2021,7,2021,32,9709786,2352,5,2243.066292,108.9337079,2347,0.051494441,1.121896073,0.04856464
Hungary,Hungary,0,16-08-2021,22-08-2021,7,2021,33,9709786,2205,8,2264.866292,-59.86629213,2197,0.082391105,-0.616556247,-0.026432594
Hungary,Hungary,0,23-08-2021,29-08-2021,7,2021,34,9709786,2165,11,2149.466292,15.53370787,2154,0.11328777,0.15997992,0.007226774
Hungary,Hungary,0,30-08-2021,05-09-2021,7,2021,35,9709786,2274,4,2251.866292,22.13370787,2270,0.041195553,0.227952582,0.009829051
Hungary,Hungary,0,06-09-2021,12-09-2021,7,2021,36,9709786,2404,25,2181.866292,222.1337079,2379,0.257472204,2.287730212,0.101809038
Hungary,Hungary,0,13-09-2021,19-09-2021,7,2021,37,9709786,2470,37,2229.666292,240.3337079,2433,0.381058862,2.475169977,0.107789093
Hungary,Hungary,0,20-09-2021,26-09-2021,7,2021,38,9709786,2375,28,2274.266292,100.7337079,2347,0.288368868,1.037445191,0.044292838
Hungary,Hungary,0,27-09-2021,03-10-2021,7,2021,39,9709786,2423,48,2313.666292,109.3337079,2375,0.494346631,1.126015629,0.047255608
Hungary,Hungary,0,04-10-2021,10-10-2021,7,2021,40,9709786,2534,76,2359.666292,174.3337079,2458,0.7827155,1.795443359,0.073880662
Hungary,Hungary,0,11-10-2021,17-10-2021,7,2021,41,9709786,2665,76,2410.266292,254.7337079,2589,0.7827155,2.623473966,0.105686956
Hungary,Hungary,0,18-10-2021,24-10-2021,7,2021,42,9709786,2670,141,2386.066292,283.9337079,2529,1.45214323,2.9242015,0.118996571
Hungary,Hungary,0,25-10-2021,31-10-2021,7,2021,43,9709786,2973,237,2371.466292,601.5337079,2736,2.440836492,6.195128377,0.253654758
Hungary,Hungary,0,01-11-2021,07-11-2021,7,2021,44,9709786,3334,455,2344.466292,989.5337079,2879,4.685994109,10.19109698,0.422072056
Hungary,Hungary,0,08-11-2021,14-11-2021,7,2021,45,9709786,3530,683,2363.266292,1166.733708,2847,7.034140608,12.01605996,0.493695404
Hungary,Hungary,0,15-11-2021,21-11-2021,7,2021,46,9709786,3670,913,2355.666292,1314.333708,2757,9.402884883,13.53617585,0.557945628
Hungary,Hungary,0,22-11-2021,28-11-2021,7,2021,47,9709786,4029,1086,2425.866292,1603.133708,2943,11.18459253,16.51049475,0.660849987
Hungary,Hungary,0,29-11-2021,05-12-2021,7,2021,48,9709786,4154,1256,2414.266292,1739.733708,2898,12.93540352,17.91732287,0.720605558
Hungary,Hungary,0,06-12-2021,12-12-2021,7,2021,49,9709786,3967,1307,2533.666292,1433.333708,2660,13.46064682,14.76174354,0.565715269
Hungary,Hungary,0,13-12-2021,19-12-2021,7,2021,50,9709786,3641,1101,2515.466292,1125.533708,2540,11.33907586,11.59174577,0.447445355
Hungary,Hungary,0,20-12-2021,26-12-2021,7,2021,51,9709786,3462,777,2596.066292,865.9337079,2685,8.002236095,8.918154405,0.333556085
Hungary,Hungary,0,27-12-2021,02-01-2022,7,2021,52,9709786,3365,879,2636.866292,728.1337079,2486,9.052722686,7.498967617,0.276135999
Hungary,Hungary,0,03-01-2022,09-01-2022,7,2022,1,9709786,3127,594,2792.882912,334.117088,2533,6.117539563,3.441034519,0.119631613
Hungary,Hungary,0,10-01-2022,16-01-2022,7,2022,2,9709786,2899,457,2815.882912,83.11708801,2442,4.706591886,0.856013593,0.029517239
Hungary,Hungary,0,17-01-2022,23-01-2022,7,2022,3,9709786,2853,585,2820.882912,32.11708801,2268,6.024849569,0.330770297,0.011385474
Hungary,Hungary,0,24-01-2022,30-01-2022,7,2022,4,9709786,2937,407,2920.716245,16.28375468,2530,4.191647478,0.167704568,0.005575261
Hungary,Hungary,0,31-01-2022,06-02-2022,7,2022,5,9709786,3135,512,2966.882912,168.117088,2623,5.273030734,1.731419086,0.056664551
Hungary,Hungary,0,07-02-2022,13-02-2022,7,2022,6,9709786,3168,619,2949.549579,218.4504213,2549,6.375011766,2.249796456,0.074062299
Hungary,Hungary,0,14-02-2022,20-02-2022,7,2022,7,9709786,3188,706,2897.716245,290.2837547,2482,7.271015036,2.989599922,0.100176736
Hungary,Hungary,0,21-02-2022,27-02-2022,7,2022,8,9709786,3013,686,2847.049579,165.9504213,2327,7.065037273,1.709104828,0.05828856
Hungary,Hungary,0,28-02-2022,06-03-2022,7,2022,9,9709786,2888,534,2841.632865,46.36713483,2354,5.499606274,0.477529936,0.016317074
Hungary,Hungary,0,07-03-2022,13-03-2022,7,2022,10,9709786,2750,367,2759.832865,-9.832865169,2383,3.779691952,-0.101267579,-0.003562848
Hungary,Hungary,0,14-03-2022,20-03-2022,7,2022,11,9709786,2862,308,2657.032865,204.9671348,2554,3.172057551,2.110933597,0.077141362
Hungary,Hungary,0,21-03-2022,27-03-2022,7,2022,12,9709786,2759,297,2583.032865,175.9671348,2462,3.058769781,1.81226584,0.068124234
Hungary,Hungary,0,28-03-2022,03-04-2022,7,2022,13,9709786,2775,252,2539.432865,235.5671348,2523,2.595319814,2.426079574,0.092763679
Hungary,Hungary,0,04-04-2022,10-04-2022,7,2022,14,9709786,2728,211,2458.432865,269.5671348,2517,2.1730654,2.776241771,0.109649988
Hungary,Hungary,0,11-04-2022,17-04-2022,7,2022,15,9709786,2522,144,2426.032865,95.96713483,2378,1.483039894,0.988354788,0.039557228
Hungary,Hungary,0,18-04-2022,24-04-2022,7,2022,16,9709786,2580,183,2378.032865,201.9671348,2397,1.884696532,2.080036932,0.084930338
Hungary,Hungary,0,25-04-2022,01-05-2022,7,2022,17,9709786,2578,153,2384.632865,193.3671348,2425,1.575729887,1.991466494,0.081088849
Hungary,Hungary,0,02-05-2022,08-05-2022,7,2022,18,9709786,2370,65,2314.832865,55.16713483,2305,0.66942773,0.568160151,0.023832016
Hungary,Hungary,0,09-05-2022,15-05-2022,7,2022,19,9709786,2329,77,2262.432865,66.56713483,2252,0.793014388,0.685567476,0.029422811
Hungary,Hungary,0,16-05-2022,22-05-2022,7,2022,20,9709786,2163,103,2219.632865,-56.63286517,2060,1.06078548,-0.583255544,-0.025514519
Hungary,Hungary,0,23-05-2022,29-05-2022,7,2022,21,9709786,2114,61,2223.632865,-109.6328652,2053,0.628232177,-1.129096616,-0.049303492
Hungary,Hungary,0,30-05-2022,05-06-2022,7,2022,22,9709786,2239,40,2234.432865,4.567134831,2199,0.411955526,0.047036411,0.002043979
Iceland,Iceland,0,30-12-2019,05-01-2020,7,2020,1,370335,57,0,48.63225655,8.367743446,57,0,2.259506513,0.172061591
Iceland,Iceland,0,06-01-2020,12-01-2020,7,2020,2,370335,55,0,49.96558989,5.034410112,55,0,1.359420555,0.100757544
Iceland,Iceland,0,13-01-2020,19-01-2020,7,2020,3,370335,52,0,46.63225655,5.367743446,52,0,1.449429151,0.11510795
Iceland,Iceland,0,20-01-2020,26-01-2020,7,2020,4,370335,55,0,47.29892322,7.701076779,55,0,2.079489322,0.162817169
Iceland,Iceland,0,27-01-2020,02-02-2020,7,2020,5,370335,39,0,45.46558989,-6.465589888,39,0,-1.745876001,-0.142208424
Iceland,Iceland,0,03-02-2020,09-02-2020,7,2020,6,370335,47,0,48.63225655,-1.632256554,47,0,-0.440751361,-0.033563249
Iceland,Iceland,0,10-02-2020,16-02-2020,7,2020,7,370335,49,0,48.46558989,0.534410112,49,0,0.144304511,0.011026588
Iceland,Iceland,0,17-02-2020,23-02-2020,7,2020,8,370335,48,0,47.46558989,0.534410112,48,0,0.144304511,0.011258895
Iceland,Iceland,0,24-02-2020,01-03-2020,7,2020,9,370335,43,0,44.75870787,-1.758707865,43,0,-0.474896476,-0.039293088
Iceland,Iceland,0,02-03-2020,08-03-2020,7,2020,10,370335,50,0,45.55870787,4.441292135,50,0,1.199263406,0.097485033
Iceland,Iceland,0,09-03-2020,15-03-2020,7,2020,11,370335,42,0,46.35870787,-4.358707865,42,0,-1.176963524,-0.094021341
Iceland,Iceland,0,16-03-2020,22-03-2020,7,2020,12,370335,39,1,42.75870787,-3.758707865,38,0.270025787,-1.014948051,-0.087905085
Iceland,Iceland,0,23-03-2020,29-03-2020,7,2020,13,370335,43,1,48.35870787,-5.358707865,42,0.270025787,-1.446989311,-0.110811643
Iceland,Iceland,0,30-03-2020,05-04-2020,7,2020,14,370335,50,2,44.55870787,5.441292135,48,0.540051575,1.469289194,0.122115124
Iceland,Iceland,0,06-04-2020,12-04-2020,7,2020,15,370335,50,4,45.55870787,4.441292135,46,1.08010315,1.199263406,0.097485033
Iceland,Iceland,0,13-04-2020,19-04-2020,7,2020,16,370335,60,1,49.75870787,10.24129213,59,0.270025787,2.765412973,0.205819093
Iceland,Iceland,0,20-04-2020,26-04-2020,7,2020,17,370335,35,1,45.55870787,-10.55870787,34,0.270025787,-2.851123406,-0.231760477
Iceland,Iceland,0,27-04-2020,03-05-2020,7,2020,18,370335,44,0,41.35870787,2.641292135,44,0,0.713216989,0.063863024
Iceland,Iceland,0,04-05-2020,10-05-2020,7,2020,19,370335,37,0,42.75870787,-5.758707865,37,0,-1.554999626,-0.134679184
Iceland,Iceland,0,11-05-2020,17-05-2020,7,2020,20,370335,42,0,43.35870787,-1.358707865,42,0,-0.366886161,-0.031336447
Iceland,Iceland,0,18-05-2020,24-05-2020,7,2020,21,370335,50,0,44.75870787,5.241292135,50,0,1.415284036,0.11710106
Iceland,Iceland,0,25-05-2020,31-05-2020,7,2020,22,370335,50,0,43.75870787,6.241292135,50,0,1.685309823,0.142629717
Iceland,Iceland,0,01-06-2020,07-06-2020,7,2020,23,370335,34,0,46.15870787,-12.15870787,34,0,-3.283164666,-0.263410923
Iceland,Iceland,0,08-06-2020,14-06-2020,7,2020,24,370335,40,0,40.75870787,-0.758707865,40,0,-0.204870689,-0.01861462
Iceland,Iceland,0,15-06-2020,21-06-2020,7,2020,25,370335,31,0,38.55870787,-7.558707865,31,0,-2.041046043,-0.196031151
Iceland,Iceland,0,22-06-2020,28-06-2020,7,2020,26,370335,35,0,48.15870787,-13.15870787,35,0,-3.553190453,-0.273236315
Iceland,Iceland,0,29-06-2020,05-07-2020,7,2020,27,370335,35,0,44.15870787,-9.158707865,35,0,-2.473087303,-0.207404345
Iceland,Iceland,0,06-07-2020,12-07-2020,7,2020,28,370335,46,0,39.35870787,6.641292135,46,0,1.793320138,0.168737555
Iceland,Iceland,0,13-07-2020,19-07-2020,7,2020,29,370335,42,0,40.35870787,1.641292135,42,0,0.443191201,0.040667609
Iceland,Iceland,0,20-07-2020,26-07-2020,7,2020,30,370335,35,0,46.15870787,-11.15870787,35,0,-3.013138878,-0.241746539
Iceland,Iceland,0,27-07-2020,02-08-2020,7,2020,31,370335,36,0,37.15870787,-1.158707865,36,0,-0.312881004,-0.031182674
Iceland,Iceland,0,03-08-2020,09-08-2020,7,2020,32,370335,37,0,39.95870787,-2.958707865,37,0,-0.798927421,-0.074044133
Iceland,Iceland,0,10-08-2020,16-08-2020,7,2020,33,370335,43,0,40.15870787,2.841292135,43,0,0.767222146,0.070751583
Iceland,Iceland,0,17-08-2020,23-08-2020,7,2020,34,370335,34,0,44.75870787,-10.75870787,34,0,-2.905128563,-0.240371279
Iceland,Iceland,0,24-08-2020,30-08-2020,7,2020,35,370335,28,0,36.95870787,-8.958707865,28,0,-2.419082146,-0.242397756
Iceland,Iceland,0,31-08-2020,06-09-2020,7,2020,36,370335,55,0,40.35870787,14.64129213,55,0,3.953526438,0.362779011
Iceland,Iceland,0,07-09-2020,13-09-2020,7,2020,37,370335,40,0,43.55870787,-3.558707865,40,0,-0.960942894,-0.081699115
Iceland,Iceland,0,14-09-2020,20-09-2020,7,2020,38,370335,45,0,42.75870787,2.241292135,45,0,0.605206674,0.052417209
Iceland,Iceland,0,21-09-2020,27-09-2020,7,2020,39,370335,37,0,51.15870787,-14.15870787,37,0,-3.823216241,-0.276760467
Iceland,Iceland,0,28-09-2020,04-10-2020,7,2020,40,370335,38,0,43.55870787,-5.558707865,38,0,-1.500994469,-0.127614159
Iceland,Iceland,0,05-10-2020,11-10-2020,7,2020,41,370335,53,0,43.55870787,9.441292135,53,0,2.549392343,0.216748673
Iceland,Iceland,0,12-10-2020,18-10-2020,7,2020,42,370335,47,1,43.35870787,3.641292135,46,0.270025787,0.983242776,0.083980642
Iceland,Iceland,0,19-10-2020,25-10-2020,7,2020,43,370335,50,0,47.15870787,2.841292135,50,0,0.767222146,0.060249576
Iceland,Iceland,0,26-10-2020,01-11-2020,7,2020,44,370335,56,1,42.55870787,13.44129213,55,0.270025787,3.629495493,0.315829423
Iceland,Iceland,0,02-11-2020,08-11-2020,7,2020,45,370335,50,8,39.55870787,10.44129213,42,2.1602063,2.819418131,0.263944216
Iceland,Iceland,0,09-11-2020,15-11-2020,7,2020,46,370335,53,5,48.15870787,4.841292135,48,1.350128937,1.307273721,0.100527866
Iceland,Iceland,0,16-11-2020,22-11-2020,7,2020,47,370335,45,1,45.35870787,-0.358707865,44,0.270025787,-0.096860374,-0.007908247
Iceland,Iceland,0,23-11-2020,29-11-2020,7,2020,48,370335,35,0,45.15870787,-10.15870787,35,0,-2.743113091,-0.224955681
Iceland,Iceland,0,30-11-2020,06-12-2020,7,2020,49,370335,39,1,42.95870787,-3.958707865,38,0.270025787,-1.068953209,-0.092151465
Iceland,Iceland,0,07-12-2020,13-12-2020,7,2020,50,370335,46,1,43.35870787,2.641292135,45,0.270025787,0.713216989,0.060917224
Iceland,Iceland,0,14-12-2020,20-12-2020,7,2020,51,370335,43,0,44.95870787,-1.958707865,43,0,-0.528901634,-0.043566818
Iceland,Iceland,0,21-12-2020,27-12-2020,7,2020,52,370335,53,0,43.15870787,9.841292135,53,0,2.657402658,0.228025644
Iceland,Iceland,0,28-12-2020,03-01-2021,7,2020,53,370335,46,1,44.62078652,1.379213483,45,0.270025787,0.372423207,0.030909663
Iceland,Iceland,0,04-01-2021,10-01-2021,7,2021,1,370335,45,0,49.01849251,-4.018492509,45,0,-1.085096604,-0.081979112
Iceland,Iceland,0,11-01-2021,17-01-2021,7,2021,2,370335,57,0,50.35182584,6.648174157,57,0,1.795178462,0.132034421
Iceland,Iceland,0,18-01-2021,24-01-2021,7,2021,3,370335,48,0,47.01849251,0.981507491,48,0,0.265032333,0.020874925
Iceland,Iceland,0,25-01-2021,31-01-2021,7,2021,4,370335,42,0,47.68515918,-5.685159176,42,0,-1.535139583,-0.119222821
Iceland,Iceland,0,01-02-2021,07-02-2021,7,2021,5,370335,42,0,45.85182584,-3.851825843,42,0,-1.040092306,-0.084005942
Iceland,Iceland,0,08-02-2021,14-02-2021,7,2021,6,370335,46,0,49.01849251,-3.018492509,46,0,-0.815070817,-0.061578648
Iceland,Iceland,0,15-02-2021,21-02-2021,7,2021,7,370335,55,0,48.85182584,6.148174157,55,0,1.660165568,0.125853518
Iceland,Iceland,0,22-02-2021,28-02-2021,7,2021,8,370335,46,0,47.85182584,-1.851825843,46,0,-0.500040731,-0.038699168
Iceland,Iceland,0,01-03-2021,07-03-2021,7,2021,9,370335,46,0,45.14494382,0.85505618,46,0,0.230887218,0.018940242
Iceland,Iceland,0,08-03-2021,14-03-2021,7,2021,10,370335,40,0,45.94494382,-5.94494382,40,0,-1.605288136,-0.129392776
Iceland,Iceland,0,15-03-2021,21-03-2021,7,2021,11,370335,42,0,46.74494382,-4.74494382,42,0,-1.281257192,-0.101507103
Iceland,Iceland,0,22-03-2021,28-03-2021,7,2021,12,370335,37,0,43.14494382,-6.14494382,37,0,-1.659293294,-0.142425584
Iceland,Iceland,0,29-03-2021,04-04-2021,7,2021,13,370335,52,0,48.74494382,3.25505618,52,0,0.878949108,0.066777309
Iceland,Iceland,0,05-04-2021,11-04-2021,7,2021,14,370335,40,0,44.94494382,-4.94494382,40,0,-1.335262349,-0.110022249
Iceland,Iceland,0,12-04-2021,18-04-2021,7,2021,15,370335,54,0,45.94494382,8.05505618,54,0,2.175072888,0.175319753
Iceland,Iceland,0,19-04-2021,25-04-2021,7,2021,16,370335,45,0,50.14494382,-5.14494382,45,0,-1.389267507,-0.102601447
Iceland,Iceland,0,26-04-2021,02-05-2021,7,2021,17,370335,47,0,45.94494382,1.05505618,47,0,0.284892376,0.022963488
Iceland,Iceland,0,03-05-2021,09-05-2021,7,2021,18,370335,53,0,41.74494382,11.25505618,53,0,3.039155408,0.269614836
Iceland,Iceland,0,10-05-2021,16-05-2021,7,2021,19,370335,41,0,43.14494382,-2.14494382,41,0,-0.579190144,-0.049714836
Iceland,Iceland,0,17-05-2021,23-05-2021,7,2021,20,370335,41,0,43.74494382,-2.74494382,41,0,-0.741205617,-0.062748825
Iceland,Iceland,0,24-05-2021,30-05-2021,7,2021,21,370335,35,1,45.14494382,-10.14494382,34,0.270025787,-2.739396444,-0.224719381
Iceland,Iceland,0,31-05-2021,06-06-2021,7,2021,22,370335,38,0,44.14494382,-6.14494382,38,0,-1.659293294,-0.139199267
Iceland,Iceland,0,07-06-2021,13-06-2021,7,2021,23,370335,45,0,46.54494382,-1.54494382,45,0,-0.417174672,-0.033192517
Iceland,Iceland,0,14-06-2021,20-06-2021,7,2021,24,370335,52,0,41.14494382,10.85505618,52,0,2.931145093,0.26382479
Iceland,Iceland,0,21-06-2021,27-06-2021,7,2021,25,370335,44,0,38.94494382,5.05505618,44,0,1.364995526,0.129800063
Iceland,Iceland,0,28-06-2021,04-07-2021,7,2021,26,370335,45,0,48.54494382,-3.54494382,45,0,-0.957226247,-0.073023956
Iceland,Iceland,0,05-07-2021,11-07-2021,7,2021,27,370335,43,0,44.54494382,-1.54494382,43,0,-0.417174672,-0.03468281
Iceland,Iceland,0,12-07-2021,18-07-2021,7,2021,28,370335,47,0,39.74494382,7.25505618,47,0,1.959052258,0.182540356
Iceland,Iceland,0,19-07-2021,25-07-2021,7,2021,29,370335,38,0,40.74494382,-2.74494382,38,0,-0.741205617,-0.067368944
Iceland,Iceland,0,26-07-2021,01-08-2021,7,2021,30,370335,56,0,46.54494382,9.45505618,56,0,2.55310899,0.203138202
Iceland,Iceland,0,02-08-2021,08-08-2021,7,2021,31,370335,46,0,37.54494382,8.45505618,46,0,2.283083203,0.225198264
Iceland,Iceland,0,09-08-2021,15-08-2021,7,2021,32,370335,47,0,40.34494382,6.65505618,47,0,1.797036786,0.164953909
Iceland,Iceland,0,16-08-2021,22-08-2021,7,2021,33,370335,44,0,40.54494382,3.45505618,44,0,0.932954266,0.085215463
Iceland,Iceland,0,23-08-2021,29-08-2021,7,2021,34,370335,45,3,45.14494382,-0.14494382,42,0.810077362,-0.039138569,-0.003210632
Iceland,Iceland,0,30-08-2021,05-09-2021,7,2021,35,370335,36,0,37.34494382,-1.34494382,36,0,-0.363169514,-0.036014081
Iceland,Iceland,0,06-09-2021,12-09-2021,7,2021,36,370335,43,0,40.74494382,2.25505618,43,0,0.608923321,0.055345669
Iceland,Iceland,0,13-09-2021,19-09-2021,7,2021,37,370335,43,0,43.94494382,-0.94494382,43,0,-0.255159199,-0.021502902
Iceland,Iceland,0,20-09-2021,26-09-2021,7,2021,38,370335,32,0,43.14494382,-11.14494382,32,0,-3.009422231,-0.258314019
Iceland,Iceland,0,27-09-2021,03-10-2021,7,2021,39,370335,35,0,51.54494382,-16.54494382,35,0,-4.467561484,-0.320980926
Iceland,Iceland,0,04-10-2021,10-10-2021,7,2021,40,370335,42,0,43.94494382,-1.94494382,42,0,-0.525184987,-0.044258648
Iceland,Iceland,0,11-10-2021,17-10-2021,7,2021,41,370335,43,0,43.94494382,-0.94494382,43,0,-0.255159199,-0.021502902
Iceland,Iceland,0,18-10-2021,24-10-2021,7,2021,42,370335,31,0,43.74494382,-12.74494382,31,0,-3.441463491,-0.291346672
Iceland,Iceland,0,25-10-2021,31-10-2021,7,2021,43,370335,39,0,47.54494382,-8.54494382,39,0,-2.307355184,-0.179723502
Iceland,Iceland,0,01-11-2021,07-11-2021,7,2021,44,370335,50,1,42.94494382,7.05505618,49,0.270025787,1.905047101,0.164281416
Iceland,Iceland,0,08-11-2021,14-11-2021,7,2021,45,370335,58,0,39.94494382,18.05505618,58,0,4.875330763,0.451998537
Iceland,Iceland,0,15-11-2021,21-11-2021,7,2021,46,370335,41,0,48.54494382,-7.54494382,41,0,-2.037329396,-0.155421826
Iceland,Iceland,0,22-11-2021,28-11-2021,7,2021,47,370335,43,1,45.74494382,-2.74494382,42,0.270025787,-0.741205617,-0.060005404
Iceland,Iceland,0,29-11-2021,05-12-2021,7,2021,48,370335,43,0,45.54494382,-2.54494382,43,0,-0.687200459,-0.055877637
Iceland,Iceland,0,06-12-2021,12-12-2021,7,2021,49,370335,46,0,43.34494382,2.65505618,46,0,0.716933636,0.061254115
Iceland,Iceland,0,13-12-2021,19-12-2021,7,2021,50,370335,61,1,43.74494382,17.25505618,60,0.270025787,4.659310133,0.39444687
Iceland,Iceland,0,20-12-2021,26-12-2021,7,2021,51,370335,48,1,45.34494382,2.65505618,47,0.270025787,0.716933636,0.05855242
Iceland,Iceland,0,27-12-2021,02-01-2022,7,2021,52,370335,55,0,43.54494382,11.45505618,55,0,3.093160565,0.263062831
Iceland,Iceland,0,03-01-2022,09-01-2022,7,2022,1,370335,51,2,49.40472846,1.595271536,49,0.540051575,0.430764453,0.032289855
Iceland,Iceland,0,10-01-2022,16-01-2022,7,2022,2,370335,54,5,50.7380618,3.261938202,49,1.350128937,0.880807432,0.064289768
Iceland,Iceland,0,17-01-2022,23-01-2022,7,2022,3,370335,64,0,47.40472846,16.59527154,64,0,4.481151265,0.350076291
Iceland,Iceland,0,24-01-2022,30-01-2022,7,2022,4,370335,42,2,48.07139513,-6.071395131,40,0.540051575,-1.639433251,-0.126299541
Iceland,Iceland,0,31-01-2022,06-02-2022,7,2022,5,370335,49,3,46.2380618,2.761938202,46,0.810077362,0.745794538,0.059733001
Iceland,Iceland,0,07-02-2022,13-02-2022,7,2022,6,370335,49,5,49.40472846,-0.404728464,44,1.350128937,-0.109287122,-0.0081921
Iceland,Iceland,0,14-02-2022,20-02-2022,7,2022,7,370335,55,4,49.2380618,5.761938202,51,1.08010315,1.5558719,0.117022035
Iceland,Iceland,0,21-02-2022,27-02-2022,7,2022,8,370335,70,4,48.2380618,21.7619382,66,1.08010315,5.8762845,0.451136248
Iceland,Iceland,0,28-02-2022,06-03-2022,7,2022,9,370335,78,7,45.53117978,32.46882022,71,1.890180512,8.767418749,0.713111771
Iceland,Iceland,0,07-03-2022,13-03-2022,7,2022,10,370335,71,11,46.33117978,24.66882022,60,2.970283662,6.661217607,0.532445328
Iceland,Iceland,0,14-03-2022,20-03-2022,7,2022,11,370335,67,12,47.13117978,19.86882022,55,3.24030945,5.365093827,0.421564245
Iceland,Iceland,0,21-03-2022,27-03-2022,7,2022,12,370335,58,6,43.53117978,14.46882022,52,1.620154725,3.906954575,0.332378316
Iceland,Iceland,0,28-03-2022,03-04-2022,7,2022,13,370335,67,4,49.13117978,17.86882022,63,1.08010315,4.825042252,0.363696136
Iceland,Iceland,0,04-04-2022,10-04-2022,7,2022,14,370335,56,4,45.33117978,10.66882022,52,1.08010315,2.880856582,0.235352803
Iceland,Iceland,0,11-04-2022,17-04-2022,7,2022,15,370335,49,5,46.33117978,2.668820225,44,1.350128937,0.720650283,0.057603114
Iceland,Iceland,0,18-04-2022,24-04-2022,7,2022,16,370335,46,4,50.53117978,-4.531179775,42,1.08010315,-1.223535387,-0.089670967
Iceland,Iceland,0,25-04-2022,01-05-2022,7,2022,17,370335,49,5,46.33117978,2.668820225,44,1.350128937,0.720650283,0.057603114
Iceland,Iceland,0,02-05-2022,08-05-2022,7,2022,18,370335,50,0,42.13117978,7.868820225,50,0,2.124784378,0.18676952
Iceland,Iceland,0,09-05-2022,15-05-2022,7,2022,19,370335,45,1,43.53117978,1.468820225,44,0.270025787,0.396619338,0.033741797
Iceland,Iceland,0,16-05-2022,22-05-2022,7,2022,20,370335,46,0,44.13117978,1.868820225,46,0,0.504629653,0.042346936
Iceland,Iceland,0,23-05-2022,29-05-2022,7,2022,21,370335,45,0,45.53117978,-0.531179775,45,0,-0.143432237,-0.011666286
Iceland,Iceland,0,30-05-2022,05-06-2022,7,2022,22,370335,41,0,44.53117978,-3.531179775,41,0,-0.953509599,-0.079296794
Iran,Iran,0,30-12-2019,05-01-2020,7,2020,1,87923432,7868.7,0,8277.357795,-408.6577949,7868.7,0,-0.464788266,-0.049370561
Iran,Iran,0,06-01-2020,12-01-2020,7,2020,2,87923432,7527.1,0,7975.191128,-448.0911283,7527.1,0,-0.509637895,-0.056185629
Iran,Iran,0,13-01-2020,19-01-2020,7,2020,3,87923432,7717.3,0,8089.357795,-372.0577949,7717.3,0,-0.423161137,-0.04599349
Iran,Iran,0,20-01-2020,26-01-2020,7,2020,4,87923432,7509.4,0,8025.191128,-515.7911283,7509.4,0,-0.586636709,-0.064271507
Iran,Iran,0,27-01-2020,02-02-2020,7,2020,5,87923432,7443.1,0,7877.091128,-433.9911283,7443.1,0,-0.493601215,-0.055095355
Iran,Iran,0,03-02-2020,09-02-2020,7,2020,6,87923432,8022.6,0,7780.991128,241.6088717,8022.6,0,0.274794632,0.031051169
Iran,Iran,0,10-02-2020,16-02-2020,7,2020,7,87923432,7343.6,0,7563.974462,-220.3744616,7343.6,0,-0.250643607,-0.029134744
Iran,Iran,0,17-02-2020,23-02-2020,7,2020,8,87923432,8151,8,7932.191128,218.8088717,8143,0.009098826,0.248862979,0.027584922
Iran,Iran,0,24-02-2020,01-03-2020,7,2020,9,87923432,7895.3,46,7655.329354,239.9706461,7849.3,0.052318249,0.272931391,0.031346874
Iran,Iran,0,02-03-2020,08-03-2020,7,2020,10,87923432,8737,140,7650.849354,1086.150646,8597,0.159229453,1.235336953,0.141964715
Iran,Iran,0,09-03-2020,15-03-2020,7,2020,11,87923432,9865.7,530,7093.389354,2772.310646,9335.7,0.602797216,3.153096487,0.390830181
Iran,Iran,0,16-03-2020,22-03-2020,7,2020,12,87923432,10799.7,961,6221.509354,4578.190646,9838.7,1.092996461,5.207019951,0.735864946
Iran,Iran,0,23-03-2020,29-03-2020,7,2020,13,87923432,8696.7,955,7660.089354,1036.610646,7741.7,1.086172341,1.178992474,0.135326182
Iran,Iran,0,30-03-2020,05-04-2020,7,2020,14,87923432,8087.9,963,7062.769354,1025.130646,7124.9,1.095271167,1.165935659,0.145145706
Iran,Iran,0,06-04-2020,12-04-2020,7,2020,15,87923432,10126.3,871,7792.969354,2333.330646,9255.3,0.990634669,2.653821163,0.299414837
Iran,Iran,0,13-04-2020,19-04-2020,7,2020,16,87923432,9272.4,644,7269.949354,2002.450646,8628.4,0.732455485,2.277493724,0.275442173
Iran,Iran,0,20-04-2020,26-04-2020,7,2020,17,87923432,8380.7,592,7390.429354,990.2706461,7788.7,0.673313116,1.126287525,0.133993656
Iran,Iran,0,27-04-2020,03-05-2020,7,2020,18,87923432,8146.1,493,7053.569354,1092.530646,7653.1,0.560715146,1.242593267,0.154890466
Iran,Iran,0,04-05-2020,10-05-2020,7,2020,19,87923432,7577.6,437,7130.109354,447.4906461,7140.6,0.497023365,0.508954935,0.062760699
Iran,Iran,0,11-05-2020,17-05-2020,7,2020,20,87923432,7311.3,348,6948.749354,362.5506461,6963.3,0.395798927,0.412348151,0.052174949
Iran,Iran,0,18-05-2020,24-05-2020,7,2020,21,87923432,7493.6,429,7031.909354,461.6906461,7064.6,0.487924539,0.525105351,0.065656513
Iran,Iran,0,25-05-2020,31-05-2020,7,2020,22,87923432,6933.6,380,6779.649354,153.9506461,6553.6,0.43219423,0.175096266,0.022707759
Iran,Iran,0,01-06-2020,07-06-2020,7,2020,23,87923432,7831.1,484,6285.649354,1545.450646,7347.1,0.550478967,1.757723295,0.245869688
Iran,Iran,0,08-06-2020,14-06-2020,7,2020,24,87923432,9429.4,556,7450.049354,1979.350646,8873.4,0.6323684,2.251220865,0.26568289
Iran,Iran,0,15-06-2020,21-06-2020,7,2020,25,87923432,8421,786,6988.889354,1432.110646,7635,0.893959644,1.628815679,0.204912479
Iran,Iran,0,22-06-2020,28-06-2020,7,2020,26,87923432,9823.3,885,6963.609354,2859.690646,8938.3,1.006557615,3.252478413,0.410662129
Iran,Iran,0,29-06-2020,05-07-2020,7,2020,27,87923432,9477.4,1063,7081.129354,2396.270646,8414.4,1.209006491,2.725406176,0.338402326
Iran,Iran,0,06-07-2020,12-07-2020,7,2020,28,87923432,9826.1,1258,7207.649354,2618.450646,8568.1,1.430790372,2.978103318,0.36328774
Iran,Iran,0,13-07-2020,19-07-2020,7,2020,29,87923432,10213.9,1359,7171.789354,3042.110646,8854.9,1.545663049,3.459954391,0.424177356
Iran,Iran,0,20-07-2020,26-07-2020,7,2020,30,87923432,10512.1,1512,7301.209354,3210.890646,9000.1,1.719678094,3.65191687,0.439775178
Iran,Iran,0,27-07-2020,02-08-2020,7,2020,31,87923432,11327.3,1490,7228.869354,4098.430646,9837.3,1.694656323,4.661363362,0.566953205
Iran,Iran,0,03-08-2020,09-08-2020,7,2020,32,87923432,10651.7,1237,7057.809354,3593.890646,9414.7,1.406905954,4.08752316,0.509207669
Iran,Iran,0,10-08-2020,16-08-2020,7,2020,33,87923432,9549.9,1212,6817.869354,2732.030646,8337.9,1.378472123,3.107283899,0.400716192
Iran,Iran,0,17-08-2020,23-08-2020,7,2020,34,87923432,9726.1,1004,6971.889354,2754.210646,8722.1,1.14190265,3.132510394,0.395045088
Iran,Iran,0,24-08-2020,30-08-2020,7,2020,35,87923432,9369.7,819,7183.189354,2186.510646,8550.7,0.931492301,2.486834961,0.304392734
Iran,Iran,0,31-08-2020,06-09-2020,7,2020,36,87923432,8351.4,831,7067.189354,1284.210646,7520.4,0.94514054,1.460601135,0.181714481
Iran,Iran,0,07-09-2020,13-09-2020,7,2020,37,87923432,9179.1,864,6627.809354,2551.290646,8315.1,0.982673197,2.901718675,0.384937241
Iran,Iran,0,14-09-2020,20-09-2020,7,2020,38,87923432,9046,1144,6880.349354,2165.650646,7902,1.301132103,2.463109773,0.31475882
Iran,Iran,0,21-09-2020,27-09-2020,7,2020,39,87923432,9571.6,1288,7472.669354,2098.930646,8283.6,1.464910969,2.387225565,0.280880974
Iran,Iran,0,28-09-2020,04-10-2020,7,2020,40,87923432,10081.1,1368,7175.449354,2905.650646,8713.1,1.555899228,3.304751168,0.40494337
Iran,Iran,0,05-10-2020,11-10-2020,7,2020,41,87923432,10211.3,1587,7113.089354,3098.210646,8624.3,1.804979587,3.523759907,0.435564702
Iran,Iran,0,12-10-2020,18-10-2020,7,2020,42,87923432,11648,1831,7294.649354,4353.350646,9817,2.082493777,4.951297449,0.596786828
Iran,Iran,0,19-10-2020,25-10-2020,7,2020,43,87923432,11606.9,2241,7410.769354,4196.130646,9365.9,2.548808604,4.772482773,0.566220651
Iran,Iran,0,26-10-2020,01-11-2020,7,2020,44,87923432,13075.6,2682,7222.969354,5852.630646,10393.6,3.050381382,6.656508411,0.810280421
Iran,Iran,0,02-11-2020,08-11-2020,7,2020,45,87923432,14019.1,2993,7472.089354,6547.010646,11026.1,3.404098239,7.446263751,0.876195444
Iran,Iran,0,09-11-2020,15-11-2020,7,2020,46,87923432,15608.4,3202,7926.429354,7681.970646,12406.4,3.641805065,8.737114181,0.969159038
Iran,Iran,0,16-11-2020,22-11-2020,7,2020,47,87923432,14411.7,3309,7702.989354,6708.710646,11102.7,3.763501861,7.63017377,0.870923006
Iran,Iran,0,23-11-2020,29-11-2020,7,2020,48,87923432,13887,3072,8080.029354,5806.970646,10815,3.493949144,6.604576862,0.718681875
Iran,Iran,0,30-11-2020,06-12-2020,7,2020,49,87923432,12210.7,2436,8191.429354,4019.270646,9774.7,2.770592486,4.57133048,0.490667803
Iran,Iran,0,07-12-2020,13-12-2020,7,2020,50,87923432,11198.1,1886,8172.329354,3025.770646,9312.1,2.145048205,3.441370039,0.370245803
Iran,Iran,0,14-12-2020,20-12-2020,7,2020,51,87923432,10653.7,1429,8239.349354,2414.350646,9224.7,1.625277776,2.745969523,0.293026857
Iran,Iran,0,21-12-2020,27-12-2020,7,2020,52,87923432,9764.3,1068,8543.989354,1220.310646,8696.3,1.214693257,1.387924264,0.142826799
Iran,Iran,0,28-12-2020,03-01-2021,7,2020,53,87923432,9316,847,8519.860393,796.1396067,8469,0.963338192,0.905491959,0.093445147
Iran,Iran,0,04-01-2021,10-01-2021,7,2021,1,87923432,8929,631,8392.260913,536.7390871,8298,0.717669893,0.610461938,0.063956435
Iran,Iran,0,11-01-2021,17-01-2021,7,2021,2,87923432,8628.3,632,8090.094246,538.2057537,7996.3,0.718807246,0.612130056,0.066526512
Iran,Iran,0,18-01-2021,24-01-2021,7,2021,3,87923432,8651.4,580,8204.260913,447.1390871,8071.4,0.659664878,0.508555088,0.054500837
Iran,Iran,0,25-01-2021,31-01-2021,7,2021,4,87923432,8933.9,576,8140.094246,793.8057537,8357.9,0.655115465,0.902837544,0.097518005
Iran,Iran,0,01-02-2021,07-02-2021,7,2021,5,87923432,8426.1,510,7991.994246,434.1057537,7916.1,0.580050151,0.493731584,0.054317576
Iran,Iran,0,08-02-2021,14-02-2021,7,2021,6,87923432,7880.7,476,7895.894246,-15.19424625,7404.7,0.541380141,-0.017281225,-0.001924322
Iran,Iran,0,15-02-2021,21-02-2021,7,2021,7,87923432,8528.4,538,7678.87758,849.5224204,7990.4,0.611896042,0.966207075,0.110631067
Iran,Iran,0,22-02-2021,28-02-2021,7,2021,8,87923432,8304.3,590,8047.094246,257.2057537,7714.3,0.67103841,0.292533797,0.031962563
Iran,Iran,0,01-03-2021,07-03-2021,7,2021,9,87923432,8672.1,614,7770.232472,901.8675281,8058.1,0.698334888,1.025741952,0.116066994
Iran,Iran,0,08-03-2021,14-03-2021,7,2021,10,87923432,8497.3,543,7765.752472,731.5475281,7954.3,0.617582808,0.832027949,0.094201757
Iran,Iran,0,15-03-2021,21-03-2021,7,2021,11,87923432,8648.3,567,7208.292472,1440.007528,8081.3,0.644879285,1.637797223,0.199770963
Iran,Iran,0,22-03-2021,28-03-2021,7,2021,12,87923432,5860.7,600,6336.412472,-475.7124719,5260.7,0.682411942,-0.54105312,-0.075075995
Iran,Iran,0,29-03-2021,04-04-2021,7,2021,13,87923432,9754.9,763,7774.992472,1979.907528,8991.9,0.86780052,2.251854236,0.254650732
Iran,Iran,0,05-04-2021,11-04-2021,7,2021,14,87923432,10664.1,1330,7177.672472,3486.427528,9334.1,1.512679805,3.965299635,0.485732324
Iran,Iran,0,12-04-2021,18-04-2021,7,2021,15,87923432,10997.9,2242,7907.872472,3090.027528,8755.9,2.549945958,3.514452812,0.390753333
Iran,Iran,0,19-04-2021,25-04-2021,7,2021,16,87923432,12153.1,2842,7384.852472,4768.247528,9311.1,3.2323579,5.423181761,0.645679456
Iran,Iran,0,26-04-2021,02-05-2021,7,2021,17,87923432,12372.7,2910,7505.332472,4867.367528,9462.7,3.30969792,5.535916214,0.648521241
Iran,Iran,0,03-05-2021,09-05-2021,7,2021,18,87923432,10916.4,2426,7168.472472,3747.927528,8490.4,2.759218953,4.262717506,0.522834892
Iran,Iran,0,10-05-2021,16-05-2021,7,2021,19,87923432,10800.3,2026,7245.012472,3555.287528,8774.3,2.304277658,4.043617779,0.490722071
Iran,Iran,0,17-05-2021,23-05-2021,7,2021,20,87923432,11003.9,1661,7063.652472,3940.247528,9342.9,1.889143727,4.481453281,0.557820128
Iran,Iran,0,24-05-2021,30-05-2021,7,2021,21,87923432,10225,1342,7146.812472,3078.187528,8883,1.526328044,3.500986549,0.430707751
Iran,Iran,0,31-05-2021,06-06-2021,7,2021,22,87923432,9352,1124,6894.552472,2457.447528,8228,1.278385038,2.794985901,0.356433219
Iran,Iran,0,07-06-2021,13-06-2021,7,2021,23,87923432,9142.4,1035,6400.552472,2741.847528,8107.4,1.1771606,3.118449162,0.428376697
Iran,Iran,0,14-06-2021,20-06-2021,7,2021,24,87923432,9257.1,867,7564.952472,1692.147528,8390.1,0.986085257,1.924569469,0.223682506
Iran,Iran,0,21-06-2021,27-06-2021,7,2021,25,87923432,8625.9,880,7103.792472,1522.107528,7745.9,1.000870849,1.731173924,0.214266891
Iran,Iran,0,28-06-2021,04-07-2021,7,2021,26,87923432,8929.7,947,7078.512472,1851.187528,7982.7,1.077073516,2.105454128,0.261522112
Iran,Iran,0,05-07-2021,11-07-2021,7,2021,27,87923432,8708,1067,7196.032472,1511.967528,7641,1.213555904,1.719641162,0.210111271
Iran,Iran,0,12-07-2021,18-07-2021,7,2021,28,87923432,9588.6,1302,7322.552472,2266.047528,8286.6,1.480833915,2.577296491,0.309461426
Iran,Iran,0,19-07-2021,25-07-2021,7,2021,29,87923432,9209.3,1639,7286.692472,1922.607528,7570.3,1.864121956,2.186683896,0.263851883
Iran,Iran,0,26-07-2021,01-08-2021,7,2021,30,87923432,11563.9,2196,7416.112472,4147.787528,9367.9,2.497627709,4.717499572,0.559294043
Iran,Iran,0,02-08-2021,08-08-2021,7,2021,31,87923432,13007.6,3019,7343.772472,5663.827528,9988.6,3.433669423,6.441772573,0.77124224
Iran,Iran,0,09-08-2021,15-08-2021,7,2021,32,87923432,12663.3,3813,7172.712472,5490.587528,8850.3,4.336727893,6.244737499,0.765482731
Iran,Iran,0,16-08-2021,22-08-2021,7,2021,33,87923432,14426.4,4210,6932.772472,7493.627528,10216.4,4.788257128,8.522901527,1.0808991
Iran,Iran,0,23-08-2021,29-08-2021,7,2021,34,87923432,18497.7,4444,7086.792472,11410.90753,14053.7,5.054397786,12.97823262,1.610165328
Iran,Iran,0,30-08-2021,05-09-2021,7,2021,35,87923432,16214.1,4192,7298.092472,8916.007528,12022.1,4.76778477,10.14065002,1.221690128
Iran,Iran,0,06-09-2021,12-09-2021,7,2021,36,87923432,15295,3637,7182.092472,8112.907528,11658,4.136553723,9.227241639,1.12960221
Iran,Iran,0,13-09-2021,19-09-2021,7,2021,37,87923432,13196.3,2871,6742.712472,6453.587528,10325.3,3.265341144,7.340008666,0.957120381
Iran,Iran,0,20-09-2021,26-09-2021,7,2021,38,87923432,11972.4,2178,6995.252472,4977.147528,9794.4,2.47715535,5.660774852,0.71150363
Iran,Iran,0,27-09-2021,03-10-2021,7,2021,39,87923432,10955.1,1749,7587.572472,3367.527528,9206.1,1.989230812,3.830068335,0.443821465
Iran,Iran,0,04-10-2021,10-10-2021,7,2021,40,87923432,9807.7,1483,7290.352472,2517.347528,8324.7,1.686694851,2.86311336,0.345298466
Iran,Iran,0,11-10-2021,17-10-2021,7,2021,41,87923432,11203.6,1483,7227.992472,3975.607528,9720.6,1.686694851,4.521670091,0.550029285
Iran,Iran,0,18-10-2021,24-10-2021,7,2021,42,87923432,10237,1148,7409.552472,2827.447528,9089,1.305681516,3.215806599,0.381594913
Iran,Iran,0,25-10-2021,31-10-2021,7,2021,43,87923432,9756.4,1080,7525.672472,2230.727528,8676.4,1.228341496,2.537125175,0.296415707
Iran,Iran,0,01-11-2021,07-11-2021,7,2021,44,87923432,9705.6,996,7337.872472,2367.727528,8709.6,1.132803824,2.692942569,0.32267221
Iran,Iran,0,08-11-2021,14-11-2021,7,2021,45,87923432,9219.1,868,7586.992472,1632.107528,8351.1,0.98722261,1.85628278,0.215119171
Iran,Iran,0,15-11-2021,21-11-2021,7,2021,46,87923432,8931.6,789,8041.332472,890.2675281,8142.6,0.897371704,1.012548655,0.110711444
Iran,Iran,0,22-11-2021,28-11-2021,7,2021,47,87923432,9013.4,673,7817.892472,1195.507528,8340.4,0.765438729,1.359714357,0.152919413
Iran,Iran,0,29-11-2021,05-12-2021,7,2021,48,87923432,9067.7,571,8194.932472,872.7675281,8496.7,0.649428698,0.992644973,0.106500881
Iran,Iran,0,06-12-2021,12-12-2021,7,2021,49,87923432,8492.4,522,8306.332472,186.0675281,7970.4,0.59369839,0.211624505,0.022400684
Iran,Iran,0,13-12-2021,19-12-2021,7,2021,50,87923432,8262.6,361,8287.232472,-24.63247191,7901.6,0.410584519,-0.028015822,-0.00297234
Iran,Iran,0,20-12-2021,26-12-2021,7,2021,51,87923432,8391.7,317,8354.252472,37.44752809,8074.7,0.360540976,0.042591067,0.004482451
Iran,Iran,0,27-12-2021,02-01-2022,7,2021,52,87923432,8194.4,280,8658.892472,-464.4924719,7914.4,0.318458906,-0.528292017,-0.053643405
Iran,Iran,0,03-01-2022,09-01-2022,7,2022,1,87923432,8076.9,198,8507.164031,-430.2640309,7878.9,0.225195941,-0.489362188,-0.05057667
Iran,Iran,0,10-01-2022,16-01-2022,7,2022,2,87923432,8504,197,8204.997364,299.0026358,8307,0.224058588,0.340071616,0.036441527
Iran,Iran,0,17-01-2022,23-01-2022,7,2022,3,87923432,7958,155,8319.164031,-361.1640309,7803,0.176289752,-0.41077108,-0.0434135
Iran,Iran,0,24-01-2022,30-01-2022,7,2022,4,87923432,8549,194,8254.997364,294.0026358,8355,0.220646528,0.334384849,0.03561511
Iran,Iran,0,31-01-2022,06-02-2022,7,2022,5,87923432,8609.9,406,8106.897364,503.0026358,8203.9,0.461765414,0.572091676,0.062046257
Iran,Iran,0,07-02-2022,13-02-2022,7,2022,6,87923432,9085,888,8010.797364,1074.202636,8197,1.009969675,1.221747845,0.134094346
Iran,Iran,0,14-02-2022,20-02-2022,7,2022,7,87923432,9876.7,1322,7793.780698,2082.919302,8554.7,1.503580979,2.369015011,0.26725403
Iran,Iran,0,21-02-2022,27-02-2022,7,2022,8,87923432,11144.3,1591,8161.997364,2982.302636,9553.3,1.809529,3.391931557,0.365388826
Iran,Iran,0,28-02-2022,06-03-2022,7,2022,9,87923432,10155.6,1317,7885.13559,2270.46441,8838.6,1.497894213,2.582320047,0.287942342
Iran,Iran,0,07-03-2022,13-03-2022,7,2022,10,87923432,10159.3,1001,7880.65559,2278.64441,9158.3,1.13849059,2.591623596,0.289144017
Iran,Iran,0,21-03-2022,27-03-2022,7,2022,12,87923432,5391.6,411,6451.31559,-1059.71559,4980.6,0.46745218,-1.205270957,-0.164263486
Iran,Iran,0,28-03-2022,03-04-2022,7,2022,13,87923432,11806.3,294,7889.89559,3916.40441,11512.3,0.334381852,4.454335234,0.496382286
Iran,Iran,0,04-04-2022,10-04-2022,7,2022,14,87923432,7825.9,301,7292.57559,533.3244101,7524.9,0.342343324,0.606578244,0.073132517
Iran,Iran,0,11-04-2022,17-04-2022,7,2022,15,87923432,7892.4,213,8022.77559,-130.3755899,7679.4,0.242256239,-0.148283099,-0.016250684
Iran,Iran,0,18-04-2022,24-04-2022,7,2022,16,87923432,7499.6,146,7499.75559,-0.155589887,7353.6,0.166053573,-0.000176961,-2.0746E-05
Iran,Iran,0,25-04-2022,01-05-2022,7,2022,17,87923432,7016,121,7620.23559,-604.2355899,6895,0.137619742,-0.687229304,-0.079293558
Iran,Iran,0,02-05-2022,08-05-2022,7,2022,18,87923432,6255,81,7283.37559,-1028.37559,6174,0.092125612,-1.169626306,-0.141194914
Iran,Iran,0,09-05-2022,15-05-2022,7,2022,19,87923432,7980.9,47,7359.91559,620.9844101,7933.9,0.053455602,0.706278629,0.084373849
Iran,Iran,0,16-05-2022,22-05-2022,7,2022,20,87923432,7279.7,50,7178.55559,101.1444101,7229.7,0.056867662,0.115036922,0.0140898
Iran,Iran,0,23-05-2022,29-05-2022,7,2022,21,87923432,7633.9,34,7261.71559,372.1844101,7599.9,0.03867001,0.423305144,0.051252959
Iran,Iran,0,30-05-2022,05-06-2022,7,2022,22,87923432,7712.1,23,7009.45559,702.6444101,7689.1,0.026159124,0.799154894,0.100242366
Iran,Iran,0,06-06-2022,12-06-2022,7,2022,23,87923432,7111.3,19,6515.45559,595.8444101,7092.3,0.021609712,0.677685569,0.09145092
Iran,Iran,0,13-06-2022,19-06-2022,7,2022,24,87923432,7706.3,13,7679.85559,26.44441011,7693.3,0.014785592,0.030076635,0.003443347
Iran,Iran,0,20-06-2022,26-06-2022,7,2022,25,87923432,7362.3,22,7218.69559,143.6044101,7340.3,0.025021771,0.163328941,0.019893402
Iran,Iran,0,27-06-2022,03-07-2022,7,2022,26,87923432,7355,11,7193.41559,161.5844101,7344,0.012510886,0.183778552,0.022462821
Iran,Iran,0,04-07-2022,10-07-2022,7,2022,27,87923432,7204.3,43,7310.93559,-106.6355899,7161.3,0.048906189,-0.121282333,-0.014585765
Iran,Iran,0,11-07-2022,17-07-2022,7,2022,28,87923432,7184.9,60,7437.45559,-252.5555899,7124.9,0.068241194,-0.287244918,-0.033957257
Israel,Israel,0,30-12-2019,05-01-2020,7,2020,1,9291000,1092,0,1040.901451,51.09854869,1092,0,0.549978998,0.049090669
Israel,Israel,0,06-01-2020,12-01-2020,7,2020,2,9291000,1010,0,1062.901451,-52.90145131,1010,0,-0.569383826,-0.049770796
Israel,Israel,0,13-01-2020,19-01-2020,7,2020,3,9291000,1099,0,1060.401451,38.59854869,1099,0,0.415440197,0.03639994
Israel,Israel,0,20-01-2020,26-01-2020,7,2020,4,9291000,1001,0,1057.234785,-56.23478464,1001,0,-0.60526084,-0.053190441
Israel,Israel,0,27-01-2020,02-02-2020,7,2020,5,9291000,991,0,1061.234785,-70.23478464,991,0,-0.755944297,-0.066182136
Israel,Israel,0,03-02-2020,09-02-2020,7,2020,6,9291000,944,0,1050.068118,-106.068118,944,0,-1.141622193,-0.101010702
Israel,Israel,0,10-02-2020,16-02-2020,7,2020,7,9291000,966,0,1000.068118,-34.06811798,966,0,-0.3666787,-0.034065797
Israel,Israel,0,17-02-2020,23-02-2020,7,2020,8,9291000,991,0,1001.568118,-10.56811798,991,0,-0.113745754,-0.010551572
Israel,Israel,0,24-02-2020,01-03-2020,7,2020,9,9291000,906,0,980.2817416,-74.28174157,906,0,-0.799502116,-0.075775911
Israel,Israel,0,02-03-2020,08-03-2020,7,2020,10,9291000,930,0,959.2817416,-29.28174157,930,0,-0.315162432,-0.030524652
Israel,Israel,0,09-03-2020,15-03-2020,7,2020,11,9291000,965,0,941.2817416,23.71825843,965,0,0.255282084,0.025197831
Israel,Israel,0,16-03-2020,22-03-2020,7,2020,12,9291000,892,1,882.2817416,9.718258427,891,0.010763104,0.104598627,0.011014915
Israel,Israel,0,23-03-2020,29-03-2020,7,2020,13,9291000,984,15,908.2817416,75.71825843,969,0.161446561,0.814963496,0.083364286
Israel,Israel,0,30-03-2020,05-04-2020,7,2020,14,9291000,1029,40,888.0817416,140.9182584,989,0.430524163,1.516717882,0.158677126
Israel,Israel,0,06-04-2020,12-04-2020,7,2020,15,9291000,880,53,855.0817416,24.91825843,827,0.570444516,0.268197809,0.029141376
Israel,Israel,0,13-04-2020,19-04-2020,7,2020,16,9291000,928,65,843.8817416,84.11825843,863,0.699601765,0.90537357,0.09968015
Israel,Israel,0,20-04-2020,26-04-2020,7,2020,17,9291000,901,30,871.4817416,29.51825843,871,0.322893122,0.317708088,0.033871345
Israel,Israel,0,27-04-2020,03-05-2020,7,2020,18,9291000,831,31,835.0817416,-4.081741573,800,0.333656226,-0.043932209,-0.004887835
Israel,Israel,0,04-05-2020,10-05-2020,7,2020,19,9291000,857,20,836.4817416,20.51825843,837,0.215262082,0.220840151,0.024529236
Israel,Israel,0,11-05-2020,17-05-2020,7,2020,20,9291000,847,20,820.4817416,26.51825843,827,0.215262082,0.285418775,0.032320352
Israel,Israel,0,18-05-2020,24-05-2020,7,2020,21,9291000,961,7,818.0817416,142.9182584,954,0.075341729,1.53824409,0.17469924
Israel,Israel,0,25-05-2020,31-05-2020,7,2020,22,9291000,837,5,807.2817416,29.71825843,832,0.05381552,0.319860709,0.036812747
Israel,Israel,0,01-06-2020,07-06-2020,7,2020,23,9291000,811,13,793.4817416,17.51825843,798,0.139920353,0.188550839,0.022077708
Israel,Israel,0,08-06-2020,14-06-2020,7,2020,24,9291000,785,5,772.2817416,12.71825843,780,0.05381552,0.136887939,0.016468418
Israel,Israel,0,15-06-2020,21-06-2020,7,2020,25,9291000,792,3,783.0817416,8.918258427,789,0.032289312,0.095988144,0.011388669
Israel,Israel,0,22-06-2020,28-06-2020,7,2020,26,9291000,779,18,778.0817416,0.918258427,761,0.193735873,0.009883311,0.001180157
Israel,Israel,0,29-06-2020,05-07-2020,7,2020,27,9291000,780,15,789.4817416,-9.481741573,765,0.161446561,-0.102052971,-0.012010083
Israel,Israel,0,06-07-2020,12-07-2020,7,2020,28,9291000,838,39,777.8817416,60.11825843,799,0.419761059,0.647059073,0.077284573
Israel,Israel,0,13-07-2020,19-07-2020,7,2020,29,9291000,836,56,776.4817416,59.51825843,780,0.602733828,0.64060121,0.076651201
Israel,Israel,0,20-07-2020,26-07-2020,7,2020,30,9291000,817,69,809.2817416,7.718258427,748,0.742654181,0.083072419,0.009537171
Israel,Israel,0,27-07-2020,02-08-2020,7,2020,31,9291000,938,84,784.8817416,153.1182584,854,0.904100743,1.648027752,0.195084495
Israel,Israel,0,03-08-2020,09-08-2020,7,2020,32,9291000,858,77,803.0817416,54.91825843,781,0.828759014,0.591090931,0.068384394
Israel,Israel,0,10-08-2020,16-08-2020,7,2020,33,9291000,944,98,785.8817416,158.1182584,846,1.0547842,1.701843272,0.201198539
Israel,Israel,0,17-08-2020,23-08-2020,7,2020,34,9291000,913,78,794.8817416,118.1182584,835,0.839522118,1.271319109,0.14859853
Israel,Israel,0,24-08-2020,30-08-2020,7,2020,35,9291000,899,88,797.4817416,101.5182584,811,0.947153159,1.092651581,0.127298536
Israel,Israel,0,31-08-2020,06-09-2020,7,2020,36,9291000,897,107,788.0817416,108.9182584,790,1.151652136,1.172298552,0.138206804
Israel,Israel,0,07-09-2020,13-09-2020,7,2020,37,9291000,963,118,781.4817416,181.5182584,845,1.270046281,1.953699908,0.232274471
Israel,Israel,0,14-09-2020,20-09-2020,7,2020,38,9291000,1005,148,791.4817416,213.5182584,857,1.592939404,2.298119238,0.269770289
Israel,Israel,0,21-09-2020,27-09-2020,7,2020,39,9291000,1026,200,799.8817416,226.1182584,826,2.152620816,2.43373435,0.282689611
Israel,Israel,0,28-09-2020,04-10-2020,7,2020,40,9291000,1011,245,805.2817416,205.7182584,766,2.636960499,2.214167026,0.255461223
Israel,Israel,0,05-10-2020,11-10-2020,7,2020,41,9291000,1114,266,817.2817416,296.7182584,848,2.862985685,3.193609498,0.363055044
Israel,Israel,0,12-10-2020,18-10-2020,7,2020,42,9291000,1080,233,841.2817416,238.7182584,847,2.50780325,2.569349461,0.283755425
Israel,Israel,0,19-10-2020,25-10-2020,7,2020,43,9291000,1047,193,837.6817416,209.3182584,854,2.077279087,2.252914201,0.249878024
Israel,Israel,0,26-10-2020,01-11-2020,7,2020,44,9291000,933,140,850.6817416,82.31825843,793,1.506834571,0.885999983,0.096767398
Israel,Israel,0,02-11-2020,08-11-2020,7,2020,45,9291000,907,103,853.4817416,53.51825843,804,1.10859972,0.576022586,0.062705804
Israel,Israel,0,09-11-2020,15-11-2020,7,2020,46,9291000,815,61,871.6817416,-56.68174157,754,0.656549349,-0.610071484,-0.06502573
Israel,Israel,0,16-11-2020,22-11-2020,7,2020,47,9291000,930,69,856.6817416,73.31825843,861,0.742654181,0.789132046,0.08558401
Israel,Israel,0,23-11-2020,29-11-2020,7,2020,48,9291000,930,51,917.8817416,12.11825843,879,0.548918308,0.130430077,0.013202418
Israel,Israel,0,30-11-2020,06-12-2020,7,2020,49,9291000,928,53,885.4817416,42.51825843,875,0.570444516,0.457628441,0.048017092
Israel,Israel,0,07-12-2020,13-12-2020,7,2020,50,9291000,967,82,959.2817416,7.718258427,885,0.882574534,0.083072419,0.008045872
Israel,Israel,0,14-12-2020,20-12-2020,7,2020,51,9291000,1007,100,952.8817416,54.11825843,907,1.076310408,0.582480448,0.056794307
Israel,Israel,0,21-12-2020,27-12-2020,7,2020,52,9291000,1016,127,993.4817416,22.51825843,889,1.366914218,0.242366359,0.022666001
Israel,Israel,0,28-12-2020,03-01-2021,7,2020,53,9291000,1138,190,1000.424157,137.5758427,948,2.044989775,1.480743114,0.137517514
Israel,Israel,0,04-01-2021,10-01-2021,7,2021,1,9291000,1211,255,1047.328699,163.6713015,956,2.74459154,1.761611253,0.156275009
Israel,Israel,0,11-01-2021,17-01-2021,7,2021,2,9291000,1263,334,1069.328699,193.6713015,929,3.594876762,2.084504375,0.181114845
Israel,Israel,0,18-01-2021,24-01-2021,7,2021,3,9291000,1278,414,1066.828699,211.1713015,864,4.455925089,2.272858697,0.197943027
Israel,Israel,0,25-01-2021,31-01-2021,7,2021,4,9291000,1297,377,1063.662032,233.3379682,920,4.057690238,2.511440837,0.219372283
Israel,Israel,0,01-02-2021,07-02-2021,7,2021,5,9291000,1252,325,1067.662032,184.3379682,927,3.498008826,1.984048737,0.172655731
Israel,Israel,0,08-02-2021,14-02-2021,7,2021,6,9291000,1183,267,1056.495365,126.5046348,916,2.873748789,1.361582551,0.119739886
Israel,Israel,0,15-02-2021,21-02-2021,7,2021,7,9291000,1089,189,1006.495365,82.50463483,900,2.034226671,0.888005972,0.081972195
Israel,Israel,0,22-02-2021,28-02-2021,7,2021,8,9291000,1011,175,1007.995365,3.004634832,836,1.883543214,0.032339197,0.002980802
Israel,Israel,0,01-03-2021,07-03-2021,7,2021,9,9291000,986,139,986.7089888,-0.708988764,847,1.496071467,-0.00763092,-0.000718539
Israel,Israel,0,08-03-2021,14-03-2021,7,2021,10,9291000,1042,120,965.7089888,76.29101124,922,1.29157249,0.821128094,0.079000001
Israel,Israel,0,15-03-2021,21-03-2021,7,2021,11,9291000,1062,81,947.7089888,114.2910112,981,0.87181143,1.230126049,0.120597159
Israel,Israel,0,22-03-2021,28-03-2021,7,2021,12,9291000,998,93,888.7089888,109.2910112,905,1.000968679,1.176310529,0.122977277
Israel,Israel,0,29-03-2021,04-04-2021,7,2021,13,9291000,922,62,914.7089888,7.291011236,860,0.667312453,0.078473913,0.007970853
Israel,Israel,0,05-04-2021,11-04-2021,7,2021,14,9291000,1009,53,894.5089888,114.4910112,956,0.570444516,1.23227867,0.127993137
Israel,Israel,0,12-04-2021,18-04-2021,7,2021,15,9291000,928,39,861.5089888,66.49101124,889,0.419761059,0.715649674,0.077179707
Israel,Israel,0,19-04-2021,25-04-2021,7,2021,16,9291000,876,17,850.3089888,25.69101124,859,0.182972769,0.276515028,0.030213736
Israel,Israel,0,26-04-2021,02-05-2021,7,2021,17,9291000,895,14,877.9089888,17.09101124,881,0.150683457,0.183952333,0.019467862
Israel,Israel,0,03-05-2021,09-05-2021,7,2021,18,9291000,860,11,841.5089888,18.49101124,849,0.118394145,0.199020678,0.021973635
Israel,Israel,0,10-05-2021,16-05-2021,7,2021,19,9291000,908,5,842.9089888,65.09101124,903,0.05381552,0.700581329,0.077221873
Israel,Israel,0,17-05-2021,23-05-2021,7,2021,20,9291000,879,22,826.9089888,52.09101124,857,0.23678829,0.560660976,0.062994854
Israel,Israel,0,24-05-2021,30-05-2021,7,2021,21,9291000,839,7,824.5089888,14.49101124,832,0.075341729,0.155968262,0.017575322
Israel,Israel,0,31-05-2021,06-06-2021,7,2021,22,9291000,798,7,813.7089888,-15.70898876,791,0.075341729,-0.169077481,-0.019305414
Israel,Israel,0,07-06-2021,13-06-2021,7,2021,23,9291000,785,12,799.9089888,-14.90898876,773,0.129157249,-0.160466998,-0.018638356
Israel,Israel,0,14-06-2021,20-06-2021,7,2021,24,9291000,807,0,778.7089888,28.29101124,807,0,0.304499098,0.03633066
Israel,Israel,0,21-06-2021,27-06-2021,7,2021,25,9291000,867,2,789.5089888,77.49101124,865,0.021526208,0.834043819,0.098150892
Israel,Israel,0,28-06-2021,04-07-2021,7,2021,26,9291000,840,0,784.5089888,55.49101124,840,0,0.597255529,0.070733429
Israel,Israel,0,05-07-2021,11-07-2021,7,2021,27,9291000,837,10,795.9089888,41.09101124,827,0.107631041,0.442266831,0.051627776
Israel,Israel,0,12-07-2021,18-07-2021,7,2021,28,9291000,750,11,784.3089888,-34.30898876,739,0.118394145,-0.369271217,-0.043744225
Israel,Israel,0,19-07-2021,25-07-2021,7,2021,29,9291000,901,11,782.9089888,118.0910112,890,0.118394145,1.271025845,0.150836193
Israel,Israel,0,26-07-2021,01-08-2021,7,2021,30,9291000,890,17,815.7089888,74.29101124,873,0.182972769,0.799601886,0.091075386
Israel,Israel,0,02-08-2021,08-08-2021,7,2021,31,9291000,947,65,791.3089888,155.6910112,882,0.699601765,1.675718558,0.196751223
Israel,Israel,0,09-08-2021,15-08-2021,7,2021,32,9291000,1021,126,809.5089888,211.4910112,895,1.356151114,2.276299766,0.261258385
Israel,Israel,0,16-08-2021,22-08-2021,7,2021,33,9291000,1044,162,792.3089888,251.6910112,882,1.743622861,2.70897655,0.317667747
Israel,Israel,0,23-08-2021,29-08-2021,7,2021,34,9291000,1046,159,801.3089888,244.6910112,887,1.711333549,2.633634821,0.305364116
Israel,Israel,0,30-08-2021,05-09-2021,7,2021,35,9291000,1084,216,803.9089888,280.0910112,868,2.324830481,3.014648706,0.348411344
Israel,Israel,0,06-09-2021,12-09-2021,7,2021,36,9291000,990,178,794.5089888,195.4910112,812,1.915832526,2.1040901,0.246052611
Israel,Israel,0,13-09-2021,19-09-2021,7,2021,37,9291000,1033,158,787.9089888,245.0910112,875,1.700570445,2.637940063,0.311065129
Israel,Israel,0,20-09-2021,26-09-2021,7,2021,38,9291000,955,134,797.9089888,157.0910112,821,1.442255947,1.690786904,0.196878358
Israel,Israel,0,27-09-2021,03-10-2021,7,2021,39,9291000,960,146,806.3089888,153.6910112,814,1.571413196,1.65419235,0.190610564
Israel,Israel,0,04-10-2021,10-10-2021,7,2021,40,9291000,961,99,811.7089888,149.2910112,862,1.065547304,1.606834692,0.183921841
Israel,Israel,0,11-10-2021,17-10-2021,7,2021,41,9291000,921,79,823.7089888,97.29101124,842,0.850285222,1.04715328,0.11811333
Israel,Israel,0,18-10-2021,24-10-2021,7,2021,42,9291000,976,50,847.7089888,128.2910112,926,0.538155204,1.380809506,0.151338505
Israel,Israel,0,25-10-2021,31-10-2021,7,2021,43,9291000,884,51,844.1089888,39.89101124,833,0.548918308,0.429351106,0.047258129
Israel,Israel,0,01-11-2021,07-11-2021,7,2021,44,9291000,908,22,857.1089888,50.89101124,886,0.23678829,0.547745251,0.059375193
Israel,Israel,0,08-11-2021,14-11-2021,7,2021,45,9291000,946,21,859.9089888,86.09101124,925,0.226025186,0.926606514,0.100116422
Israel,Israel,0,15-11-2021,21-11-2021,7,2021,46,9291000,859,33,878.1089888,-19.10898876,826,0.355182435,-0.205672035,-0.021761523
Israel,Israel,0,22-11-2021,28-11-2021,7,2021,47,9291000,841,13,863.1089888,-22.10898876,828,0.139920353,-0.237961347,-0.025615524
Israel,Israel,0,29-11-2021,05-12-2021,7,2021,48,9291000,894,15,924.3089888,-30.30898876,879,0.161446561,-0.326218801,-0.03279097
Israel,Israel,0,06-12-2021,12-12-2021,7,2021,49,9291000,968,12,891.9089888,76.09101124,956,0.129157249,0.818975473,0.085312529
Israel,Israel,0,13-12-2021,19-12-2021,7,2021,50,9291000,1023,16,965.7089888,57.29101124,1007,0.172209665,0.616629117,0.059325337
Israel,Israel,0,20-12-2021,26-12-2021,7,2021,51,9291000,1006,10,959.3089888,46.69101124,996,0.107631041,0.502540213,0.048671504
Israel,Israel,0,27-12-2021,02-01-2022,7,2021,52,9291000,1103,2,999.9089888,103.0910112,1101,0.021526208,1.109579284,0.103100395
Israel,Israel,0,03-01-2022,09-01-2022,7,2022,1,9291000,1069,25,1053.755946,15.24405431,1044,0.269077602,0.164073343,0.014466399
Israel,Israel,0,10-01-2022,16-01-2022,7,2022,2,9291000,1212,49,1075.755946,136.2440543,1163,0.5273921,1.466408937,0.126649595
Israel,Israel,0,17-01-2022,23-01-2022,7,2022,3,9291000,1391,75,1073.255946,317.7440543,1316,0.807232806,3.419912327,0.296056179
Israel,Israel,0,24-01-2022,30-01-2022,7,2022,4,9291000,1487,332,1070.089279,416.910721,1155,3.573350554,4.487253482,0.38960368
Israel,Israel,0,31-01-2022,06-02-2022,7,2022,5,9291000,1563,455,1074.089279,488.910721,1108,4.897212356,5.262196975,0.455186296
Israel,Israel,0,07-02-2022,13-02-2022,7,2022,6,9291000,1453,364,1062.922612,390.0773876,1089,3.917769885,4.198443522,0.366985689
Israel,Israel,0,14-02-2022,20-02-2022,7,2022,7,9291000,1286,427,1012.922612,273.0773876,859,4.595845442,2.939160345,0.269593535
Israel,Israel,0,21-02-2022,27-02-2022,7,2022,8,9291000,1196,183,1014.422612,181.5773876,1013,1.969648046,1.954336322,0.178995801
Israel,Israel,0,28-02-2022,06-03-2022,7,2022,9,9291000,1101,128,993.136236,107.863764,973,1.377677322,1.160948919,0.108609232
Israel,Israel,0,07-03-2022,13-03-2022,7,2022,10,9291000,1015,97,972.136236,42.86376404,918,1.044021096,0.461347154,0.044092343
Israel,Israel,0,14-03-2022,20-03-2022,7,2022,11,9291000,1028,52,954.136236,73.86376404,976,0.559681412,0.79500338,0.077414274
Israel,Israel,0,21-03-2022,27-03-2022,7,2022,12,9291000,1015,54,895.136236,119.863764,961,0.58120762,1.290106168,0.13390561
Israel,Israel,0,28-03-2022,03-04-2022,7,2022,13,9291000,1134,45,921.136236,212.863764,1089,0.484339684,2.291074847,0.231088254
Israel,Israel,0,04-04-2022,10-04-2022,7,2022,14,9291000,1056,54,900.936236,155.063764,1002,0.58120762,1.668967431,0.172114027
Israel,Israel,0,11-04-2022,17-04-2022,7,2022,15,9291000,890,46,867.936236,22.06376404,844,0.495102788,0.237474589,0.02542095
Israel,Israel,0,18-04-2022,24-04-2022,7,2022,16,9291000,920,40,856.736236,63.26376404,880,0.430524163,0.680914477,0.073842755
Israel,Israel,0,25-04-2022,01-05-2022,7,2022,17,9291000,921,28,884.336236,36.66376404,893,0.301366914,0.394615908,0.041459077
Israel,Israel,0,02-05-2022,08-05-2022,7,2022,18,9291000,929,44,847.936236,81.06376404,885,0.473576579,0.872497729,0.09560125
Israel,Israel,0,09-05-2022,15-05-2022,7,2022,19,9291000,860,60,849.336236,10.66376404,800,0.645786245,0.114775202,0.012555409
Israel,Israel,0,16-05-2022,22-05-2022,7,2022,20,9291000,838,32,833.336236,4.663764045,806,0.344419331,0.050196578,0.005596497
Israel,Israel,0,23-05-2022,29-05-2022,7,2022,21,9291000,876,7,830.936236,45.06376404,869,0.075341729,0.485025983,0.054232518
Israel,Israel,0,30-05-2022,05-06-2022,7,2022,22,9291000,836,25,820.136236,15.86376404,811,0.269077602,0.170743344,0.01934284
Israel,Israel,0,06-06-2022,12-06-2022,7,2022,23,9291000,855,18,806.336236,48.66376404,837,0.193735873,0.523773157,0.060351702
Israel,Israel,0,13-06-2022,19-06-2022,7,2022,24,9291000,849,22,785.136236,63.86376404,827,0.23678829,0.687372339,0.081340997
Israel,Israel,0,20-06-2022,26-06-2022,7,2022,25,9291000,814,36,795.936236,18.06376404,778,0.387471747,0.194422172,0.022694989
Israel,Israel,0,27-06-2022,03-07-2022,7,2022,26,9291000,875,38,790.936236,84.06376404,837,0.408997955,0.904787042,0.10628387
Italy,Italy,0,30-12-2019,05-01-2020,7,2020,1,59240330,13483,0,14968.0309,-1485.030899,13483,0,-2.506790389,-0.099213511
Italy,Italy,0,06-01-2020,12-01-2020,7,2020,2,59240330,13974,0,15297.5309,-1323.530899,13974,0,-2.234172056,-0.08651925
Italy,Italy,0,13-01-2020,19-01-2020,7,2020,3,59240330,14049,0,15125.19757,-1076.197566,14049,0,-1.816663691,-0.071152629
Italy,Italy,0,20-01-2020,26-01-2020,7,2020,4,59240330,13989,0,14664.86423,-675.8642322,13989,0,-1.140885326,-0.046087316
Italy,Italy,0,27-01-2020,02-02-2020,7,2020,5,59240330,13900,0,14562.5309,-662.5308989,13900,0,-1.118378137,-0.045495588
Italy,Italy,0,03-02-2020,09-02-2020,7,2020,6,59240330,13537,0,14107.19757,-570.1975655,13537,0,-0.962515849,-0.040418911
Italy,Italy,0,10-02-2020,16-02-2020,7,2020,7,59240330,13641,0,13989.86423,-348.8642322,13641,0,-0.588896504,-0.024936928
Italy,Italy,0,17-02-2020,23-02-2020,7,2020,8,59240330,13257,3,13708.36423,-451.3642322,13254,0.005064118,-0.761920523,-0.032926192
Italy,Italy,0,24-02-2020,01-03-2020,7,2020,9,59240330,13696,31,13724.03708,-28.03707865,13665,0.052329216,-0.047327688,-0.002042918
Italy,Italy,0,02-03-2020,08-03-2020,7,2020,10,59240330,14706,332,13428.43708,1277.562921,14374,0.560429019,2.156576308,0.095138616
Italy,Italy,0,09-03-2020,15-03-2020,7,2020,11,59240330,18234,1443,13062.23708,5171.762921,16791,2.435840584,8.730138609,0.395932403
Italy,Italy,0,16-03-2020,22-03-2020,7,2020,12,59240330,21929,3667,12559.83708,9369.162921,18262,6.190039792,15.8155144,0.745962138
Italy,Italy,0,23-03-2020,29-03-2020,7,2020,13,59240330,23457,5303,12515.03708,10941.96292,18154,8.951671944,18.47046247,0.874305274
Italy,Italy,0,30-03-2020,05-04-2020,7,2020,14,59240330,20901,5108,12246.83708,8654.162921,15793,8.622504297,14.60856636,0.706644733
Italy,Italy,0,06-04-2020,12-04-2020,7,2020,15,59240330,18949,4012,12021.83708,6927.162921,14937,6.77241332,11.69332264,0.576215006
Italy,Italy,0,13-04-2020,19-04-2020,7,2020,16,59240330,16757,3761,11831.43708,4925.562921,12996,6.348715478,8.314543355,0.416311467
Italy,Italy,0,20-04-2020,26-04-2020,7,2020,17,59240330,14725,2984,11644.03708,3080.962921,11741,5.03710901,5.200786223,0.264595767
Italy,Italy,0,27-04-2020,03-05-2020,7,2020,18,59240330,13156,2240,11463.63708,1692.362921,10916,3.781207836,2.856774973,0.147628794
Italy,Italy,0,04-05-2020,10-05-2020,7,2020,19,59240330,12604,1676,11466.43708,1137.562921,10928,2.82915372,1.920250818,0.099208055
Italy,Italy,0,11-05-2020,17-05-2020,7,2020,20,59240330,11976,1348,11131.43708,844.5629213,10628,2.275476858,1.425655329,0.075871868
Italy,Italy,0,18-05-2020,24-05-2020,7,2020,21,59240330,11447,877,11239.63708,207.3629213,10570,1.480410389,0.350036742,0.018449254
Italy,Italy,0,25-05-2020,31-05-2020,7,2020,22,59240330,10982,630,11011.23708,-29.23707865,10352,1.063464704,-0.049353335,-0.002655204
Italy,Italy,0,01-06-2020,07-06-2020,7,2020,23,59240330,11144,484,11274.03708,-130.0370787,10660,0.817010979,-0.219507688,-0.011534207
Italy,Italy,0,08-06-2020,14-06-2020,7,2020,24,59240330,10708,446,11185.03708,-477.0370787,10262,0.752865489,-0.805257295,-0.042649575
Italy,Italy,0,15-06-2020,21-06-2020,7,2020,25,59240330,11123,289,11051.23708,71.76292135,10834,0.487843332,0.121138625,0.006493655
Italy,Italy,0,22-06-2020,28-06-2020,7,2020,26,59240330,12070,135,11116.23708,953.7629213,11935,0.227885294,1.609989211,0.085799081
Italy,Italy,0,29-06-2020,05-07-2020,7,2020,27,59240330,12396,123,11379.43708,1016.562921,12273,0.207628823,1.715998073,0.089333322
Italy,Italy,0,06-07-2020,12-07-2020,7,2020,28,59240330,11484,93,11622.83708,-138.8370787,11391,0.156987647,-0.234362433,-0.011945197
Italy,Italy,0,13-07-2020,19-07-2020,7,2020,29,59240330,10923,91,11386.83708,-463.8370787,10832,0.153611568,-0.782975177,-0.040734497
Italy,Italy,0,20-07-2020,26-07-2020,7,2020,30,59240330,11393,62,11797.83708,-404.8370787,11331,0.104658431,-0.683380863,-0.034314517
Italy,Italy,0,27-07-2020,02-08-2020,7,2020,31,59240330,12724,47,11687.43708,1036.562921,12677,0.079337843,1.749758857,0.088690353
Italy,Italy,0,03-08-2020,09-08-2020,7,2020,32,59240330,12115,51,12040.63708,74.36292135,12064,0.08609,0.125527527,0.006175996
Italy,Italy,0,10-08-2020,16-08-2020,7,2020,33,59240330,12410,191,11227.63708,1182.362921,12219,0.32241549,1.995874975,0.10530826
Italy,Italy,0,17-08-2020,23-08-2020,7,2020,34,59240330,11914,41,10822.83708,1091.162921,11873,0.069209608,1.841925798,0.100820415
Italy,Italy,0,24-08-2020,30-08-2020,7,2020,35,59240330,11761,40,10775.63708,985.3629213,11721,0.067521568,1.66333125,0.091443588
Italy,Italy,0,31-08-2020,06-09-2020,7,2020,36,59240330,11262,64,10594.83708,667.1629213,11198,0.10803451,1.126197172,0.062970569
Italy,Italy,0,07-09-2020,13-09-2020,7,2020,37,59240330,11627,69,10653.63708,973.3629213,11558,0.116474706,1.643074779,0.091364378
Italy,Italy,0,14-09-2020,20-09-2020,7,2020,38,59240330,11821,97,10776.83708,1044.162921,11724,0.163739804,1.762587955,0.096889552
Italy,Italy,0,21-09-2020,27-09-2020,7,2020,39,59240330,11179,128,10854.23708,324.7629213,11051,0.216069019,0.548212546,0.029920382
Italy,Italy,0,28-09-2020,04-10-2020,7,2020,40,59240330,12017,151,11106.23708,910.7629213,11866,0.254893921,1.537403525,0.082004635
Italy,Italy,0,05-10-2020,11-10-2020,7,2020,41,59240330,12246,180,11639.23708,606.7629213,12066,0.303847058,1.024239604,0.052130816
Italy,Italy,0,12-10-2020,18-10-2020,7,2020,42,59240330,12746,377,11520.83708,1225.162921,12369,0.636390783,2.068123053,0.106343221
Italy,Italy,0,19-10-2020,25-10-2020,7,2020,43,59240330,14547,795,11676.83708,2870.162921,13752,1.341991174,4.844947557,0.245799689
Italy,Italy,0,26-10-2020,01-11-2020,7,2020,44,59240330,15659,1488,11431.43708,4227.562921,14171,2.511802348,7.136291984,0.369819026
Italy,Italy,0,02-11-2020,08-11-2020,7,2020,45,59240330,17335,2568,11733.43708,5601.562921,14767,4.334884698,9.455657862,0.47740171
Italy,Italy,0,09-11-2020,15-11-2020,7,2020,46,59240330,18647,3835,11932.83708,6714.162921,14812,6.47363038,11.33377029,0.56266275
Italy,Italy,0,16-11-2020,22-11-2020,7,2020,47,59240330,18784,4594,11979.63708,6804.362921,14190,7.754852142,11.48603143,0.567994078
Italy,Italy,0,23-11-2020,29-11-2020,7,2020,48,59240330,18887,5081,12011.63708,6875.362921,13806,8.576927239,11.60588221,0.572391829
Italy,Italy,0,30-11-2020,06-12-2020,7,2020,49,59240330,17995,5174,12375.23708,5619.762921,12821,8.733914885,9.486380176,0.454113556
Italy,Italy,0,07-12-2020,13-12-2020,7,2020,50,59240330,17482,4442,12778.43708,4703.562921,13040,7.498270182,7.93979865,0.368085932
Italy,Italy,0,14-12-2020,20-12-2020,7,2020,51,59240330,17073,4279,13244.63708,3828.362921,12794,7.22311979,6.462426731,0.289050043
Italy,Italy,0,21-12-2020,27-12-2020,7,2020,52,59240330,15703,3126,13794.83708,1908.162921,12577,5.276810578,3.221053835,0.138324426
Italy,Italy,0,28-12-2020,03-01-2021,7,2020,53,59240330,16338,3407,13651.20787,2686.792135,12931,5.751149597,4.535410479,0.196817173
Italy,Italy,0,04-01-2021,10-01-2021,7,2021,1,59240330,16831,3423,14911.04326,1919.956742,13408,5.778158224,3.240962266,0.128760725
Italy,Italy,0,11-01-2021,17-01-2021,7,2021,2,59240330,16921,3422,15240.54326,1680.456742,13499,5.776470185,2.836676875,0.11026226
Italy,Italy,0,18-01-2021,24-01-2021,7,2021,3,59240330,17209,3284,15068.20993,2140.790075,13925,5.543520774,3.613737592,0.142073284
Italy,Italy,0,25-01-2021,31-01-2021,7,2021,4,59240330,16383,3055,14607.87659,1775.123408,13328,5.156959794,2.99647792,0.121518237
Italy,Italy,0,01-02-2021,07-02-2021,7,2021,5,59240330,15657,2757,14505.54326,1151.456742,12900,4.653924109,1.943704131,0.079380463
Italy,Italy,0,08-02-2021,14-02-2021,7,2021,6,59240330,14324,2304,14050.20993,273.7900749,12020,3.889242346,0.462168382,0.019486547
Italy,Italy,0,15-02-2021,21-02-2021,7,2021,7,59240330,14965,2141,13932.87659,1032.123408,12824,3.614091954,1.742264785,0.074078271
Italy,Italy,0,22-02-2021,28-02-2021,7,2021,8,59240330,14443,1981,13651.37659,791.6234082,12462,3.34400568,1.336291355,0.057988541
Italy,Italy,0,01-03-2021,07-03-2021,7,2021,9,59240330,14751,2086,13667.04944,1083.950562,12665,3.521249797,1.829751053,0.079311234
Italy,Italy,0,08-03-2021,14-03-2021,7,2021,10,59240330,15259,2360,13371.44944,1887.550562,12899,3.983772541,3.186259364,0.141162749
Italy,Italy,0,15-03-2021,21-03-2021,7,2021,11,59240330,15559,2797,13005.24944,2553.750562,12762,4.721445677,4.310831087,0.196363059
Italy,Italy,0,22-03-2021,28-03-2021,7,2021,12,59240330,15982,2991,12502.84944,3479.150562,12991,5.048925285,5.872942574,0.278268612
Italy,Italy,0,29-03-2021,04-04-2021,7,2021,13,59240330,15929,3097,12458.04944,3470.950562,12832,5.227857441,5.859100653,0.278611076
Italy,Italy,0,05-04-2021,11-04-2021,7,2021,14,59240330,15219,3224,12189.84944,3029.150562,11995,5.442238421,5.113324929,0.248497783
Italy,Italy,0,12-04-2021,18-04-2021,7,2021,15,59240330,14646,2673,11964.84944,2681.150562,11973,4.512128815,4.525887283,0.224085608
Italy,Italy,0,19-04-2021,25-04-2021,7,2021,16,59240330,14576,2311,11774.44944,2801.550562,12265,3.90105862,4.729127204,0.23793474
Italy,Italy,0,26-04-2021,02-05-2021,7,2021,17,59240330,13761,1939,11587.04944,2173.950562,11822,3.273108033,3.669713794,0.187618994
Italy,Italy,0,03-05-2021,09-05-2021,7,2021,18,59240330,12813,1656,11406.64944,1406.350562,11157,2.795392936,2.373974895,0.12329217
Italy,Italy,0,10-05-2021,16-05-2021,7,2021,19,59240330,12428,1323,11409.44944,1018.550562,11105,2.233275878,1.719353288,0.089272543
Italy,Italy,0,17-05-2021,23-05-2021,7,2021,20,59240330,12188,1069,11074.44944,1113.550562,11119,1.804513918,1.879717013,0.100551325
Italy,Italy,0,24-05-2021,30-05-2021,7,2021,21,59240330,12005,821,11182.64944,822.3505618,11184,1.385880193,1.388159995,0.073538079
Italy,Italy,0,31-05-2021,06-06-2021,7,2021,22,59240330,11957,477,10954.24944,1002.750562,11480,0.805194704,1.692682269,0.091539869
Italy,Italy,0,07-06-2021,13-06-2021,7,2021,23,59240330,11874,479,11217.04944,656.9505618,11395,0.808570783,1.108958309,0.058567145
Italy,Italy,0,14-06-2021,20-06-2021,7,2021,24,59240330,11716,268,11128.04944,587.9505618,11448,0.452394509,0.992483603,0.052835006
Italy,Italy,0,21-06-2021,27-06-2021,7,2021,25,59240330,12871,202,10994.24944,1876.750562,12669,0.340983921,3.16802854,0.170702927
Italy,Italy,0,28-06-2021,04-07-2021,7,2021,26,59240330,12419,177,11059.24944,1359.750562,12242,0.298782941,2.295312268,0.122951433
Italy,Italy,0,05-07-2021,11-07-2021,7,2021,27,59240330,12039,126,11322.44944,716.5505618,11913,0.212692941,1.209565446,0.063285826
Italy,Italy,0,12-07-2021,18-07-2021,7,2021,28,59240330,11693,92,11565.84944,127.1505618,11601,0.155299608,0.214635134,0.010993621
Italy,Italy,0,19-07-2021,25-07-2021,7,2021,29,59240330,11999,82,11329.84944,669.1505618,11917,0.138419215,1.129552387,0.059060852
Italy,Italy,0,26-07-2021,01-08-2021,7,2021,30,59240330,12850,119,11740.84944,1109.150562,12731,0.200876666,1.872289641,0.094469363
Italy,Italy,0,02-08-2021,08-08-2021,7,2021,31,59240330,12646,152,11630.44944,1015.550562,12494,0.25658196,1.714289171,0.087318256
Italy,Italy,0,09-08-2021,15-08-2021,7,2021,32,59240330,13752,212,11983.64944,1768.350562,13540,0.357864313,2.98504509,0.147563609
Italy,Italy,0,16-08-2021,22-08-2021,7,2021,33,59240330,12889,319,11170.64944,1718.350562,12570,0.538484509,2.900643129,0.153827275
Italy,Italy,0,23-08-2021,29-08-2021,7,2021,34,59240330,12075,342,10765.84944,1309.150562,11733,0.577309411,2.209897483,0.121602161
Italy,Italy,0,30-08-2021,05-09-2021,7,2021,35,59240330,12021,422,10718.64944,1302.350562,11599,0.712352548,2.198418817,0.121503233
Italy,Italy,0,06-09-2021,12-09-2021,7,2021,36,59240330,12142,404,10537.84944,1604.150562,11738,0.681967842,2.707869051,0.152227508
Italy,Italy,0,13-09-2021,19-09-2021,7,2021,37,59240330,12231,391,10596.64944,1634.350562,11840,0.660023332,2.758847835,0.154232767
Italy,Italy,0,20-09-2021,26-09-2021,7,2021,38,59240330,11633,387,10719.84944,913.1505618,11246,0.653271175,1.541433955,0.085183152
Italy,Italy,0,27-09-2021,03-10-2021,7,2021,39,59240330,11534,334,10797.24944,736.7505618,11200,0.563805097,1.243663838,0.068235023
Italy,Italy,0,04-10-2021,10-10-2021,7,2021,40,59240330,11378,270,11049.24944,328.7505618,11108,0.455770587,0.554943839,0.029753203
Italy,Italy,0,11-10-2021,17-10-2021,7,2021,41,59240330,12515,240,11582.24944,932.7505618,12275,0.405129411,1.574519524,0.080532764
Italy,Italy,0,18-10-2021,24-10-2021,7,2021,42,59240330,13072,285,11463.84944,1608.150562,12787,0.481091176,2.714621208,0.140280154
Italy,Italy,0,25-10-2021,31-10-2021,7,2021,43,59240330,12703,274,11619.84944,1083.150562,12429,0.462522744,1.828400621,0.093215542
Italy,Italy,0,01-11-2021,07-11-2021,7,2021,44,59240330,12743,291,11374.44944,1368.550562,12452,0.491219411,2.310167013,0.120317961
Italy,Italy,0,08-11-2021,14-11-2021,7,2021,45,59240330,12794,384,11676.44944,1117.550562,12410,0.648207058,1.88646917,0.095709793
Italy,Italy,0,15-11-2021,21-11-2021,7,2021,46,59240330,12781,402,11875.84944,905.1505618,12379,0.678591763,1.527929642,0.076217753
Italy,Italy,0,22-11-2021,28-11-2021,7,2021,47,59240330,12751,497,11922.64944,828.3505618,12254,0.838955489,1.39828823,0.069477054
Italy,Italy,0,29-11-2021,05-12-2021,7,2021,48,59240330,13879,521,11954.64944,1924.350562,13358,0.87946843,3.248379207,0.16097089
Italy,Italy,0,06-12-2021,12-12-2021,7,2021,49,59240330,14237,636,12318.24944,1918.750562,13601,1.073592939,3.238926187,0.155764873
Italy,Italy,0,13-12-2021,19-12-2021,7,2021,50,59240330,14972,810,12721.44944,2250.550562,14162,1.367311762,3.799017598,0.176909917
Italy,Italy,0,20-12-2021,26-12-2021,7,2021,51,59240330,15214,970,13187.64944,2026.350562,14244,1.637398036,3.420559207,0.153655173
Italy,Italy,0,27-12-2021,02-01-2022,7,2021,52,59240330,14956,1035,13737.84944,1218.150562,13921,1.747120585,2.056285915,0.088671125
Italy,Italy,0,03-01-2022,09-01-2022,7,2022,1,59240330,15694,1392,14854.05562,839.944382,14302,2.349750584,1.417859053,0.056546468
Italy,Italy,0,10-01-2022,16-01-2022,7,2022,2,59240330,16704,2066,15183.55562,1520.444382,14638,3.487489013,2.566569737,0.100137571
Italy,Italy,0,17-01-2022,23-01-2022,7,2022,3,59240330,16785,2419,15011.22228,1773.777715,14366,4.083366855,2.994206338,0.118163443
Italy,Italy,0,24-01-2022,30-01-2022,7,2022,4,59240330,17133,2626,14550.88895,2582.111049,14507,4.432790972,4.358704701,0.177453835
Italy,Italy,0,31-01-2022,06-02-2022,7,2022,5,59240330,16617,2622,14448.55562,2168.444382,13995,4.426038815,3.660419147,0.150080357
Italy,Italy,0,07-02-2022,13-02-2022,7,2022,6,59240330,15355,2244,13993.22228,1361.777715,13111,3.787959993,2.298734182,0.09731695
Italy,Italy,0,14-02-2022,20-02-2022,7,2022,7,59240330,14432,1974,13875.88895,556.1110487,12458,3.332189405,0.938737257,0.040077508
Italy,Italy,0,21-02-2022,27-02-2022,7,2022,8,59240330,13673,1571,13594.38895,78.61104869,12102,2.651909603,0.132698533,0.00578261
Italy,Italy,0,28-02-2022,06-03-2022,7,2022,9,59240330,13720,1327,13610.0618,109.9382022,12393,2.240028035,0.185579996,0.008077715
Italy,Italy,0,07-03-2022,13-03-2022,7,2022,10,59240330,13872,981,13314.4618,557.5382022,12891,1.655966467,0.941146348,0.041874633
Italy,Italy,0,14-03-2022,20-03-2022,7,2022,11,59240330,13803,917,12948.2618,854.7382022,12886,1.547931958,1.442831602,0.06601181
Italy,Italy,0,21-03-2022,27-03-2022,7,2022,12,59240330,13420,997,12445.8618,974.1382022,12423,1.682975095,1.644383484,0.078270048
Italy,Italy,0,28-03-2022,03-04-2022,7,2022,13,59240330,13557,1002,12401.0618,1155.938202,12555,1.691415291,1.951269013,0.093212841
Italy,Italy,0,04-04-2022,10-04-2022,7,2022,14,59240330,13455,964,12132.8618,1322.138202,12491,1.627269801,2.23182113,0.108971669
Italy,Italy,0,11-04-2022,17-04-2022,7,2022,15,59240330,13221,939,11907.8618,1313.138202,12282,1.585068821,2.216628777,0.110274894
Italy,Italy,0,18-04-2022,24-04-2022,7,2022,16,59240330,12716,1001,11717.4618,998.5382022,11715,1.689727252,1.685571641,0.085217961
Italy,Italy,0,25-04-2022,01-05-2022,7,2022,17,59240330,10732,924,11530.0618,-798.0617978,9808,1.559748232,-1.347159609,-0.069215743
Latvia,Latvia,0,30-12-2019,05-01-2020,7,2020,1,1873919,603,0,600.9058989,2.094101124,603,0,0.111749821,0.003484907
Latvia,Latvia,0,06-01-2020,12-01-2020,7,2020,2,1873919,591,0,605.0725655,-14.07256554,591,0,-0.750969788,-0.023257649
Latvia,Latvia,0,13-01-2020,19-01-2020,7,2020,3,1873919,537,0,605.5725655,-68.57256554,537,0,-3.659313212,-0.113235918
Latvia,Latvia,0,20-01-2020,26-01-2020,7,2020,4,1873919,555,0,595.0725655,-40.07256554,555,0,-2.138436375,-0.067340637
Latvia,Latvia,0,27-01-2020,02-02-2020,7,2020,5,1873919,560,0,588.4058989,-28.40589888,560,0,-1.515855214,-0.048276027
Latvia,Latvia,0,03-02-2020,09-02-2020,7,2020,6,1873919,534,0,569.4058989,-35.40589888,534,0,-1.889403911,-0.062180422
Latvia,Latvia,0,10-02-2020,16-02-2020,7,2020,7,1873919,545,0,586.0725655,-41.07256554,545,0,-2.191800475,-0.070081024
Latvia,Latvia,0,17-02-2020,23-02-2020,7,2020,8,1873919,543,0,601.4058989,-58.40589888,543,0,-3.1167782,-0.097115607
Latvia,Latvia,0,24-02-2020,01-03-2020,7,2020,9,1873919,523,0,617.6870787,-94.68707865,523,0,-5.052890688,-0.153292957
Latvia,Latvia,0,02-03-2020,08-03-2020,7,2020,10,1873919,507,0,608.8870787,-101.8870787,507,0,-5.437112205,-0.167333291
Latvia,Latvia,0,09-03-2020,15-03-2020,7,2020,11,1873919,549,0,582.0870787,-33.08707865,549,0,-1.765662158,-0.056842146
Latvia,Latvia,0,16-03-2020,22-03-2020,7,2020,12,1873919,546,0,592.2870787,-46.28707865,546,0,-2.470068271,-0.078149736
Latvia,Latvia,0,23-03-2020,29-03-2020,7,2020,13,1873919,532,0,584.4870787,-52.48707865,532,0,-2.800925688,-0.089800238
Latvia,Latvia,0,30-03-2020,05-04-2020,7,2020,14,1873919,571,1,571.0870787,-0.087078652,570,0.0533641,-0.004646874,-0.000152479
Latvia,Latvia,0,06-04-2020,12-04-2020,7,2020,15,1873919,567,4,563.8870787,3.112921348,563,0.213456398,0.166118245,0.005520469
Latvia,Latvia,0,13-04-2020,19-04-2020,7,2020,16,1873919,514,0,540.2870787,-26.28707865,514,0,-1.402786281,-0.04865391
Latvia,Latvia,0,20-04-2020,26-04-2020,7,2020,17,1873919,554,7,534.8870787,19.11292135,547,0.373548697,1.019943837,0.035732629
Latvia,Latvia,0,27-04-2020,03-05-2020,7,2020,18,1873919,522,4,499.0870787,22.91292135,518,0.213456398,1.222727415,0.045909667
Latvia,Latvia,0,04-05-2020,10-05-2020,7,2020,19,1873919,453,2,529.6870787,-76.68707865,451,0.106728199,-4.092336897,-0.144778081
Latvia,Latvia,0,11-05-2020,17-05-2020,7,2020,20,1873919,587,1,519.2870787,67.71292135,586,0.0533641,3.613439073,0.13039593
Latvia,Latvia,0,18-05-2020,24-05-2020,7,2020,21,1873919,538,3,510.4870787,27.51292135,535,0.160092299,1.468202273,0.053895431
Latvia,Latvia,0,25-05-2020,31-05-2020,7,2020,22,1873919,506,2,514.4870787,-8.487078652,504,0.106728199,-0.45290531,-0.016496194
Latvia,Latvia,0,01-06-2020,07-06-2020,7,2020,23,1873919,505,1,491.2870787,13.71292135,504,0.0533641,0.731777699,0.027912237
Latvia,Latvia,0,08-06-2020,14-06-2020,7,2020,24,1873919,523,3,469.0870787,53.91292135,520,0.160092299,2.8770145,0.114931585
Latvia,Latvia,0,15-06-2020,21-06-2020,7,2020,25,1873919,514,2,517.6870787,-3.687078652,512,0.106728199,-0.196757632,-0.007122215
Latvia,Latvia,0,22-06-2020,28-06-2020,7,2020,26,1873919,560,0,488.0870787,71.91292135,560,0,3.837568291,0.147336253
Latvia,Latvia,0,29-06-2020,05-07-2020,7,2020,27,1873919,516,0,484.4870787,31.51292135,516,0,1.681658671,0.065043884
Latvia,Latvia,0,06-07-2020,12-07-2020,7,2020,28,1873919,472,0,495.8870787,-23.88707865,472,0,-1.274712442,-0.048170399
Latvia,Latvia,0,13-07-2020,19-07-2020,7,2020,29,1873919,526,1,519.0870787,6.912921348,525,0.0533641,0.368901823,0.01331746
Latvia,Latvia,0,20-07-2020,26-07-2020,7,2020,30,1873919,494,0,485.2870787,8.712921348,494,0,0.464957202,0.017954159
Latvia,Latvia,0,27-07-2020,02-08-2020,7,2020,31,1873919,493,1,483.4870787,9.512921348,492,0.0533641,0.507648482,0.019675648
Latvia,Latvia,0,03-08-2020,09-08-2020,7,2020,32,1873919,501,0,466.2870787,34.71292135,501,0,1.852423789,0.074445386
Latvia,Latvia,0,10-08-2020,16-08-2020,7,2020,33,1873919,524,0,482.2870787,41.71292135,524,0,2.225972486,0.086489817
Latvia,Latvia,0,17-08-2020,23-08-2020,7,2020,34,1873919,530,1,484.8870787,45.11292135,529,0.0533641,2.407410424,0.093037994
Latvia,Latvia,0,24-08-2020,30-08-2020,7,2020,35,1873919,473,1,469.0870787,3.912921348,472,0.0533641,0.208809524,0.008341567
Latvia,Latvia,0,31-08-2020,06-09-2020,7,2020,36,1873919,481,1,464.4870787,16.51292135,480,0.0533641,0.881197178,0.035550873
Latvia,Latvia,0,07-09-2020,13-09-2020,7,2020,37,1873919,481,0,491.4870787,-10.48707865,481,0,-0.559633509,-0.021337445
Latvia,Latvia,0,14-09-2020,20-09-2020,7,2020,38,1873919,487,1,493.4870787,-6.487078652,486,0.0533641,-0.346177111,-0.013145387
Latvia,Latvia,0,21-09-2020,27-09-2020,7,2020,39,1873919,536,0,518.2870787,17.71292135,536,0,0.945234098,0.034175888
Latvia,Latvia,0,28-09-2020,04-10-2020,7,2020,40,1873919,543,2,525.6870787,17.31292135,541,0.106728199,0.923888458,0.032933892
Latvia,Latvia,0,05-10-2020,11-10-2020,7,2020,41,1873919,508,2,510.8870787,-2.887078652,506,0.106728199,-0.154066352,-0.005651109
Latvia,Latvia,0,12-10-2020,18-10-2020,7,2020,42,1873919,557,4,525.6870787,31.31292135,553,0.213456398,1.670985851,0.059565705
Latvia,Latvia,0,19-10-2020,25-10-2020,7,2020,43,1873919,575,12,510.2870787,64.71292135,563,0.640369194,3.453346775,0.126816696
Latvia,Latvia,0,26-10-2020,01-11-2020,7,2020,44,1873919,559,18,527.6870787,31.31292135,541,0.960553791,1.670985851,0.059339943
Latvia,Latvia,0,02-11-2020,08-11-2020,7,2020,45,1873919,558,25,500.2870787,57.71292135,533,1.334102488,3.079798078,0.115359608
Latvia,Latvia,0,09-11-2020,15-11-2020,7,2020,46,1873919,572,24,516.4870787,55.51292135,548,1.280738388,2.962397059,0.107481723
Latvia,Latvia,0,16-11-2020,22-11-2020,7,2020,47,1873919,600,30,525.4870787,74.51292135,570,1.600922985,3.97631495,0.141797818
Latvia,Latvia,0,23-11-2020,29-11-2020,7,2020,48,1873919,618,44,525.8870787,92.11292135,574,2.348020379,4.915523101,0.175157225
Latvia,Latvia,0,30-11-2020,06-12-2020,7,2020,49,1873919,669,65,536.2870787,132.7129213,604,3.468666469,7.082105542,0.247466192
Latvia,Latvia,0,07-12-2020,13-12-2020,7,2020,50,1873919,711,87,537.8870787,173.1129213,624,4.642676658,9.238015162,0.32183878
Latvia,Latvia,0,14-12-2020,20-12-2020,7,2020,51,1873919,730,90,577.8870787,152.1129213,640,4.802768956,8.117369072,0.263222569
Latvia,Latvia,0,21-12-2020,27-12-2020,7,2020,52,1873919,820,120,572.4870787,247.5129213,700,6.403691942,13.20830417,0.432346739
Latvia,Latvia,0,28-12-2020,03-01-2021,7,2020,53,1873919,743,121,570.7078652,172.2921348,622,6.457056041,9.194214629,0.301891993
Latvia,Latvia,0,04-01-2021,10-01-2021,7,2021,1,1873919,840,169,597.0682584,242.9317416,671,9.018532818,12.96383363,0.40687432
Latvia,Latvia,0,11-01-2021,17-01-2021,7,2021,2,1873919,825,129,601.2349251,223.7650749,696,6.883968838,11.94102173,0.372175776
Latvia,Latvia,0,18-01-2021,24-01-2021,7,2021,3,1873919,795,133,601.7349251,193.2650749,662,7.097425236,10.31341669,0.321179753
Latvia,Latvia,0,25-01-2021,31-01-2021,7,2021,4,1873919,791,84,591.2349251,199.7650749,707,4.482584359,10.66028334,0.337877663
Latvia,Latvia,0,01-02-2021,07-02-2021,7,2021,5,1873919,765,144,584.5682584,180.4317416,621,7.68443033,9.628577413,0.308658123
Latvia,Latvia,0,08-02-2021,14-02-2021,7,2021,6,1873919,709,112,565.5682584,143.4317416,597,5.976779146,7.654105731,0.253606421
Latvia,Latvia,0,15-02-2021,21-02-2021,7,2021,7,1873919,682,91,582.2349251,99.76507491,591,4.856133056,5.323873385,0.171348489
Latvia,Latvia,0,22-02-2021,28-02-2021,7,2021,8,1873919,668,76,597.5682584,70.43174157,592,4.055671563,3.758526466,0.117863927
Latvia,Latvia,0,01-03-2021,07-03-2021,7,2021,9,1873919,603,77,613.8494382,-10.8494382,526,4.109035663,-0.5789705,-0.017674429
Latvia,Latvia,0,08-03-2021,14-03-2021,7,2021,10,1873919,610,72,605.0494382,4.950561798,538,3.842215165,0.264182272,0.008182078
Latvia,Latvia,0,15-03-2021,21-03-2021,7,2021,11,1873919,631,59,578.2494382,52.7505618,572,3.148481871,2.814986229,0.091224579
Latvia,Latvia,0,22-03-2021,28-03-2021,7,2021,12,1873919,586,52,588.4494382,-2.449438202,534,2.774933175,-0.130712064,-0.00416253
Latvia,Latvia,0,29-03-2021,04-04-2021,7,2021,13,1873919,611,53,580.6494382,30.3505618,558,2.828297274,1.6196304,0.052270027
Latvia,Latvia,0,05-04-2021,11-04-2021,7,2021,14,1873919,558,55,567.2494382,-9.249438202,503,2.935025473,-0.493587941,-0.016305769
Latvia,Latvia,0,12-04-2021,18-04-2021,7,2021,15,1873919,596,67,560.0494382,35.9505618,529,3.575394668,1.918469357,0.064191765
Latvia,Latvia,0,19-04-2021,25-04-2021,7,2021,16,1873919,603,49,536.4494382,66.5505618,554,2.614840876,3.551410803,0.124057473
Latvia,Latvia,0,26-04-2021,02-05-2021,7,2021,17,1873919,630,42,531.0494382,98.9505618,588,2.24129218,5.280407627,0.186330226
Latvia,Latvia,0,03-05-2021,09-05-2021,7,2021,18,1873919,609,68,495.2494382,113.7505618,541,3.628758767,6.0701963,0.229683374
Latvia,Latvia,0,10-05-2021,16-05-2021,7,2021,19,1873919,657,54,525.8494382,131.1505618,603,2.881661374,6.998731631,0.249407059
Latvia,Latvia,0,17-05-2021,23-05-2021,7,2021,20,1873919,609,60,515.4494382,93.5505618,549,3.201845971,4.99224149,0.181493188
Latvia,Latvia,0,24-05-2021,30-05-2021,7,2021,21,1873919,572,44,506.6494382,65.3505618,528,2.348020379,3.487373883,0.128985758
Latvia,Latvia,0,31-05-2021,06-06-2021,7,2021,22,1873919,570,43,510.6494382,59.3505618,527,2.294656279,3.167189286,0.116225648
Latvia,Latvia,0,07-06-2021,13-06-2021,7,2021,23,1873919,640,43,487.4494382,152.5505618,597,2.294656279,8.140723361,0.312956688
Latvia,Latvia,0,14-06-2021,20-06-2021,7,2021,24,1873919,526,40,465.2494382,60.7505618,486,2.134563981,3.241899025,0.130576325
Latvia,Latvia,0,21-06-2021,27-06-2021,7,2021,25,1873919,714,7,513.8494382,200.1505618,707,0.373548697,10.6808545,0.389512077
Latvia,Latvia,0,28-06-2021,04-07-2021,7,2021,26,1873919,618,25,484.2494382,133.7505618,593,1.334102488,7.13747829,0.27620179
Latvia,Latvia,0,05-07-2021,11-07-2021,7,2021,27,1873919,589,8,480.6494382,108.3505618,581,0.426912796,5.782030162,0.225425337
Latvia,Latvia,0,12-07-2021,18-07-2021,7,2021,28,1873919,632,7,492.0494382,139.9505618,625,0.373548697,7.468335707,0.284423781
Latvia,Latvia,0,19-07-2021,25-07-2021,7,2021,29,1873919,513,7,515.2494382,-2.249438202,506,0.373548697,-0.120039244,-0.004365727
Latvia,Latvia,0,26-07-2021,01-08-2021,7,2021,30,1873919,552,6,481.4494382,70.5505618,546,0.320184597,3.764867201,0.146537842
Latvia,Latvia,0,02-08-2021,08-08-2021,7,2021,31,1873919,552,3,479.6494382,72.3505618,549,0.160092299,3.86092258,0.150840501
Latvia,Latvia,0,09-08-2021,15-08-2021,7,2021,32,1873919,496,2,462.4494382,33.5505618,494,0.106728199,1.790395519,0.072549687
Latvia,Latvia,0,16-08-2021,22-08-2021,7,2021,33,1873919,553,8,478.4494382,74.5505618,545,0.426912796,3.978323599,0.155817012
Latvia,Latvia,0,23-08-2021,29-08-2021,7,2021,34,1873919,503,4,481.0494382,21.9505618,499,0.213456398,1.171371964,0.045630574
Latvia,Latvia,0,30-08-2021,05-09-2021,7,2021,35,1873919,535,12,465.2494382,69.7505618,523,0.640369194,3.722175921,0.149920787
Latvia,Latvia,0,06-09-2021,12-09-2021,7,2021,36,1873919,605,24,460.6494382,144.3505618,581,1.280738388,7.703137745,0.313363156
Latvia,Latvia,0,13-09-2021,19-09-2021,7,2021,37,1873919,561,31,487.6494382,73.3505618,530,1.654287085,3.914286679,0.150416582
Latvia,Latvia,0,20-09-2021,26-09-2021,7,2021,38,1873919,624,44,489.6494382,134.3505618,580,2.348020379,7.16949675,0.274381121
Latvia,Latvia,0,27-09-2021,03-10-2021,7,2021,39,1873919,654,57,514.4494382,139.5505618,597,3.041753672,7.446990067,0.271261958
Latvia,Latvia,0,04-10-2021,10-10-2021,7,2021,40,1873919,665,60,521.8494382,143.1505618,605,3.201845971,7.639100825,0.274313914
Latvia,Latvia,0,11-10-2021,17-10-2021,7,2021,41,1873919,779,89,507.0494382,271.9505618,690,4.749404857,14.51239684,0.536339342
Latvia,Latvia,0,18-10-2021,24-10-2021,7,2021,42,1873919,925,138,521.8494382,403.1505618,787,7.364245733,21.5137667,0.77254191
Latvia,Latvia,0,25-10-2021,31-10-2021,7,2021,43,1873919,921,225,506.4494382,414.5505618,696,12.00692239,22.12211743,0.818542841
Latvia,Latvia,0,01-11-2021,07-11-2021,7,2021,44,1873919,927,246,523.8494382,403.1505618,681,13.12756848,21.5137667,0.769592429
Latvia,Latvia,0,08-11-2021,14-11-2021,7,2021,45,1873919,895,263,496.4494382,398.5505618,632,14.03475817,21.26829184,0.802801919
Latvia,Latvia,0,15-11-2021,21-11-2021,7,2021,46,1873919,840,188,512.6494382,327.3505618,652,10.03245071,17.46876796,0.638546612
Latvia,Latvia,0,22-11-2021,28-11-2021,7,2021,47,1873919,726,196,521.6494382,204.3505618,530,10.45936351,10.90498372,0.391739254
Latvia,Latvia,0,29-11-2021,05-12-2021,7,2021,48,1873919,682,121,522.0494382,159.9505618,561,6.457056041,8.535617697,0.306389683
Latvia,Latvia,0,06-12-2021,12-12-2021,7,2021,49,1873919,697,108,532.4494382,164.5505618,589,5.763322748,8.781092555,0.309044484
Latvia,Latvia,0,13-12-2021,19-12-2021,7,2021,50,1873919,655,69,534.0494382,120.9505618,586,3.682122867,6.454417816,0.226478212
Latvia,Latvia,0,20-12-2021,26-12-2021,7,2021,51,1873919,669,59,574.0494382,94.9505618,610,3.148481871,5.066951229,0.165404851
Latvia,Latvia,0,27-12-2021,02-01-2022,7,2021,52,1873919,703,76,568.6494382,134.3505618,627,4.055671563,7.16949675,0.236262542
Latvia,Latvia,0,03-01-2022,09-01-2022,7,2022,1,1873919,684,79,593.230618,90.76938202,605,4.215763862,4.843826335,0.153008593
Latvia,Latvia,0,10-01-2022,16-01-2022,7,2022,2,1873919,680,72,597.3972846,82.60271536,608,3.842215165,4.408019522,0.138270992
Latvia,Latvia,0,17-01-2022,23-01-2022,7,2022,3,1873919,652,65,597.8972846,54.10271536,587,3.468666469,2.887142686,0.090488311
Latvia,Latvia,0,24-01-2022,30-01-2022,7,2022,4,1873919,589,73,587.3972846,1.602715356,516,3.895579265,0.085527462,0.002728503
Latvia,Latvia,0,31-01-2022,06-02-2022,7,2022,5,1873919,669,83,580.730618,88.26938202,586,4.42922026,4.710416086,0.151997121
Latvia,Latvia,0,07-02-2022,13-02-2022,7,2022,6,1873919,676,73,561.730618,114.269382,603,3.895579265,6.097882674,0.203423809
Latvia,Latvia,0,14-02-2022,20-02-2022,7,2022,7,1873919,726,84,578.3972846,147.6027154,642,4.482584359,7.876685991,0.255192615
Latvia,Latvia,0,21-02-2022,27-02-2022,7,2022,8,1873919,669,122,593.730618,75.26938202,547,6.510420141,4.016682793,0.126773624
Latvia,Latvia,0,28-02-2022,06-03-2022,7,2022,9,1873919,700,121,610.0117978,89.98820225,579,6.457056041,4.80213938,0.14751879
Latvia,Latvia,0,07-03-2022,13-03-2022,7,2022,10,1873919,651,85,601.2117978,49.78820225,566,4.535948459,2.656902579,0.082813083
Latvia,Latvia,0,14-03-2022,20-03-2022,7,2022,11,1873919,691,75,574.4117978,116.5882022,616,4.002307464,6.221624427,0.202969721
Latvia,Latvia,0,21-03-2022,27-03-2022,7,2022,12,1873919,667,64,584.6117978,82.38820225,603,3.415302369,4.396572224,0.140928053
Latvia,Latvia,0,28-03-2022,03-04-2022,7,2022,13,1873919,609,68,576.8117978,32.18820225,541,3.628758767,1.717694428,0.055803648
Latvia,Latvia,0,04-04-2022,10-04-2022,7,2022,14,1873919,600,36,563.4117978,36.58820225,564,1.921107583,1.952496466,0.064940426
Latvia,Latvia,0,11-04-2022,17-04-2022,7,2022,15,1873919,568,36,556.2117978,11.78820225,532,1.921107583,0.629066798,0.021193729
Latvia,Latvia,0,18-04-2022,24-04-2022,7,2022,16,1873919,561,28,532.6117978,28.38820225,533,1.494194786,1.51491085,0.053299988
Latvia,Latvia,0,25-04-2022,01-05-2022,7,2022,17,1873919,559,24,527.2117978,31.78820225,535,1.280738388,1.696348788,0.060294937
Latvia,Latvia,0,02-05-2022,08-05-2022,7,2022,18,1873919,524,29,491.4117978,32.58820225,495,1.547558886,1.739040068,0.066315466
Latvia,Latvia,0,09-05-2022,15-05-2022,7,2022,19,1873919,529,9,522.0117978,6.988202247,520,0.480276896,0.37291912,0.013387058
Latvia,Latvia,0,16-05-2022,22-05-2022,7,2022,20,1873919,534,15,511.6117978,22.38820225,519,0.800461493,1.194726253,0.043760137
Latvia,Latvia,0,23-05-2022,29-05-2022,7,2022,21,1873919,526,10,502.8117978,23.18820225,516,0.533640995,1.237417532,0.046117061
Latvia,Latvia,0,30-05-2022,05-06-2022,7,2022,22,1873919,529,5,506.8117978,22.18820225,524,0.266820498,1.184053433,0.043779964
Latvia,Latvia,0,06-06-2022,12-06-2022,7,2022,23,1873919,524,9,483.6117978,40.38820225,515,0.480276896,2.155280044,0.083513683
Latvia,Latvia,0,13-06-2022,19-06-2022,7,2022,24,1873919,505,7,461.4117978,43.58820225,498,0.373548697,2.326045162,0.09446703
Latvia,Latvia,0,20-06-2022,26-06-2022,7,2022,25,1873919,549,11,510.0117978,38.98820225,538,0.587005095,2.080570305,0.076445687
Lithuania,Lithuania,0,30-12-2019,05-01-2020,7,2020,1,2786651,812,0,808.0175562,3.98244382,812,0,0.142911467,0.00492866
Lithuania,Lithuania,0,06-01-2020,12-01-2020,7,2020,2,2786651,803,0,815.3508895,-12.35088951,803,0,-0.44321623,-0.015147944
Lithuania,Lithuania,0,13-01-2020,19-01-2020,7,2020,3,2786651,787,0,851.3508895,-64.35088951,787,0,-2.309255429,-0.0755868
Lithuania,Lithuania,0,20-01-2020,26-01-2020,7,2020,4,2786651,786,0,843.8508895,-57.85088951,786,0,-2.076000529,-0.06855582
Lithuania,Lithuania,0,27-01-2020,02-02-2020,7,2020,5,2786651,762,0,840.1842228,-78.18422285,762,0,-2.805669703,-0.093056047
Lithuania,Lithuania,0,03-02-2020,09-02-2020,7,2020,6,2786651,764,0,830.5175562,-66.51755618,764,0,-2.387007063,-0.080091692
Lithuania,Lithuania,0,10-02-2020,16-02-2020,7,2020,7,2786651,809,0,818.5175562,-9.51755618,809,0,-0.341541018,-0.011627797
Lithuania,Lithuania,0,17-02-2020,23-02-2020,7,2020,8,2786651,707,0,818.1842228,-111.1842228,707,0,-3.989886887,-0.135891429
Lithuania,Lithuania,0,24-02-2020,01-03-2020,7,2020,9,2786651,807,0,808.8210674,-1.821067416,807,0,-0.065349677,-0.002251508
Lithuania,Lithuania,0,02-03-2020,08-03-2020,7,2020,10,2786651,773,0,785.6210674,-12.62106742,773,0,-0.452911664,-0.016065083
Lithuania,Lithuania,0,09-03-2020,15-03-2020,7,2020,11,2786651,773,0,763.6210674,9.378932584,773,0,0.336566459,0.012282182
Lithuania,Lithuania,0,16-03-2020,22-03-2020,7,2020,12,2786651,804,0,748.6210674,55.37893258,804,0,1.987293442,0.073974585
Lithuania,Lithuania,0,23-03-2020,29-03-2020,7,2020,13,2786651,816,4,730.6210674,85.37893258,812,0.143541477,3.063854519,0.116858022
Lithuania,Lithuania,0,30-03-2020,05-04-2020,7,2020,14,2786651,775,4,739.8210674,35.17893258,771,0.143541477,1.262408984,0.047550596
Lithuania,Lithuania,0,06-04-2020,12-04-2020,7,2020,15,2786651,803,6,733.2210674,69.77893258,797,0.215312215,2.504042759,0.095167659
Lithuania,Lithuania,0,13-04-2020,19-04-2020,7,2020,16,2786651,784,9,729.4210674,54.57893258,775,0.322968323,1.958585147,0.074825002
Lithuania,Lithuania,0,20-04-2020,26-04-2020,7,2020,17,2786651,786,8,707.4210674,78.57893258,778,0.287082954,2.819834008,0.111078022
Lithuania,Lithuania,0,27-04-2020,03-05-2020,7,2020,18,2786651,769,2,693.2210674,75.77893258,767,0.071770738,2.719354974,0.109314238
Lithuania,Lithuania,0,04-05-2020,10-05-2020,7,2020,19,2786651,717,3,707.0210674,9.978932584,714,0.107656108,0.35809768,0.014114053
Lithuania,Lithuania,0,11-05-2020,17-05-2020,7,2020,20,2786651,733,7,680.4210674,52.57893258,726,0.251197584,1.886814409,0.07727411
Lithuania,Lithuania,0,18-05-2020,24-05-2020,7,2020,21,2786651,715,5,720.6210674,-5.621067416,710,0.179426846,-0.20171408,-0.00780031
Lithuania,Lithuania,0,25-05-2020,31-05-2020,7,2020,22,2786651,745,6,694.6210674,50.37893258,739,0.215312215,1.807866596,0.072527217
Lithuania,Lithuania,0,01-06-2020,07-06-2020,7,2020,23,2786651,735,2,686.2210674,48.77893258,733,0.071770738,1.750450006,0.071083409
Lithuania,Lithuania,0,08-06-2020,14-06-2020,7,2020,24,2786651,820,3,655.8210674,164.1789326,817,0.107656108,5.891621613,0.250341047
Lithuania,Lithuania,0,15-06-2020,21-06-2020,7,2020,25,2786651,760,1,655.0210674,104.9789326,759,0.035885369,3.767207755,0.160268025
Lithuania,Lithuania,0,22-06-2020,28-06-2020,7,2020,26,2786651,811,1,673.2210674,137.7789326,810,0.035885369,4.944247865,0.2046563
Lithuania,Lithuania,0,29-06-2020,05-07-2020,7,2020,27,2786651,689,1,640.8210674,48.17893258,688,0.035885369,1.728918784,0.075183128
Lithuania,Lithuania,0,06-07-2020,12-07-2020,7,2020,28,2786651,703,0,646.2210674,56.77893258,703,0,2.037532959,0.087863017
Lithuania,Lithuania,0,13-07-2020,19-07-2020,7,2020,29,2786651,764,1,648.8210674,115.1789326,763,0.035885369,4.133238521,0.177520334
Lithuania,Lithuania,0,20-07-2020,26-07-2020,7,2020,30,2786651,757,0,683.2210674,73.77893258,757,0,2.647584236,0.107986911
Lithuania,Lithuania,0,27-07-2020,02-08-2020,7,2020,31,2786651,723,0,640.6210674,82.37893258,723,0,2.956198411,0.128592294
Lithuania,Lithuania,0,03-08-2020,09-08-2020,7,2020,32,2786651,726,1,663.2210674,62.77893258,725,0.035885369,2.252845175,0.094657627
Lithuania,Lithuania,0,10-08-2020,16-08-2020,7,2020,33,2786651,746,0,641.6210674,104.3789326,746,0,3.745676534,0.162680027
Lithuania,Lithuania,0,17-08-2020,23-08-2020,7,2020,34,2786651,763,3,621.4210674,141.5789326,760,0.107656108,5.080612268,0.227830919
Lithuania,Lithuania,0,24-08-2020,30-08-2020,7,2020,35,2786651,721,2,645.2210674,75.77893258,719,0.071770738,2.719354974,0.117446464
Lithuania,Lithuania,0,31-08-2020,06-09-2020,7,2020,36,2786651,673,0,620.8210674,52.17893258,673,0,1.872460261,0.084048263
Lithuania,Lithuania,0,07-09-2020,13-09-2020,7,2020,37,2786651,729,2,597.4210674,131.5789326,727,0.071770738,4.721758576,0.220244882
Lithuania,Lithuania,0,14-09-2020,20-09-2020,7,2020,38,2786651,721,0,639.8210674,81.17893258,721,0,2.913135968,0.126877555
Lithuania,Lithuania,0,21-09-2020,27-09-2020,7,2020,39,2786651,784,5,660.6210674,123.3789326,779,0.179426846,4.427498549,0.186762031
Lithuania,Lithuania,0,28-09-2020,04-10-2020,7,2020,40,2786651,744,5,681.0210674,62.97893258,739,0.179426846,2.260022248,0.092477216
Lithuania,Lithuania,0,05-10-2020,11-10-2020,7,2020,41,2786651,785,8,680.6210674,104.3789326,777,0.287082954,3.745676534,0.153358363
Lithuania,Lithuania,0,12-10-2020,18-10-2020,7,2020,42,2786651,836,11,722.0210674,113.9789326,825,0.394739061,4.090176078,0.157860951
Lithuania,Lithuania,0,19-10-2020,25-10-2020,7,2020,43,2786651,845,22,715.8210674,129.1789326,823,0.789478123,4.63563369,0.180462602
Lithuania,Lithuania,0,26-10-2020,01-11-2020,7,2020,44,2786651,853,33,697.2210674,155.7789326,820,1.184217184,5.590184511,0.223428321
Lithuania,Lithuania,0,02-11-2020,08-11-2020,7,2020,45,2786651,877,49,684.0210674,192.9789326,828,1.758383091,6.925120246,0.282124253
Lithuania,Lithuania,0,09-11-2020,15-11-2020,7,2020,46,2786651,952,91,692.0210674,259.9789326,861,3.265568598,9.329439983,0.375680662
Lithuania,Lithuania,0,16-11-2020,22-11-2020,7,2020,47,2786651,1099,144,690.6210674,408.3789326,955,5.167493167,14.65482877,0.591321279
Lithuania,Lithuania,0,23-11-2020,29-11-2020,7,2020,48,2786651,1109,153,694.0210674,414.9789326,956,5.490461489,14.89167221,0.597934201
Lithuania,Lithuania,0,30-11-2020,06-12-2020,7,2020,49,2786651,1238,196,714.6210674,523.3789326,1042,7.033532366,18.78164623,0.732386654
Lithuania,Lithuania,0,07-12-2020,13-12-2020,7,2020,50,2786651,1220,252,689.0210674,530.9789326,968,9.043113041,19.05437504,0.770628008
Lithuania,Lithuania,0,14-12-2020,20-12-2020,7,2020,51,2786651,1371,256,726.8210674,644.1789326,1115,9.186654518,23.11659883,0.886296451
Lithuania,Lithuania,0,21-12-2020,27-12-2020,7,2020,52,2786651,1395,321,766.6210674,628.3789326,1074,11.51920352,22.54961,0.819673447
Lithuania,Lithuania,0,28-12-2020,03-01-2021,7,2020,53,2786651,1343,326,773.3567416,569.6432584,1017,11.69863036,20.44185865,0.736585366
Lithuania,Lithuania,0,04-01-2021,10-01-2021,7,2021,1,2786651,1200,269,789.4245787,410.5754213,931,9.653164318,14.73365058,0.52009455
Lithuania,Lithuania,0,11-01-2021,17-01-2021,7,2021,2,2786651,1195,248,796.757912,398.242088,947,8.899571565,14.29106436,0.499828219
Lithuania,Lithuania,0,18-01-2021,24-01-2021,7,2021,3,2786651,1095,206,832.757912,262.242088,889,7.392386058,9.410654151,0.314907951
Lithuania,Lithuania,0,25-01-2021,31-01-2021,7,2021,4,2786651,1089,156,825.257912,263.742088,933,5.598117597,9.464482205,0.31958747
Lithuania,Lithuania,0,01-02-2021,07-02-2021,7,2021,5,2786651,974,133,821.5912453,152.4087547,841,4.772754105,5.469244433,0.185504356
Lithuania,Lithuania,0,08-02-2021,14-02-2021,7,2021,6,2786651,984,125,811.9245787,172.0754213,859,4.485671152,6.174990027,0.211935229
Lithuania,Lithuania,0,15-02-2021,21-02-2021,7,2021,7,2786651,933,101,799.9245787,133.0754213,832,3.62442229,4.775460628,0.166359961
Lithuania,Lithuania,0,22-02-2021,28-02-2021,7,2021,8,2786651,784,77,799.5912453,-15.59124532,707,2.763173429,-0.559497595,-0.01949902
Lithuania,Lithuania,0,01-03-2021,07-03-2021,7,2021,9,2786651,873,73,790.2280899,82.77191011,800,2.619631952,2.970300555,0.104744328
Lithuania,Lithuania,0,08-03-2021,14-03-2021,7,2021,10,2786651,898,71,767.0280899,130.9719101,827,2.547861214,4.699975351,0.17075243
Lithuania,Lithuania,0,15-03-2021,21-03-2021,7,2021,11,2786651,825,78,745.0280899,79.97191011,747,2.799058799,2.869821521,0.107340799
Lithuania,Lithuania,0,22-03-2021,28-03-2021,7,2021,12,2786651,832,72,730.0280899,101.9719101,760,2.583746583,3.659299644,0.139682173
Lithuania,Lithuania,0,29-03-2021,04-04-2021,7,2021,13,2786651,771,60,712.0280899,58.97191011,711,2.153122153,2.116228768,0.082822449
Lithuania,Lithuania,0,05-04-2021,11-04-2021,7,2021,14,2786651,896,83,721.2280899,174.7719101,813,2.978485645,6.271754522,0.242325434
Lithuania,Lithuania,0,12-04-2021,18-04-2021,7,2021,15,2786651,842,71,714.6280899,127.3719101,771,2.547861214,4.570788022,0.178235241
Lithuania,Lithuania,0,19-04-2021,25-04-2021,7,2021,16,2786651,870,92,710.8280899,159.1719101,778,3.301453968,5.711942763,0.22392462
Lithuania,Lithuania,0,26-04-2021,02-05-2021,7,2021,17,2786651,823,97,688.8280899,134.1719101,726,3.480880814,4.814808532,0.194782867
Lithuania,Lithuania,0,03-05-2021,09-05-2021,7,2021,18,2786651,881,84,674.6280899,206.3719101,797,3.014371014,7.405732189,0.30590471
Lithuania,Lithuania,0,10-05-2021,16-05-2021,7,2021,19,2786651,866,70,688.4280899,177.5719101,796,2.511975845,6.372233556,0.257938211
Lithuania,Lithuania,0,17-05-2021,23-05-2021,7,2021,20,2786651,837,85,661.8280899,175.1719101,752,3.050256383,6.28610867,0.264678869
Lithuania,Lithuania,0,24-05-2021,30-05-2021,7,2021,21,2786651,817,72,702.0280899,114.9719101,745,2.583746583,4.125809443,0.163771097
Lithuania,Lithuania,0,31-05-2021,06-06-2021,7,2021,22,2786651,832,45,676.0280899,155.9719101,787,1.614841615,5.597109581,0.230718091
Lithuania,Lithuania,0,07-06-2021,13-06-2021,7,2021,23,2786651,816,32,667.6280899,148.3719101,784,1.148331815,5.324380775,0.222237369
Lithuania,Lithuania,0,14-06-2021,20-06-2021,7,2021,24,2786651,804,26,637.2280899,166.7719101,778,0.9330196,5.984671569,0.261714624
Lithuania,Lithuania,0,21-06-2021,27-06-2021,7,2021,25,2786651,917,14,636.4280899,280.5719101,903,0.502395169,10.06842658,0.440854064
Lithuania,Lithuania,0,28-06-2021,04-07-2021,7,2021,26,2786651,687,8,654.6280899,32.37191011,679,0.287082954,1.161677946,0.049450842
Lithuania,Lithuania,0,05-07-2021,11-07-2021,7,2021,27,2786651,825,7,622.2280899,202.7719101,818,0.251197584,7.27654486,0.325880354
Lithuania,Lithuania,0,12-07-2021,18-07-2021,7,2021,28,2786651,883,6,627.6280899,255.3719101,877,0.215312215,9.164115281,0.406884131
Lithuania,Lithuania,0,19-07-2021,25-07-2021,7,2021,29,2786651,700,2,630.2280899,69.77191011,698,0.071770738,2.503790755,0.110708982
Lithuania,Lithuania,0,26-07-2021,01-08-2021,7,2021,30,2786651,752,6,664.6280899,87.37191011,746,0.215312215,3.135373253,0.131459852
Lithuania,Lithuania,0,02-08-2021,08-08-2021,7,2021,31,2786651,722,10,622.0280899,99.97191011,712,0.358853692,3.587528905,0.160719285
Lithuania,Lithuania,0,09-08-2021,15-08-2021,7,2021,32,2786651,788,24,644.6280899,143.3719101,764,0.861248861,5.144953929,0.222410274
Lithuania,Lithuania,0,16-08-2021,22-08-2021,7,2021,33,2786651,804,37,623.0280899,180.9719101,767,1.327758661,6.494243811,0.29047151
Lithuania,Lithuania,0,23-08-2021,29-08-2021,7,2021,34,2786651,789,54,602.8280899,186.1719101,735,1.937809937,6.680847731,0.308830848
Lithuania,Lithuania,0,30-08-2021,05-09-2021,7,2021,35,2786651,771,73,626.6280899,144.3719101,698,2.619631952,5.180839298,0.23039489
Lithuania,Lithuania,0,06-09-2021,12-09-2021,7,2021,36,2786651,866,79,602.2280899,263.7719101,787,2.834944168,9.465552382,0.437993369
Lithuania,Lithuania,0,13-09-2021,19-09-2021,7,2021,37,2786651,916,105,578.8280899,337.1719101,811,3.767963767,12.09953848,0.582507857
Lithuania,Lithuania,0,20-09-2021,26-09-2021,7,2021,38,2786651,973,122,621.2280899,351.7719101,851,4.378015044,12.62346487,0.566252421
Lithuania,Lithuania,0,27-09-2021,03-10-2021,7,2021,39,2786651,1014,157,642.0280899,371.9719101,857,5.634002966,13.34834933,0.579370149
Lithuania,Lithuania,0,04-10-2021,10-10-2021,7,2021,40,2786651,1009,167,662.4280899,346.5719101,842,5.992856658,12.43686095,0.5231842
Lithuania,Lithuania,0,11-10-2021,17-10-2021,7,2021,41,2786651,1081,205,662.0280899,418.9719101,876,7.356500688,15.03496168,0.632861228
Lithuania,Lithuania,0,18-10-2021,24-10-2021,7,2021,42,2786651,1087,193,703.4280899,383.5719101,894,6.925876258,13.76461961,0.545289441
Lithuania,Lithuania,0,25-10-2021,31-10-2021,7,2021,43,2786651,1110,250,697.2280899,412.7719101,860,8.971342303,14.81247239,0.592018474
Lithuania,Lithuania,0,01-11-2021,07-11-2021,7,2021,44,2786651,1049,240,678.6280899,370.3719101,809,8.612488611,13.29093274,0.545765664
Lithuania,Lithuania,0,08-11-2021,14-11-2021,7,2021,45,2786651,1032,204,665.4280899,366.5719101,828,7.320615319,13.15456834,0.550881328
Lithuania,Lithuania,0,15-11-2021,21-11-2021,7,2021,46,2786651,973,209,673.4280899,299.5719101,764,7.500042165,10.7502486,0.444846175
Lithuania,Lithuania,0,22-11-2021,28-11-2021,7,2021,47,2786651,993,168,672.0280899,320.9719101,825,6.028742028,11.5181955,0.477616806
Lithuania,Lithuania,0,29-11-2021,05-12-2021,7,2021,48,2786651,964,152,675.4280899,288.5719101,812,5.45457612,10.35550954,0.42724298
Lithuania,Lithuania,0,06-12-2021,12-12-2021,7,2021,49,2786651,965,129,696.0280899,268.9719101,836,4.629212628,9.652156302,0.386438298
Lithuania,Lithuania,0,13-12-2021,19-12-2021,7,2021,50,2786651,998,145,670.4280899,327.5719101,853,5.203378536,11.75503894,0.488601112
Lithuania,Lithuania,0,20-12-2021,26-12-2021,7,2021,51,2786651,1075,167,708.2280899,366.7719101,908,5.992856658,13.16174541,0.517872583
Lithuania,Lithuania,0,27-12-2021,02-01-2022,7,2021,52,2786651,983,130,748.0280899,234.9719101,853,4.665097998,8.432053749,0.314121773
Lithuania,Lithuania,0,03-01-2022,09-01-2022,7,2022,1,2786651,956,120,770.8316011,185.1683989,836,4.306244305,6.64483636,0.240219003
Lithuania,Lithuania,0,10-01-2022,16-01-2022,7,2022,2,2786651,941,113,778.1649345,162.8350655,828,4.055046721,5.843396448,0.209255208
Lithuania,Lithuania,0,17-01-2022,23-01-2022,7,2022,3,2786651,972,100,814.1649345,157.8350655,872,3.588536921,5.663969602,0.193861291
Lithuania,Lithuania,0,24-01-2022,30-01-2022,7,2022,4,2786651,917,104,806.6649345,110.3350655,813,3.732078398,3.959414564,0.136779301
Lithuania,Lithuania,0,31-01-2022,06-02-2022,7,2022,5,2786651,886,122,802.9982678,83.00173221,764,4.378015044,2.978547806,0.103364771
Lithuania,Lithuania,0,07-02-2022,13-02-2022,7,2022,6,2786651,1036,131,793.3316011,242.6683989,905,4.700983367,8.70824509,0.305885204
Lithuania,Lithuania,0,14-02-2022,20-02-2022,7,2022,7,2786651,981,132,781.3316011,199.6683989,849,4.736868736,7.165174214,0.255548859
Lithuania,Lithuania,0,21-02-2022,27-02-2022,7,2022,8,2786651,947,161,780.9982678,166.0017322,786,5.777544443,5.95703345,0.212550705
Lithuania,Lithuania,0,28-02-2022,06-03-2022,7,2022,9,2786651,891,120,771.6351124,119.3648876,771,4.306244305,4.283453064,0.154690845
Lithuania,Lithuania,0,07-03-2022,13-03-2022,7,2022,10,2786651,897,106,748.4351124,148.5648876,791,3.803849136,5.331305845,0.198500692
Lithuania,Lithuania,0,14-03-2022,20-03-2022,7,2022,11,2786651,891,96,726.4351124,164.5648876,795,3.444995444,5.905471752,0.226537629
Lithuania,Lithuania,0,21-03-2022,27-03-2022,7,2022,12,2786651,887,103,711.4351124,175.5648876,784,3.696193029,6.300210814,0.246775686
Lithuania,Lithuania,0,28-03-2022,03-04-2022,7,2022,13,2786651,840,76,693.4351124,146.5648876,764,2.72728806,5.259535106,0.211360638
Lithuania,Lithuania,0,04-04-2022,10-04-2022,7,2022,14,2786651,814,56,702.6351124,111.3648876,758,2.009580676,3.99637011,0.158496047
Lithuania,Lithuania,0,11-04-2022,17-04-2022,7,2022,15,2786651,792,51,696.0351124,95.96488764,741,1.83015383,3.443735424,0.13787363
Lithuania,Lithuania,0,18-04-2022,24-04-2022,7,2022,16,2786651,884,47,692.2351124,191.7648876,837,1.686612353,6.881553795,0.277022769
Lithuania,Lithuania,0,25-04-2022,01-05-2022,7,2022,17,2786651,802,33,670.2351124,131.7648876,769,1.184217184,4.728431642,0.196595023
Lithuania,Lithuania,0,02-05-2022,08-05-2022,7,2022,18,2786651,771,20,656.0351124,114.9648876,751,0.717707384,4.125557439,0.175241973
Lithuania,Lithuania,0,09-05-2022,15-05-2022,7,2022,19,2786651,717,9,669.8351124,47.16488764,708,0.322968323,1.692529407,0.070412683
Lithuania,Lithuania,0,16-05-2022,22-05-2022,7,2022,20,2786651,737,4,643.2351124,93.76488764,733,0.143541477,3.364787612,0.145770786
Lithuania,Lithuania,0,23-05-2022,29-05-2022,7,2022,21,2786651,733,10,683.4351124,49.56488764,723,0.358853692,1.778654293,0.07252318
Lithuania,Lithuania,0,30-05-2022,05-06-2022,7,2022,22,2786651,628,5,657.4351124,-29.43511236,623,0.179426846,-1.056289875,-0.04477265
Lithuania,Lithuania,0,06-06-2022,12-06-2022,7,2022,23,2786651,757,4,649.0351124,107.9648876,753,0.143541477,3.874359855,0.166346759
Luxembourg,Luxembourg,0,30-12-2019,05-01-2020,7,2020,1,639321,62,0,86.332397,-24.332397,62,0,-3.805974933,-0.281845493
Luxembourg,Luxembourg,0,06-01-2020,12-01-2020,7,2020,2,639321,85,0,96.66573034,-11.66573034,85,0,-1.824706264,-0.120681138
Luxembourg,Luxembourg,0,13-01-2020,19-01-2020,7,2020,3,639321,92,0,91.832397,0.167602996,92,0,0.026215781,0.001825097
Luxembourg,Luxembourg,0,20-01-2020,26-01-2020,7,2020,4,639321,86,0,92.332397,-6.332397004,86,0,-0.990487878,-0.068582612
Luxembourg,Luxembourg,0,27-01-2020,02-02-2020,7,2020,5,639321,89,0,99.49906367,-10.49906367,89,0,-1.642220992,-0.105519221
Luxembourg,Luxembourg,0,03-02-2020,09-02-2020,7,2020,6,639321,90,0,99.49906367,-9.49906367,90,0,-1.485805045,-0.095468875
Luxembourg,Luxembourg,0,10-02-2020,16-02-2020,7,2020,7,639321,70,0,96.332397,-26.332397,70,0,-4.118806828,-0.273349339
Luxembourg,Luxembourg,0,17-02-2020,23-02-2020,7,2020,8,639321,85,0,93.16573034,-8.165730337,85,0,-1.277250448,-0.08764736
Luxembourg,Luxembourg,0,24-02-2020,01-03-2020,7,2020,9,639321,74,0,91.9988764,-17.9988764,74,0,-2.815311308,-0.19564235
Luxembourg,Luxembourg,0,02-03-2020,08-03-2020,7,2020,10,639321,92,0,106.3988764,-14.3988764,92,0,-2.252213896,-0.135329215
Luxembourg,Luxembourg,0,09-03-2020,15-03-2020,7,2020,11,639321,87,1,85.9988764,1.001123596,86,0.156415948,0.156591696,0.011641124
Luxembourg,Luxembourg,0,16-03-2020,22-03-2020,7,2020,12,639321,87,7,90.3988764,-3.398876404,80,1.094911633,-0.531638473,-0.037598658
Luxembourg,Luxembourg,0,23-03-2020,29-03-2020,7,2020,13,639321,113,13,90.5988764,22.4011236,100,2.033407318,3.503892973,0.247256086
Luxembourg,Luxembourg,0,30-03-2020,05-04-2020,7,2020,14,639321,91,15,87.9988764,3.001123596,76,2.346239213,0.469423591,0.034104113
Luxembourg,Luxembourg,0,06-04-2020,12-04-2020,7,2020,15,639321,116,30,75.9988764,40.0011236,86,4.692478426,6.25681365,0.526338355
Luxembourg,Luxembourg,0,13-04-2020,19-04-2020,7,2020,16,639321,88,9,83.3988764,4.601123596,79,1.407743528,0.719689107,0.055170091
Luxembourg,Luxembourg,0,20-04-2020,26-04-2020,7,2020,17,639321,83,15,78.5988764,4.401123596,68,2.346239213,0.688405917,0.055994739
Luxembourg,Luxembourg,0,27-04-2020,03-05-2020,7,2020,18,639321,69,8,76.1988764,-7.198876404,61,1.25132758,-1.126019074,-0.094474837
Luxembourg,Luxembourg,0,04-05-2020,10-05-2020,7,2020,19,639321,87,5,74.7988764,12.2011236,82,0.782079738,1.908450308,0.163119076
Luxembourg,Luxembourg,0,11-05-2020,17-05-2020,7,2020,20,639321,80,6,75.7988764,4.201123596,74,0.938495685,0.657122728,0.055424616
Luxembourg,Luxembourg,0,18-05-2020,24-05-2020,7,2020,21,639321,77,3,80.7988764,-3.798876404,74,0.469247843,-0.594204852,-0.047016451
Luxembourg,Luxembourg,0,25-05-2020,31-05-2020,7,2020,22,639321,77,0,73.5988764,3.401123596,77,0,0.53198997,0.046211624
Luxembourg,Luxembourg,0,01-06-2020,07-06-2020,7,2020,23,639321,73,0,78.1988764,-5.198876404,73,0,-0.813187179,-0.066482751
Luxembourg,Luxembourg,0,08-06-2020,14-06-2020,7,2020,24,639321,70,0,78.9988764,-8.998876404,70,0,-1.40756778,-0.113911448
Luxembourg,Luxembourg,0,15-06-2020,21-06-2020,7,2020,25,639321,78,0,70.9988764,7.001123596,78,0,1.095087381,0.098608935
Luxembourg,Luxembourg,0,22-06-2020,28-06-2020,7,2020,26,639321,67,0,73.1988764,-6.198876404,67,0,-0.969603127,-0.084685404
Luxembourg,Luxembourg,0,29-06-2020,05-07-2020,7,2020,27,639321,70,0,79.5988764,-9.598876404,70,0,-1.501417348,-0.120590602
Luxembourg,Luxembourg,0,06-07-2020,12-07-2020,7,2020,28,639321,73,1,84.7988764,-11.7988764,72,0.156415948,-1.845532433,-0.139139537
Luxembourg,Luxembourg,0,13-07-2020,19-07-2020,7,2020,29,639321,73,0,76.5988764,-3.598876404,73,0,-0.562921663,-0.04698341
Luxembourg,Luxembourg,0,20-07-2020,26-07-2020,7,2020,30,639321,71,1,79.1988764,-8.198876404,70,0.156415948,-1.282435022,-0.103522635
Luxembourg,Luxembourg,0,27-07-2020,02-08-2020,7,2020,31,639321,91,5,79.3988764,11.6011236,86,0.782079738,1.81460074,0.146111937
Luxembourg,Luxembourg,0,03-08-2020,09-08-2020,7,2020,32,639321,93,3,78.9988764,14.0011236,90,0.469247843,2.189999014,0.177231933
Luxembourg,Luxembourg,0,10-08-2020,16-08-2020,7,2020,33,639321,99,3,78.3988764,20.6011236,96,0.469247843,3.222344268,0.2627732
Luxembourg,Luxembourg,0,17-08-2020,23-08-2020,7,2020,34,639321,72,1,71.5988764,0.401123596,71,0.156415948,0.062742127,0.005602373
Luxembourg,Luxembourg,0,24-08-2020,30-08-2020,7,2020,35,639321,61,0,80.3988764,-19.3988764,61,0,-3.034293634,-0.241282929
Luxembourg,Luxembourg,0,31-08-2020,06-09-2020,7,2020,36,639321,86,0,80.3988764,5.601123596,86,0,0.876105055,0.06966669
Luxembourg,Luxembourg,0,07-09-2020,13-09-2020,7,2020,37,639321,73,0,78.1988764,-5.198876404,73,0,-0.813187179,-0.066482751
Luxembourg,Luxembourg,0,14-09-2020,20-09-2020,7,2020,38,639321,87,0,71.7988764,15.2011236,87,0,2.377698151,0.211718126
Luxembourg,Luxembourg,0,21-09-2020,27-09-2020,7,2020,39,639321,75,0,85.1988764,-10.1988764,75,0,-1.595266917,-0.119706701
Luxembourg,Luxembourg,0,28-09-2020,04-10-2020,7,2020,40,639321,82,1,81.5988764,0.401123596,81,0.156415948,0.062742127,0.004915798
Luxembourg,Luxembourg,0,05-10-2020,11-10-2020,7,2020,41,639321,69,7,89.1988764,-20.1988764,62,1.094911633,-3.159426392,-0.226447655
Luxembourg,Luxembourg,0,12-10-2020,18-10-2020,7,2020,42,639321,87,1,79.1988764,7.801123596,86,0.156415948,1.220220139,0.098500433
Luxembourg,Luxembourg,0,19-10-2020,25-10-2020,7,2020,43,639321,93,8,78.7988764,14.2011236,85,1.25132758,2.221282203,0.180219874
Luxembourg,Luxembourg,0,26-10-2020,01-11-2020,7,2020,44,639321,98,11,89.5988764,8.401123596,87,1.720575423,1.314069708,0.093763716
Luxembourg,Luxembourg,0,02-11-2020,08-11-2020,7,2020,45,639321,113,28,87.3988764,25.6011236,85,4.379646531,4.004424005,0.2929228
Luxembourg,Luxembourg,0,09-11-2020,15-11-2020,7,2020,46,639321,117,39,83.5988764,33.4011236,78,6.100221954,5.224468396,0.399540341
Luxembourg,Luxembourg,0,16-11-2020,22-11-2020,7,2020,47,639321,126,41,89.3988764,36.6011236,85,6.413053849,5.724999428,0.409413687
Luxembourg,Luxembourg,0,23-11-2020,29-11-2020,7,2020,48,639321,134,40,78.5988764,55.4011236,94,6.256637902,8.665619242,0.704858977
Luxembourg,Luxembourg,0,30-11-2020,06-12-2020,7,2020,49,639321,110,45,82.9988764,27.0011236,65,7.038717639,4.223406332,0.325319146
Luxembourg,Luxembourg,0,07-12-2020,13-12-2020,7,2020,50,639321,126,47,87.1988764,38.8011236,79,7.351549535,6.069114513,0.444972747
Luxembourg,Luxembourg,0,14-12-2020,20-12-2020,7,2020,51,639321,105,42,88.1988764,16.8011236,63,6.569469797,2.627963667,0.190491356
Luxembourg,Luxembourg,0,21-12-2020,27-12-2020,7,2020,52,639321,117,24,88.5988764,28.4011236,93,3.753982741,4.442388659,0.320558508
Luxembourg,Luxembourg,0,28-12-2020,03-01-2021,7,2020,53,639321,98,37,88.88764045,9.112359551,61,5.787390059,1.425318353,0.102515485
Luxembourg,Luxembourg,0,04-01-2021,10-01-2021,7,2021,1,639321,102,32,87.79868914,14.20131086,70,5.005310321,2.221311495,0.161748552
Luxembourg,Luxembourg,0,11-01-2021,17-01-2021,7,2021,2,639321,94,22,98.13202247,-4.132022472,72,3.441150846,-0.64631421,-0.04210677
Luxembourg,Luxembourg,0,18-01-2021,24-01-2021,7,2021,3,639321,89,13,93.29868914,-4.298689139,76,2.033407318,-0.672383535,-0.046074486
Luxembourg,Luxembourg,0,25-01-2021,31-01-2021,7,2021,4,639321,109,15,93.79868914,15.20131086,94,2.346239213,2.377727442,0.162063148
Luxembourg,Luxembourg,0,01-02-2021,07-02-2021,7,2021,5,639321,93,13,100.9653558,-7.965355805,80,2.033407318,-1.245908676,-0.07889197
Luxembourg,Luxembourg,0,08-02-2021,14-02-2021,7,2021,6,639321,89,16,100.9653558,-11.96535581,73,2.502655161,-1.871572466,-0.11850952
Luxembourg,Luxembourg,0,15-02-2021,21-02-2021,7,2021,7,639321,92,16,97.79868914,-5.798689139,76,2.502655161,-0.907007456,-0.059292095
Luxembourg,Luxembourg,0,22-02-2021,28-02-2021,7,2021,8,639321,87,15,94.63202247,-7.632022472,72,2.346239213,-1.193770027,-0.08064947
Luxembourg,Luxembourg,0,01-03-2021,07-03-2021,7,2021,9,639321,86,15,93.46516854,-7.465168539,71,2.346239213,-1.167671411,-0.079871129
Luxembourg,Luxembourg,0,08-03-2021,14-03-2021,7,2021,10,639321,114,29,107.8651685,6.134831461,85,4.536062479,0.959585476,0.056875
Luxembourg,Luxembourg,0,15-03-2021,21-03-2021,7,2021,11,639321,116,33,87.46516854,28.53483146,83,5.161726269,4.463302701,0.326242228
Luxembourg,Luxembourg,0,22-03-2021,28-03-2021,7,2021,12,639321,78,24,91.86516854,-13.86516854,54,3.753982741,-2.168733475,-0.15092955
Luxembourg,Luxembourg,0,29-03-2021,04-04-2021,7,2021,13,639321,77,12,92.06516854,-15.06516854,65,1.876991371,-2.356432612,-0.16363592
Luxembourg,Luxembourg,0,05-04-2021,11-04-2021,7,2021,14,639321,89,13,89.46516854,-0.465168539,76,2.033407318,-0.072759778,-0.005199437
Luxembourg,Luxembourg,0,12-04-2021,18-04-2021,7,2021,15,639321,73,22,77.46516854,-4.465168539,51,3.441150846,-0.698423568,-0.057640984
Luxembourg,Luxembourg,0,19-04-2021,25-04-2021,7,2021,16,639321,82,5,84.86516854,-2.865168539,77,0.782079738,-0.448158052,-0.033761419
Luxembourg,Luxembourg,0,26-04-2021,02-05-2021,7,2021,17,639321,93,6,80.06516854,12.93483146,87,0.938495685,2.023213919,0.16155379
Luxembourg,Luxembourg,0,03-05-2021,09-05-2021,7,2021,18,639321,79,5,77.66516854,1.334831461,74,0.782079738,0.208788928,0.017187003
Luxembourg,Luxembourg,0,10-05-2021,16-05-2021,7,2021,19,639321,63,5,76.26516854,-13.26516854,58,0.782079738,-2.074883906,-0.173934822
Luxembourg,Luxembourg,0,17-05-2021,23-05-2021,7,2021,20,639321,85,4,77.26516854,7.734831461,81,0.62566379,1.209850992,0.100107611
Luxembourg,Luxembourg,0,24-05-2021,30-05-2021,7,2021,21,639321,68,4,82.26516854,-14.26516854,64,0.62566379,-2.231299854,-0.17340472
Luxembourg,Luxembourg,0,31-05-2021,06-06-2021,7,2021,22,639321,64,4,75.06516854,-11.06516854,60,0.62566379,-1.730768822,-0.147407496
Luxembourg,Luxembourg,0,07-06-2021,13-06-2021,7,2021,23,639321,80,0,79.66516854,0.334831461,80,0,0.05237298,0.004202984
Luxembourg,Luxembourg,0,14-06-2021,20-06-2021,7,2021,24,639321,85,0,80.46516854,4.534831461,85,0,0.70931996,0.056357695
Luxembourg,Luxembourg,0,21-06-2021,27-06-2021,7,2021,25,639321,69,0,72.46516854,-3.465168539,69,0,-0.54200762,-0.047818402
Luxembourg,Luxembourg,0,28-06-2021,04-07-2021,7,2021,26,639321,87,0,74.66516854,12.33483146,87,0,1.929364351,0.16520195
Luxembourg,Luxembourg,0,05-07-2021,11-07-2021,7,2021,27,639321,78,1,81.06516854,-3.065168539,77,0.156415948,-0.479441241,-0.037811166
Luxembourg,Luxembourg,0,12-07-2021,18-07-2021,7,2021,28,639321,85,1,86.26516854,-1.265168539,84,0.156415948,-0.197892536,-0.014666041
Luxembourg,Luxembourg,0,19-07-2021,25-07-2021,7,2021,29,639321,67,1,78.06516854,-11.06516854,66,0.156415948,-1.730768822,-0.14174271
Luxembourg,Luxembourg,0,26-07-2021,01-08-2021,7,2021,30,639321,64,1,80.66516854,-16.66516854,63,0.156415948,-2.606698128,-0.206596835
Luxembourg,Luxembourg,0,02-08-2021,08-08-2021,7,2021,31,639321,75,2,80.86516854,-5.865168539,73,0.312831895,-0.917405895,-0.072530221
Luxembourg,Luxembourg,0,09-08-2021,15-08-2021,7,2021,32,639321,75,4,80.46516854,-5.465168539,71,0.62566379,-0.854839516,-0.067919681
Luxembourg,Luxembourg,0,16-08-2021,22-08-2021,7,2021,33,639321,63,2,79.86516854,-16.86516854,61,0.312831895,-2.637981318,-0.211170512
Luxembourg,Luxembourg,0,23-08-2021,29-08-2021,7,2021,34,639321,72,0,73.06516854,-1.065168539,72,0,-0.166609346,-0.014578335
Luxembourg,Luxembourg,0,30-08-2021,05-09-2021,7,2021,35,639321,84,0,81.86516854,2.134831461,84,0,0.333921686,0.026077409
Luxembourg,Luxembourg,0,06-09-2021,12-09-2021,7,2021,36,639321,92,4,81.86516854,10.13483146,88,0.62566379,1.585249266,0.123799067
Luxembourg,Luxembourg,0,13-09-2021,19-09-2021,7,2021,37,639321,72,0,79.66516854,-7.665168539,72,0,-1.1989546,-0.096217314
Luxembourg,Luxembourg,0,20-09-2021,26-09-2021,7,2021,38,639321,69,1,73.26516854,-4.265168539,68,0.156415948,-0.667140379,-0.058215502
Luxembourg,Luxembourg,0,27-09-2021,03-10-2021,7,2021,39,639321,90,0,86.66516854,3.334831461,90,0,0.521620823,0.03847949
Luxembourg,Luxembourg,0,04-10-2021,10-10-2021,7,2021,40,639321,95,1,83.06516854,11.93483146,94,0.156415948,1.866797972,0.143680338
Luxembourg,Luxembourg,0,11-10-2021,17-10-2021,7,2021,41,639321,67,3,90.66516854,-23.66516854,64,0.469247843,-3.701609761,-0.261017201
Luxembourg,Luxembourg,0,18-10-2021,24-10-2021,7,2021,42,639321,79,3,80.66516854,-1.665168539,76,0.469247843,-0.260458915,-0.020642969
Luxembourg,Luxembourg,0,25-10-2021,31-10-2021,7,2021,43,639321,113,1,80.26516854,32.73483146,112,0.156415948,5.120249681,0.407833585
Luxembourg,Luxembourg,0,01-11-2021,07-11-2021,7,2021,44,639321,102,6,91.06516854,10.93483146,96,0.938495685,1.710382024,0.120076991
Luxembourg,Luxembourg,0,08-11-2021,14-11-2021,7,2021,45,639321,101,6,88.86516854,12.13483146,95,0.938495685,1.898081161,0.136553294
Luxembourg,Luxembourg,0,15-11-2021,21-11-2021,7,2021,46,639321,89,7,85.06516854,3.934831461,82,1.094911633,0.615470391,0.04625667
Luxembourg,Luxembourg,0,22-11-2021,28-11-2021,7,2021,47,639321,100,4,90.86516854,9.134831461,96,0.62566379,1.428833319,0.100531718
Luxembourg,Luxembourg,0,29-11-2021,05-12-2021,7,2021,48,639321,105,14,80.06516854,24.93483146,91,2.189823266,3.90020529,0.311431699
Luxembourg,Luxembourg,0,06-12-2021,12-12-2021,7,2021,49,639321,90,10,84.46516854,5.534831461,80,1.564159475,0.865735907,0.065527975
Luxembourg,Luxembourg,0,13-12-2021,19-12-2021,7,2021,50,639321,89,8,88.66516854,0.334831461,81,1.25132758,0.05237298,0.003776358
Luxembourg,Luxembourg,0,20-12-2021,26-12-2021,7,2021,51,639321,109,9,89.66516854,19.33483146,100,1.407743528,3.024275984,0.215633693
Luxembourg,Luxembourg,0,27-12-2021,02-01-2022,7,2021,52,639321,99,8,90.06516854,8.934831461,91,1.25132758,1.397550129,0.099204072
Luxembourg,Luxembourg,0,03-01-2022,09-01-2022,7,2022,1,639321,98,7,89.26498127,8.735018727,91,1.094911633,1.366296231,0.097854933
Luxembourg,Luxembourg,0,10-01-2022,16-01-2022,7,2022,2,639321,89,12,99.59831461,-10.59831461,77,1.876991371,-1.657745422,-0.106410582
Luxembourg,Luxembourg,0,17-01-2022,23-01-2022,7,2022,3,639321,84,9,94.76498127,-10.76498127,75,1.407743528,-1.683814746,-0.113596617
Luxembourg,Luxembourg,0,24-01-2022,30-01-2022,7,2022,4,639321,94,5,95.26498127,-1.264981273,89,0.782079738,-0.197863245,-0.013278555
Luxembourg,Luxembourg,0,31-01-2022,06-02-2022,7,2022,5,639321,96,10,102.4316479,-6.43164794,86,1.564159475,-1.006012307,-0.062789656
Luxembourg,Luxembourg,0,07-02-2022,13-02-2022,7,2022,6,639321,96,11,102.4316479,-6.43164794,85,1.720575423,-1.006012307,-0.062789656
Luxembourg,Luxembourg,0,14-02-2022,20-02-2022,7,2022,7,639321,97,14,99.26498127,-2.264981273,83,2.189823266,-0.354279192,-0.022817526
Luxembourg,Luxembourg,0,21-02-2022,27-02-2022,7,2022,8,639321,109,5,96.09831461,12.90168539,104,0.782079738,2.018029346,0.134255064
Luxembourg,Luxembourg,0,28-02-2022,06-03-2022,7,2022,9,639321,92,8,94.93146067,-2.931460674,84,1.25132758,-0.458527199,-0.030879759
Luxembourg,Luxembourg,0,07-03-2022,13-03-2022,7,2022,10,639321,90,8,109.3314607,-19.33146067,82,1.25132758,-3.023748739,-0.176815169
Luxembourg,Luxembourg,0,14-03-2022,20-03-2022,7,2022,11,639321,84,6,88.93146067,-4.931460674,78,0.938495685,-0.771359094,-0.055452375
Luxembourg,Luxembourg,0,21-03-2022,27-03-2022,7,2022,12,639321,83,15,93.33146067,-10.33146067,68,2.346239213,-1.616005211,-0.110696443
Luxembourg,Luxembourg,0,28-03-2022,03-04-2022,7,2022,13,639321,89,12,93.53146067,-4.531460674,77,1.876991371,-0.708792715,-0.048448518
Luxembourg,Luxembourg,0,04-04-2022,10-04-2022,7,2022,14,639321,92,8,90.93146067,1.068539326,84,1.25132758,0.167136591,0.011751041
Luxembourg,Luxembourg,0,11-04-2022,17-04-2022,7,2022,15,639321,84,9,78.93146067,5.068539326,75,1.407743528,0.792800381,0.064214437
Luxembourg,Luxembourg,0,18-04-2022,24-04-2022,7,2022,16,639321,98,4,86.33146067,11.66853933,94,0.62566379,1.825145635,0.135159758
Luxembourg,Luxembourg,0,25-04-2022,01-05-2022,7,2022,17,639321,90,6,81.53146067,8.468539326,84,0.938495685,1.324614603,0.103868363
Luxembourg,Luxembourg,0,02-05-2022,08-05-2022,7,2022,18,639321,74,4,79.13146067,-5.131460674,70,0.62566379,-0.802642284,-0.064847289
Luxembourg,Luxembourg,0,09-05-2022,15-05-2022,7,2022,19,639321,80,5,77.73146067,2.268539326,75,0.782079738,0.354835728,0.029184314
Luxembourg,Luxembourg,0,16-05-2022,22-05-2022,7,2022,20,639321,78,2,78.73146067,-0.731460674,76,0.312831895,-0.114412114,-0.009290577
Luxembourg,Luxembourg,0,23-05-2022,29-05-2022,7,2022,21,639321,63,2,83.73146067,-20.73146067,61,0.312831895,-3.242731065,-0.247594638
Luxembourg,Luxembourg,0,30-05-2022,05-06-2022,7,2022,22,639321,96,2,76.53146067,19.46853933,94,0.312831895,3.045190026,0.254386094
Malta,Malta,0,30-12-2019,05-01-2020,7,2020,1,526748,93,0,99.2951779,-6.295177903,93,0,-1.195102383,-0.063398627
Malta,Malta,0,06-01-2020,12-01-2020,7,2020,2,526748,93,0,89.2951779,3.704822097,93,0,0.703338617,0.04148961
Malta,Malta,0,13-01-2020,19-01-2020,7,2020,3,526748,107,0,103.7951779,3.204822097,107,0,0.608416567,0.030876406
Malta,Malta,0,20-01-2020,26-01-2020,7,2020,4,526748,88,0,91.12851124,-3.128511236,88,0,-0.5939294,-0.034330762
Malta,Malta,0,27-01-2020,02-02-2020,7,2020,5,526748,77,0,88.12851124,-11.12851124,77,0,-2.1126822,-0.126275947
Malta,Malta,0,03-02-2020,09-02-2020,7,2020,6,526748,90,0,91.2951779,-1.295177903,90,0,-0.245881883,-0.014186707
Malta,Malta,0,10-02-2020,16-02-2020,7,2020,7,526748,72,0,83.96184457,-11.96184457,72,0,-2.270885617,-0.142467625
Malta,Malta,0,17-02-2020,23-02-2020,7,2020,8,526748,73,0,89.2951779,-16.2951779,73,0,-3.093543384,-0.18248665
Malta,Malta,0,24-02-2020,01-03-2020,7,2020,9,526748,68,0,85.95421348,-17.95421348,68,0,-3.4085015,-0.208881133
Malta,Malta,0,02-03-2020,08-03-2020,7,2020,10,526748,70,0,83.55421348,-13.55421348,70,0,-2.57318746,-0.162220586
Malta,Malta,0,09-03-2020,15-03-2020,7,2020,11,526748,90,0,77.15421348,12.84578652,90,0,2.43869678,0.166494945
Malta,Malta,0,16-03-2020,22-03-2020,7,2020,12,526748,104,0,80.55421348,23.44578652,104,0,4.451044241,0.291055992
Malta,Malta,0,23-03-2020,29-03-2020,7,2020,13,526748,80,0,71.95421348,8.045786517,80,0,1.5274451,0.111818143
Malta,Malta,0,30-03-2020,05-04-2020,7,2020,14,526748,75,0,76.15421348,-1.154213483,75,0,-0.21912062,-0.015156266
Malta,Malta,0,06-04-2020,12-04-2020,7,2020,15,526748,77,3,70.95421348,6.045786517,74,0.5695323,1.1477569,0.085206871
Malta,Malta,0,13-04-2020,19-04-2020,7,2020,16,526748,93,0,71.35421348,21.64578652,93,0,4.109324861,0.303356809
Malta,Malta,0,20-04-2020,26-04-2020,7,2020,17,526748,56,1,65.15421348,-9.154213483,55,0.1898441,-1.73787342,-0.140500714
Malta,Malta,0,27-04-2020,03-05-2020,7,2020,18,526748,74,0,70.55421348,3.445786517,74,0,0.65416224,0.048838848
Malta,Malta,0,04-05-2020,10-05-2020,7,2020,19,526748,71,1,69.55421348,1.445786517,70,0.1898441,0.27447404,0.020786469
Malta,Malta,0,11-05-2020,17-05-2020,7,2020,20,526748,71,1,64.75421348,6.245786517,70,0.1898441,1.18572572,0.096453747
Malta,Malta,0,18-05-2020,24-05-2020,7,2020,21,526748,52,0,65.55421348,-13.55421348,52,0,-2.57318746,-0.206763422
Malta,Malta,0,25-05-2020,31-05-2020,7,2020,22,526748,67,3,69.95421348,-2.954213483,64,0.5695323,-0.56084,-0.042230673
Malta,Malta,0,01-06-2020,07-06-2020,7,2020,23,526748,65,0,62.15421348,2.845786517,65,0,0.54025578,0.045785899
Malta,Malta,0,08-06-2020,14-06-2020,7,2020,24,526748,57,0,68.55421348,-11.55421348,57,0,-2.19349926,-0.168541259
Malta,Malta,0,15-06-2020,21-06-2020,7,2020,25,526748,61,0,60.15421348,0.845786517,61,0,0.16056758,0.014060304
Malta,Malta,0,22-06-2020,28-06-2020,7,2020,26,526748,47,0,63.15421348,-16.15421348,47,0,-3.06678212,-0.255789956
Malta,Malta,0,29-06-2020,05-07-2020,7,2020,27,526748,69,0,63.75421348,5.245786517,69,0,0.99588162,0.082281409
Malta,Malta,0,06-07-2020,12-07-2020,7,2020,28,526748,62,0,64.55421348,-2.554213483,62,0,-0.48490236,-0.039566952
Malta,Malta,0,13-07-2020,19-07-2020,7,2020,29,526748,64,0,58.55421348,5.445786517,64,0,1.03385044,0.093004178
Malta,Malta,0,20-07-2020,26-07-2020,7,2020,30,526748,62,0,66.55421348,-4.554213483,62,0,-0.86459056,-0.068428628
Malta,Malta,0,27-07-2020,02-08-2020,7,2020,31,526748,64,0,67.35421348,-3.354213483,64,0,-0.63677764,-0.049799609
Malta,Malta,0,03-08-2020,09-08-2020,7,2020,32,526748,63,0,67.35421348,-4.354213483,63,0,-0.82662174,-0.06464649
Malta,Malta,0,10-08-2020,16-08-2020,7,2020,33,526748,58,0,62.35421348,-4.354213483,58,0,-0.82662174,-0.069830301
Malta,Malta,0,17-08-2020,23-08-2020,7,2020,34,526748,81,1,60.55421348,20.44578652,80,0.1898441,3.881511941,0.337644325
Malta,Malta,0,24-08-2020,30-08-2020,7,2020,35,526748,73,2,64.35421348,8.645786517,71,0.3796882,1.64135156,0.13434686
Malta,Malta,0,31-08-2020,06-09-2020,7,2020,36,526748,71,2,66.15421348,4.845786517,69,0.3796882,0.91994398,0.073249855
Malta,Malta,0,07-09-2020,13-09-2020,7,2020,37,526748,64,1,64.95421348,-0.954213483,63,0.1898441,-0.1811518,-0.014690556
Malta,Malta,0,14-09-2020,20-09-2020,7,2020,38,526748,63,5,58.15421348,4.845786517,58,0.9492205,0.91994398,0.08332649
Malta,Malta,0,21-09-2020,27-09-2020,7,2020,39,526748,80,11,59.55421348,20.44578652,69,2.0882851,3.881511941,0.343313853
Malta,Malta,0,28-09-2020,04-10-2020,7,2020,40,526748,84,8,60.95421348,23.04578652,76,1.5187528,4.375106601,0.378083568
Malta,Malta,0,05-10-2020,11-10-2020,7,2020,41,526748,71,2,65.15421348,5.845786517,69,0.3796882,1.10978808,0.08972231
Malta,Malta,0,12-10-2020,18-10-2020,7,2020,42,526748,62,4,67.95421348,-5.954213483,58,0.7593764,-1.1303723,-0.087620961
Malta,Malta,0,19-10-2020,25-10-2020,7,2020,43,526748,67,6,64.55421348,2.445786517,61,1.1390646,0.46431814,0.037887326
Malta,Malta,0,26-10-2020,01-11-2020,7,2020,44,526748,89,13,64.75421348,24.24578652,76,2.4679733,4.602919521,0.374427936
Malta,Malta,0,02-11-2020,08-11-2020,7,2020,45,526748,84,14,62.55421348,21.44578652,70,2.6578174,4.071356041,0.342835204
Malta,Malta,0,09-11-2020,15-11-2020,7,2020,46,526748,95,21,71.55421348,23.44578652,74,3.986726101,4.451044241,0.327664653
Malta,Malta,0,16-11-2020,22-11-2020,7,2020,47,526748,89,14,68.75421348,20.24578652,75,2.6578174,3.843543121,0.294466121
Malta,Malta,0,23-11-2020,29-11-2020,7,2020,48,526748,93,22,73.15421348,19.84578652,71,4.176570201,3.767605481,0.271286992
Malta,Malta,0,30-11-2020,06-12-2020,7,2020,49,526748,106,18,72.35421348,33.64578652,88,3.4171938,6.387454061,0.465014889
Malta,Malta,0,07-12-2020,13-12-2020,7,2020,50,526748,102,18,74.35421348,27.64578652,84,3.4171938,5.248389461,0.371811969
Malta,Malta,0,14-12-2020,20-12-2020,7,2020,51,526748,109,21,74.15421348,34.84578652,88,3.986726101,6.615266981,0.469909731
Malta,Malta,0,21-12-2020,27-12-2020,7,2020,52,526748,114,20,90.55421348,23.44578652,94,3.796882001,4.451044241,0.258914363
Malta,Malta,0,28-12-2020,03-01-2021,7,2020,53,526748,90,10,91.17134831,-1.171348315,80,1.898441,-0.222373567,-0.012847768
Malta,Malta,0,04-01-2021,10-01-2021,7,2021,1,526748,93,13,100.7465824,-7.746582397,80,2.4679733,-1.470642963,-0.076891764
Malta,Malta,0,11-01-2021,17-01-2021,7,2021,2,526748,84,6,90.7465824,-6.746582397,78,1.1390646,-1.280798863,-0.074345306
Malta,Malta,0,18-01-2021,24-01-2021,7,2021,3,526748,117,12,105.2465824,11.7534176,105,2.2781292,2.231316987,0.111675052
Malta,Malta,0,25-01-2021,31-01-2021,7,2021,4,526748,93,16,92.57991573,0.42008427,77,3.0375056,0.07975052,0.004537531
Malta,Malta,0,01-02-2021,07-02-2021,7,2021,5,526748,88,15,89.57991573,-1.57991573,73,2.8476615,-0.29993768,-0.017636941
Malta,Malta,0,08-02-2021,14-02-2021,7,2021,6,526748,92,11,92.7465824,-0.746582397,81,2.0882851,-0.141734263,-0.008049703
Malta,Malta,0,15-02-2021,21-02-2021,7,2021,7,526748,109,11,85.41324906,23.58675094,98,2.0882851,4.477805504,0.276148621
Malta,Malta,0,22-02-2021,28-02-2021,7,2021,8,526748,107,11,90.7465824,16.2534176,96,2.0882851,3.085615437,0.179107766
Malta,Malta,0,01-03-2021,07-03-2021,7,2021,9,526748,108,19,87.40561798,20.59438202,89,3.6070379,3.909721921,0.235618516
Malta,Malta,0,08-03-2021,14-03-2021,7,2021,10,526748,105,17,85.00561798,19.99438202,88,3.2273497,3.795815461,0.235212478
Malta,Malta,0,15-03-2021,21-03-2021,7,2021,11,526748,94,21,78.60561798,15.39438202,73,3.986726101,2.9225326,0.19584328
Malta,Malta,0,22-03-2021,28-03-2021,7,2021,12,526748,86,15,82.00561798,3.994382022,71,2.8476615,0.75830986,0.048708639
Malta,Malta,0,29-03-2021,04-04-2021,7,2021,13,526748,78,11,73.40561798,4.594382022,67,2.0882851,0.87221632,0.06258897
Malta,Malta,0,05-04-2021,11-04-2021,7,2021,14,526748,66,4,77.60561798,-11.60561798,62,0.7593764,-2.2032581,-0.149546106
Malta,Malta,0,12-04-2021,18-04-2021,7,2021,15,526748,69,7,72.40561798,-3.405617978,62,1.3289087,-0.64653648,-0.047035273
Malta,Malta,0,19-04-2021,25-04-2021,7,2021,16,526748,64,4,72.80561798,-8.805617978,60,0.7593764,-1.67169462,-0.120946957
Malta,Malta,0,26-04-2021,02-05-2021,7,2021,17,526748,59,3,66.60561798,-7.605617978,56,0.5695323,-1.4438817,-0.114188836
Malta,Malta,0,03-05-2021,09-05-2021,7,2021,18,526748,70,1,72.00561798,-2.005617978,69,0.1898441,-0.38075474,-0.027853632
Malta,Malta,0,10-05-2021,16-05-2021,7,2021,19,526748,77,0,71.00561798,5.994382022,77,0,1.13799806,0.084421236
Malta,Malta,0,17-05-2021,23-05-2021,7,2021,20,526748,75,0,66.20561798,8.794382022,75,0,1.66956154,0.132834377
Malta,Malta,0,24-05-2021,30-05-2021,7,2021,21,526748,77,2,67.00561798,9.994382022,75,0.3796882,1.89737446,0.149157374
Malta,Malta,0,31-05-2021,06-06-2021,7,2021,22,526748,53,0,71.40561798,-18.40561798,53,0,-3.49419798,-0.257761483
Malta,Malta,0,07-06-2021,13-06-2021,7,2021,23,526748,57,0,63.60561798,-6.605617978,57,0,-1.2540376,-0.103852744
Malta,Malta,0,14-06-2021,20-06-2021,7,2021,24,526748,68,1,70.00561798,-2.005617978,67,0.1898441,-0.38075474,-0.028649386
Malta,Malta,0,21-06-2021,27-06-2021,7,2021,25,526748,56,0,61.60561798,-5.605617978,56,0,-1.0641935,-0.090991993
Malta,Malta,0,28-06-2021,04-07-2021,7,2021,26,526748,92,0,64.60561798,27.39438202,92,0,5.200661801,0.424024766
Malta,Malta,0,05-07-2021,11-07-2021,7,2021,27,526748,66,0,65.20561798,0.794382022,66,0,0.15080874,0.012182724
Malta,Malta,0,12-07-2021,18-07-2021,7,2021,28,526748,76,0,66.00561798,9.994382022,76,0,1.89737446,0.151417142
Malta,Malta,0,19-07-2021,25-07-2021,7,2021,29,526748,63,1,60.00561798,2.994382022,62,0.1898441,0.56846576,0.049901695
Malta,Malta,0,26-07-2021,01-08-2021,7,2021,30,526748,62,2,68.00561798,-6.005617978,60,0.3796882,-1.14013114,-0.088310615
Malta,Malta,0,02-08-2021,08-08-2021,7,2021,31,526748,90,3,68.80561798,21.19438202,87,0.5695323,4.023628381,0.308032725
Malta,Malta,0,09-08-2021,15-08-2021,7,2021,32,526748,92,4,68.80561798,23.19438202,88,0.7593764,4.403316581,0.337100119
Malta,Malta,0,16-08-2021,22-08-2021,7,2021,33,526748,54,6,63.80561798,-9.805617978,48,1.1390646,-1.86153872,-0.153679539
Malta,Malta,0,23-08-2021,29-08-2021,7,2021,34,526748,76,4,62.00561798,13.99438202,72,0.7593764,2.65675086,0.225695388
Malta,Malta,0,30-08-2021,05-09-2021,7,2021,35,526748,69,4,65.80561798,3.194382022,65,0.7593764,0.60643458,0.048542695
Malta,Malta,0,06-09-2021,12-09-2021,7,2021,36,526748,72,5,67.60561798,4.394382022,67,0.9492205,0.8342475,0.065000249
Malta,Malta,0,13-09-2021,19-09-2021,7,2021,37,526748,73,4,66.40561798,6.594382022,69,0.7593764,1.25190452,0.09930458
Malta,Malta,0,20-09-2021,26-09-2021,7,2021,38,526748,50,4,59.60561798,-9.605617978,46,0.7593764,-1.8235699,-0.161152896
Malta,Malta,0,27-09-2021,03-10-2021,7,2021,39,526748,84,2,61.00561798,22.99438202,82,0.3796882,4.365347761,0.376922369
Malta,Malta,0,04-10-2021,10-10-2021,7,2021,40,526748,66,0,62.40561798,3.594382022,66,0,0.68237222,0.05759709
Malta,Malta,0,11-10-2021,17-10-2021,7,2021,41,526748,54,0,66.60561798,-12.60561798,54,0,-2.3931022,-0.189257579
Malta,Malta,0,18-10-2021,24-10-2021,7,2021,42,526748,87,0,69.40561798,17.59438202,87,0,3.340189621,0.253500834
Malta,Malta,0,25-10-2021,31-10-2021,7,2021,43,526748,57,2,66.00561798,-9.005617978,55,0.3796882,-1.70966344,-0.136437144
Malta,Malta,0,01-11-2021,07-11-2021,7,2021,44,526748,71,1,66.20561798,4.794382022,70,0.1898441,0.91018514,0.072416544
Malta,Malta,0,08-11-2021,14-11-2021,7,2021,45,526748,64,0,64.00561798,-0.005617978,64,0,-0.00106654,-8.77732E-05
Malta,Malta,0,15-11-2021,21-11-2021,7,2021,46,526748,80,1,73.00561798,6.994382022,79,0.1898441,1.32784216,0.095806079
Malta,Malta,0,22-11-2021,28-11-2021,7,2021,47,526748,79,5,70.20561798,8.794382022,74,0.9492205,1.66956154,0.125266072
Malta,Malta,0,29-11-2021,05-12-2021,7,2021,48,526748,80,0,74.60561798,5.394382022,80,0,1.0240916,0.072305306
Malta,Malta,0,06-12-2021,12-12-2021,7,2021,49,526748,77,2,73.80561798,3.194382022,75,0.3796882,0.60643458,0.043281015
Malta,Malta,0,13-12-2021,19-12-2021,7,2021,50,526748,88,1,75.80561798,12.19438202,87,0.1898441,2.31503148,0.16086383
Malta,Malta,0,20-12-2021,26-12-2021,7,2021,51,526748,108,4,75.60561798,32.39438202,104,0.7593764,6.149882301,0.428465277
Malta,Malta,0,27-12-2021,02-01-2022,7,2021,52,526748,92,4,92.00561798,-0.005617978,88,0.7593764,-0.00106654,-6.10612E-05
Malta,Malta,0,03-01-2022,09-01-2022,7,2022,1,526748,97,8,102.1979869,-5.197986891,89,1.5187528,-0.986807143,-0.05086193
Malta,Malta,0,10-01-2022,16-01-2022,7,2022,2,526748,91,19,92.19798689,-1.197986891,72,3.6070379,-0.227430743,-0.012993634
Malta,Malta,0,17-01-2022,23-01-2022,7,2022,3,526748,124,26,106.6979869,17.30201311,98,4.935946601,3.284685107,0.162158759
Malta,Malta,0,24-01-2022,30-01-2022,7,2022,4,526748,121,15,94.03132022,26.96867978,106,2.8476615,5.119844741,0.286805287
Malta,Malta,0,31-01-2022,06-02-2022,7,2022,5,526748,111,22,91.03132022,19.96867978,89,4.176570201,3.790936041,0.219360542
Malta,Malta,0,07-02-2022,13-02-2022,7,2022,6,526748,115,20,94.19798689,20.80201311,95,3.796882001,3.949139457,0.220832884
Malta,Malta,0,14-02-2022,20-02-2022,7,2022,7,526748,103,7,86.86465356,16.13534644,96,1.3289087,3.063200324,0.185752729
Malta,Malta,0,21-02-2022,27-02-2022,7,2022,8,526748,79,8,92.19798689,-13.19798689,71,1.5187528,-2.505559944,-0.14314832
Malta,Malta,0,28-02-2022,06-03-2022,7,2022,9,526748,104,4,88.85702247,15.14297753,100,0.7593764,2.874804941,0.170419592
Malta,Malta,0,07-03-2022,13-03-2022,7,2022,10,526748,97,6,86.45702247,10.54297753,91,1.1390646,2.00152208,0.121944722
Malta,Malta,0,14-03-2022,20-03-2022,7,2022,11,526748,83,8,80.05702247,2.942977528,75,1.5187528,0.55870692,0.036761017
Malta,Malta,0,21-03-2022,27-03-2022,7,2022,12,526748,80,9,83.45702247,-3.457022472,71,1.7085969,-0.65629532,-0.041422787
Malta,Malta,0,28-03-2022,03-04-2022,7,2022,13,526748,80,10,74.85702247,5.142977528,70,1.898441,0.97636394,0.068704009
Malta,Malta,0,04-04-2022,10-04-2022,7,2022,14,526748,106,21,79.05702247,26.94297753,85,3.986726101,5.114965321,0.340804355
Malta,Malta,0,11-04-2022,17-04-2022,7,2022,15,526748,77,11,73.85702247,3.142977528,66,2.0882851,0.59667574,0.042554891
Malta,Malta,0,18-04-2022,24-04-2022,7,2022,16,526748,82,15,74.25702247,7.742977528,67,2.8476615,1.4699586,0.104272664
Malta,Malta,0,25-04-2022,01-05-2022,7,2022,17,526748,87,10,68.05702247,18.94297753,77,1.898441,3.596212521,0.278339793
Malta,Malta,0,02-05-2022,08-05-2022,7,2022,18,526748,72,11,73.45702247,-1.457022472,61,2.0882851,-0.27660712,-0.019835033
Malta,Malta,0,09-05-2022,15-05-2022,7,2022,19,526748,72,4,72.45702247,-0.457022472,68,0.7593764,-0.08676302,-0.006307497
Malta,Malta,0,16-05-2022,22-05-2022,7,2022,20,526748,70,4,67.65702247,2.342977528,66,0.7593764,0.44480046,0.034630219
Malta,Malta,0,23-05-2022,29-05-2022,7,2022,21,526748,52,4,68.45702247,-16.45702247,48,0.7593764,-3.12426862,-0.240399332
Malta,Malta,0,30-05-2022,05-06-2022,7,2022,22,526748,63,2,72.85702247,-9.857022472,61,0.3796882,-1.87129756,-0.135292689
Malta,Malta,0,06-06-2022,12-06-2022,7,2022,23,526748,77,3,65.05702247,11.94297753,74,0.5695323,2.26730382,0.183577069
Mexico,Mexico,0,30-12-2019,05-01-2020,7,2020,1,126705138,16742,0,16745.24485,-3.244850182,16742,0,-0.002560946,-0.000193777
Mexico,Mexico,0,06-01-2020,12-01-2020,7,2020,2,126705138,16899,0,16636.07818,262.9218165,16899,0,0.207506831,0.015804315
Mexico,Mexico,0,13-01-2020,19-01-2020,7,2020,3,126705138,16386,0,16414.91152,-28.91151685,16386,0,-0.022817951,-0.001761296
Mexico,Mexico,0,20-01-2020,26-01-2020,7,2020,4,126705138,15793,0,16077.24485,-284.2448502,15793,0,-0.224335694,-0.017679948
Mexico,Mexico,0,27-01-2020,02-02-2020,7,2020,5,126705138,15415,0,15975.41152,-560.4115169,15415,0,-0.44229581,-0.035079629
Mexico,Mexico,0,03-02-2020,09-02-2020,7,2020,6,126705138,15882,0,16064.24485,-182.2448502,15882,0,-0.143833828,-0.011344751
Mexico,Mexico,0,10-02-2020,16-02-2020,7,2020,7,126705138,15065,0,15685.24485,-620.2448502,15065,0,-0.48951831,-0.039543205
Mexico,Mexico,0,17-02-2020,23-02-2020,7,2020,8,126705138,14663,0,15383.57818,-720.5781835,14663,0,-0.568704786,-0.04684074
Mexico,Mexico,0,24-02-2020,01-03-2020,7,2020,9,126705138,14085,0,15304.09382,-1219.09382,14085,0,-0.962150264,-0.079658021
Mexico,Mexico,0,02-03-2020,08-03-2020,7,2020,10,126705138,14189,0,14938.09382,-749.0938202,14189,0,-0.591210295,-0.050146547
Mexico,Mexico,0,09-03-2020,15-03-2020,7,2020,11,126705138,13951,0,14658.09382,-707.0938202,13951,0,-0.558062468,-0.048239139
Mexico,Mexico,0,16-03-2020,22-03-2020,7,2020,12,126705138,13266,3,14583.29382,-1317.29382,13263,0.002367702,-1.039653041,-0.090328964
Mexico,Mexico,0,23-03-2020,29-03-2020,7,2020,13,126705138,13783,17,14290.29382,-507.2938202,13766,0.013416978,-0.400373519,-0.035499188
Mexico,Mexico,0,30-03-2020,05-04-2020,7,2020,14,126705138,13602,74,14371.29382,-769.2938202,13528,0.058403314,-0.607152821,-0.053529893
Mexico,Mexico,0,06-04-2020,12-04-2020,7,2020,15,126705138,14111,202,14002.69382,108.3061798,13909,0.159425263,0.085478917,0.007734667
Mexico,Mexico,0,13-04-2020,19-04-2020,7,2020,16,126705138,15083,390,13868.69382,1214.30618,14693,0.307801251,0.958371696,0.087557357
Mexico,Mexico,0,20-04-2020,26-04-2020,7,2020,17,126705138,17168,665,14039.09382,3128.90618,16503,0.524840595,2.469439069,0.22287095
Mexico,Mexico,0,27-04-2020,03-05-2020,7,2020,18,126705138,18905,803,13962.69382,4942.30618,18102,0.633754884,3.900635963,0.35396509
Mexico,Mexico,0,04-05-2020,10-05-2020,7,2020,19,126705138,20712,1311,13910.89382,6801.10618,19401,1.034685744,5.36766408,0.488905046
Mexico,Mexico,0,11-05-2020,17-05-2020,7,2020,20,126705138,22422,1712,13982.29382,8439.70618,20710,1.351168569,6.660902875,0.603599544
Mexico,Mexico,0,18-05-2020,24-05-2020,7,2020,21,126705138,23334,2217,14179.69382,9154.30618,21117,1.749731728,7.224889475,0.645592655
Mexico,Mexico,0,25-05-2020,31-05-2020,7,2020,22,126705138,23287,2536,13783.69382,9503.30618,20751,2.001497366,7.500332133,0.689460046
Mexico,Mexico,0,01-06-2020,07-06-2020,7,2020,23,126705138,24300,3769,13724.09382,10575.90618,20531,2.97462286,8.346864497,0.770608706
Mexico,Mexico,0,08-06-2020,14-06-2020,7,2020,24,126705138,24918,3442,13569.89382,11348.10618,21476,2.71654335,8.956310974,0.836270816
Mexico,Mexico,0,15-06-2020,21-06-2020,7,2020,25,126705138,25238,4684,13769.69382,11468.30618,20554,3.696771949,9.051176898,0.832865736
Mexico,Mexico,0,22-06-2020,28-06-2020,7,2020,26,126705138,24965,4823,13560.89382,11404.10618,20142,3.806475472,9.000508077,0.840955348
Mexico,Mexico,0,29-06-2020,05-07-2020,7,2020,27,126705138,25778,3991,13687.69382,12090.30618,21787,3.149832803,9.542080432,0.883297533
Mexico,Mexico,0,06-07-2020,12-07-2020,7,2020,28,126705138,26734,4367,13686.89382,13047.10618,22367,3.446584779,10.2972195,0.953255454
Mexico,Mexico,0,13-07-2020,19-07-2020,7,2020,29,126705138,26685,4178,13802.89382,12882.10618,22507,3.297419557,10.1669959,0.933290247
Mexico,Mexico,0,20-07-2020,26-07-2020,7,2020,30,126705138,25968,4496,13859.09382,12108.90618,21472,3.548395962,9.556760184,0.873715579
Mexico,Mexico,0,27-07-2020,02-08-2020,7,2020,31,126705138,24973,4066,13934.49382,11038.50618,20907,3.209025351,8.711964135,0.792171307
Mexico,Mexico,0,03-08-2020,09-08-2020,7,2020,32,126705138,23946,4552,13658.29382,10287.70618,19394,3.592593064,8.119407265,0.753220447
Mexico,Mexico,0,10-08-2020,16-08-2020,7,2020,33,126705138,22815,4459,13717.69382,9097.30618,18356,3.519194304,7.179903138,0.663180437
Mexico,Mexico,0,17-08-2020,23-08-2020,7,2020,34,126705138,21859,3723,13543.29382,8315.70618,18136,2.938318097,6.563037862,0.614009139
Mexico,Mexico,0,24-08-2020,30-08-2020,7,2020,35,126705138,20943,3678,13479.29382,7463.70618,17265,2.902802568,5.890610513,0.55371641
Mexico,Mexico,0,31-08-2020,06-09-2020,7,2020,36,126705138,20286,3400,13600.29382,6685.70618,16886,2.683395523,5.276586479,0.491585422
Mexico,Mexico,0,07-09-2020,13-09-2020,7,2020,37,126705138,19575,3263,13786.89382,5788.10618,16312,2.575270468,4.568170061,0.419826703
Mexico,Mexico,0,14-09-2020,20-09-2020,7,2020,38,126705138,18924,2672,13945.89382,4978.10618,16252,2.108833187,3.928890539,0.35695856
Mexico,Mexico,0,21-09-2020,27-09-2020,7,2020,39,126705138,19045,2937,13673.09382,5371.90618,16108,2.317980191,4.23969088,0.392881542
Mexico,Mexico,0,28-09-2020,04-10-2020,7,2020,40,126705138,18594,2658,13989.49382,4604.50618,15936,2.097783911,3.634032725,0.329140299
Mexico,Mexico,0,05-10-2020,11-10-2020,7,2020,41,126705138,18959,1904,13974.49382,4984.50618,17055,1.502701493,3.933941637,0.356685991
Mexico,Mexico,0,12-10-2020,18-10-2020,7,2020,42,126705138,18941,2386,14048.49382,4892.50618,16555,1.88311227,3.861332111,0.348258414
Mexico,Mexico,0,19-10-2020,25-10-2020,7,2020,43,126705138,19693,2757,14112.49382,5580.50618,16936,2.175918075,4.404325087,0.395430195
Mexico,Mexico,0,26-10-2020,01-11-2020,7,2020,44,126705138,20409,2971,14346.09382,6062.90618,17438,2.344814146,4.785051558,0.422617212
Mexico,Mexico,0,02-11-2020,08-11-2020,7,2020,45,126705138,21514,3132,14356.89382,7157.10618,18382,2.471880817,5.648631376,0.498513555
Mexico,Mexico,0,09-11-2020,15-11-2020,7,2020,46,126705138,21779,3515,14534.89382,7244.10618,18264,2.77415743,5.717294732,0.498394159
Mexico,Mexico,0,16-11-2020,22-11-2020,7,2020,47,126705138,22427,3134,15074.49382,7352.50618,19293,2.473459285,5.802847695,0.487744814
Mexico,Mexico,0,23-11-2020,29-11-2020,7,2020,48,126705138,22667,3979,14904.29382,7762.70618,18688,3.140361995,6.126591472,0.520836899
Mexico,Mexico,0,30-11-2020,06-12-2020,7,2020,49,126705138,23652,4062,14999.29382,8652.70618,19590,3.205868416,6.829009712,0.576874237
Mexico,Mexico,0,07-12-2020,13-12-2020,7,2020,50,126705138,25472,4236,15654.49382,9817.50618,21236,3.343195128,7.748309449,0.62713661
Mexico,Mexico,0,14-12-2020,20-12-2020,7,2020,51,126705138,26684,4249,15688.29382,10995.70618,22435,3.353455169,8.678184921,0.700886043
Mexico,Mexico,0,21-12-2020,27-12-2020,7,2020,52,126705138,29729,4224,16549.89382,13179.10618,25505,3.33372432,10.40139839,0.796325724
Mexico,Mexico,0,28-12-2020,03-01-2021,7,2020,53,126705138,32891,4787,16462.88202,16428.11798,28104,3.778063049,12.96562889,0.997888338
Mexico,Mexico,0,04-01-2021,10-01-2021,7,2021,1,126705138,36626,6493,17116.80946,19509.19054,30133,5.124496214,15.39731604,1.139767934
Mexico,Mexico,0,11-01-2021,17-01-2021,7,2021,2,126705138,43780,6998,17007.64279,26772.35721,36782,5.523059373,21.12965396,1.574136848
Mexico,Mexico,0,18-01-2021,24-01-2021,7,2021,3,126705138,45020,8910,16786.47612,28233.52388,36110,7.032074737,22.28285634,1.681920831
Mexico,Mexico,0,25-01-2021,31-01-2021,7,2021,4,126705138,36968,8922,16448.80946,20519.19054,28046,7.041545545,16.19444236,1.247457489
Mexico,Mexico,0,01-02-2021,07-02-2021,7,2021,5,126705138,32150,7664,16346.97612,15803.02388,24486,6.048689202,12.47228339,0.966724595
Mexico,Mexico,0,08-02-2021,14-02-2021,7,2021,6,126705138,27158,8007,16435.80946,10722.19054,19151,6.319396456,8.462317087,0.652367659
Mexico,Mexico,0,15-02-2021,21-02-2021,7,2021,7,126705138,25598,5900,16056.80946,9541.190543,19698,4.656480466,7.53023176,0.594214596
Mexico,Mexico,0,22-02-2021,28-02-2021,7,2021,8,126705138,24295,5608,15755.14279,8539.85721,18687,4.426024144,6.739945471,0.542036167
Mexico,Mexico,0,01-03-2021,07-03-2021,7,2021,9,126705138,20795,4889,15675.65843,5119.341573,15906,3.858564915,4.040358311,0.326579046
Mexico,Mexico,0,08-03-2021,14-03-2021,7,2021,10,126705138,20025,4106,15309.65843,4715.341573,15919,3.240594711,3.721507784,0.30799783
Mexico,Mexico,0,15-03-2021,21-03-2021,7,2021,11,126705138,18780,3326,15029.65843,3750.341573,15454,2.624992208,2.959896996,0.249529395
Mexico,Mexico,0,22-03-2021,28-03-2021,7,2021,12,126705138,18079,3587,14954.85843,3124.141573,14492,2.830982276,2.465678679,0.208904791
Mexico,Mexico,0,29-03-2021,04-04-2021,7,2021,13,126705138,17281,2524,14661.85843,2619.141573,14757,1.992026559,2.067115521,0.178636398
Mexico,Mexico,0,05-04-2021,11-04-2021,7,2021,14,126705138,17687,5191,14742.85843,2944.141573,12496,4.096913576,2.323616563,0.199699508
Mexico,Mexico,0,12-04-2021,18-04-2021,7,2021,15,126705138,17241,3001,14374.25843,2866.741573,14240,2.368491166,2.262529853,0.199435789
Mexico,Mexico,0,19-04-2021,25-04-2021,7,2021,16,126705138,16298,2608,14240.25843,2057.741573,13690,2.058322213,1.624039566,0.144501702
Mexico,Mexico,0,26-04-2021,02-05-2021,7,2021,17,126705138,15813,2286,14410.65843,1402.341573,13527,1.804188872,1.106775617,0.097312804
Mexico,Mexico,0,03-05-2021,09-05-2021,7,2021,18,126705138,15452,1752,14334.25843,1117.741573,13700,1.382737928,0.882159627,0.077976937
Mexico,Mexico,0,10-05-2021,16-05-2021,7,2021,19,126705138,15101,1452,14282.45843,818.541573,13649,1.145967735,0.646020821,0.057310972
Mexico,Mexico,0,17-05-2021,23-05-2021,7,2021,20,126705138,14636,1210,14353.85843,282.141573,13426,0.954973112,0.222675716,0.019656149
Mexico,Mexico,0,24-05-2021,30-05-2021,7,2021,21,126705138,14744,1860,14551.25843,192.741573,12884,1.467975198,0.152118198,0.013245698
Mexico,Mexico,0,31-05-2021,06-06-2021,7,2021,22,126705138,14349,1025,14155.25843,193.741573,13324,0.808964827,0.152907432,0.013686898
Mexico,Mexico,0,07-06-2021,13-06-2021,7,2021,23,126705138,14516,1346,14095.65843,420.341573,13170,1.062308933,0.331747851,0.029820641
Mexico,Mexico,0,14-06-2021,20-06-2021,7,2021,24,126705138,14736,1037,13941.45843,794.541573,13699,0.818435634,0.627079206,0.056991281
Mexico,Mexico,0,21-06-2021,27-06-2021,7,2021,25,126705138,14788,1377,14141.25843,646.741573,13411,1.086775187,0.510430424,0.045734372
Mexico,Mexico,0,28-06-2021,04-07-2021,7,2021,26,126705138,15085,1058,13932.45843,1152.541573,14027,0.835009548,0.90962497,0.082723489
Mexico,Mexico,0,05-07-2021,11-07-2021,7,2021,27,126705138,15967,1347,14059.25843,1907.741573,14620,1.063098167,1.505654469,0.135692902
Mexico,Mexico,0,12-07-2021,18-07-2021,7,2021,28,126705138,17054,1362,14058.45843,2995.541573,15692,1.074936677,2.36418319,0.213077528
Mexico,Mexico,0,19-07-2021,25-07-2021,7,2021,29,126705138,19045,2093,14174.45843,4870.541573,16952,1.651866714,3.843996897,0.343613945
Mexico,Mexico,0,26-07-2021,01-08-2021,7,2021,30,126705138,21547,2610,14230.65843,7316.341573,18937,2.059900681,5.774305359,0.514125303
Mexico,Mexico,0,02-08-2021,08-08-2021,7,2021,31,126705138,24532,3386,14306.05843,10225.94157,21146,2.672346247,8.070660539,0.714797974
Mexico,Mexico,0,09-08-2021,15-08-2021,7,2021,32,126705138,26656,3747,14029.85843,12626.14157,22909,2.957259713,9.964979931,0.899947896
Mexico,Mexico,0,16-08-2021,22-08-2021,7,2021,33,126705138,28350,4988,14089.25843,14260.74157,23362,3.936699078,11.25506179,1.012171197
Mexico,Mexico,0,23-08-2021,29-08-2021,7,2021,34,126705138,27428,5010,13914.85843,13513.14157,22418,3.954062226,10.66503047,0.971130367
Mexico,Mexico,0,30-08-2021,05-09-2021,7,2021,35,126705138,27127,4975,13850.85843,13276.14157,22152,3.926439037,10.47798202,0.95850677
Mexico,Mexico,0,06-09-2021,12-09-2021,7,2021,36,126705138,25157,4608,13971.85843,11185.14157,20549,3.636790167,8.82769377,0.800547875
Mexico,Mexico,0,13-09-2021,19-09-2021,7,2021,37,126705138,23881,3755,14158.45843,9722.541573,20126,2.963573585,7.673360155,0.686694927
Mexico,Mexico,0,20-09-2021,26-09-2021,7,2021,38,126705138,21993,3947,14317.45843,7675.541573,18046,3.115106508,6.057798203,0.536096655
Mexico,Mexico,0,27-09-2021,03-10-2021,7,2021,39,126705138,20508,3142,14044.65843,6463.341573,17366,2.479773156,5.101088776,0.460199271
Mexico,Mexico,0,04-10-2021,10-10-2021,7,2021,40,126705138,19345,3494,14361.05843,4983.941573,15851,2.757583516,3.93349603,0.347045561
Mexico,Mexico,0,11-10-2021,17-10-2021,7,2021,41,126705138,18165,2295,14346.05843,3818.941573,15870,1.811291978,3.014038447,0.266201451
Mexico,Mexico,0,18-10-2021,24-10-2021,7,2021,42,126705138,16986,1878,14420.05843,2565.941573,15108,1.482181409,2.025128273,0.177942523
Mexico,Mexico,0,25-10-2021,31-10-2021,7,2021,43,126705138,16371,2106,14484.05843,1886.941573,14265,1.662126756,1.489238402,0.130277131
Mexico,Mexico,0,01-11-2021,07-11-2021,7,2021,44,126705138,16433,1369,14717.65843,1715.341573,15064,1.080461315,1.353805852,0.116549897
Mexico,Mexico,0,08-11-2021,14-11-2021,7,2021,45,126705138,16340,1355,14728.45843,1611.541573,14985,1.069412039,1.271883365,0.109416853
Mexico,Mexico,0,15-11-2021,21-11-2021,7,2021,46,126705138,16439,1283,14906.45843,1532.541573,15156,1.012587193,1.209533881,0.102810576
Mexico,Mexico,0,22-11-2021,28-11-2021,7,2021,47,126705138,16058,1487,15446.05843,611.941573,14571,1.173590924,0.482965082,0.039617976
Mexico,Mexico,0,29-11-2021,05-12-2021,7,2021,48,126705138,16246,1344,15275.85843,970.141573,14902,1.060730465,0.765668692,0.063508154
Mexico,Mexico,0,06-12-2021,12-12-2021,7,2021,49,126705138,16035,1417,15370.85843,664.141573,14618,1.118344546,0.524163095,0.043207839
Mexico,Mexico,0,13-12-2021,19-12-2021,7,2021,50,126705138,16338,1215,16026.05843,311.941573,15123,0.958919282,0.246194888,0.019464647
Mexico,Mexico,0,20-12-2021,26-12-2021,7,2021,51,126705138,16859,924,16059.85843,799.141573,15935,0.729252195,0.630709682,0.049760188
Mexico,Mexico,0,27-12-2021,02-01-2022,7,2021,52,126705138,17327,785,16921.45843,405.541573,16542,0.619548672,0.320067189,0.023966112
Mexico,Mexico,0,03-01-2022,09-01-2022,7,2022,1,126705138,17803,790,17488.37406,314.6259363,17013,0.623494842,0.248313479,0.017990577
Mexico,Mexico,0,10-01-2022,16-01-2022,7,2022,2,126705138,19761,1076,17379.2074,2381.792603,18685,0.84921576,1.879791649,0.137048402
Mexico,Mexico,0,17-01-2022,23-01-2022,7,2022,3,126705138,23954,1773,17158.04073,6795.95927,22181,1.399311842,5.363601964,0.396080146
Mexico,Mexico,0,24-01-2022,30-01-2022,7,2022,4,126705138,32740,2710,16820.37406,15919.62594,30030,2.138824078,12.56430969,0.946448984
Mexico,Mexico,0,31-01-2022,06-02-2022,7,2022,5,126705138,27410,3653,16718.54073,10691.45927,23757,2.883071719,8.438062922,0.639497157
Mexico,Mexico,0,07-02-2022,13-02-2022,7,2022,6,126705138,23072,3151,16807.37406,6264.625936,19921,2.486876262,4.944255644,0.372730797
Mexico,Mexico,0,14-02-2022,20-02-2022,7,2022,7,126705138,20334,2991,16428.37406,3905.625936,17343,2.360598826,3.082452691,0.237736609
Mexico,Mexico,0,21-02-2022,27-02-2022,7,2022,8,126705138,17523,2398,16126.7074,1396.292603,15125,1.892583077,1.102001564,0.086582622
Mexico,Mexico,0,28-02-2022,06-03-2022,7,2022,9,126705138,15782,1773,16047.22303,-265.2230337,14009,1.399311842,-0.20932303,-0.016527659
Mexico,Mexico,0,07-03-2022,13-03-2022,7,2022,10,126705138,15247,1244,15681.22303,-434.2230337,14003,0.981807068,-0.342703572,-0.027690636
Mexico,Mexico,0,14-03-2022,20-03-2022,7,2022,11,126705138,14549,969,15401.22303,-852.2230337,13580,0.764767724,-0.672603374,-0.055334763
Mexico,Mexico,0,21-03-2022,27-03-2022,7,2022,12,126705138,13607,678,15326.42303,-1719.423034,12929,0.535100637,-1.357027079,-0.112186844
Mexico,Mexico,0,28-03-2022,03-04-2022,7,2022,13,126705138,13878,473,15033.42303,-1155.423034,13405,0.373307671,-0.911899116,-0.076856949
Mexico,Mexico,0,04-04-2022,10-04-2022,7,2022,14,126705138,13140,502,15114.42303,-1974.423034,12638,0.396195457,-1.558281744,-0.130631717
Mexico,Mexico,0,11-04-2022,17-04-2022,7,2022,15,126705138,12984,219,14745.82303,-1761.823034,12765,0.172842241,-1.3904906,-0.119479464
Mexico,Mexico,0,18-04-2022,24-04-2022,7,2022,16,126705138,13077,185,14611.82303,-1534.823034,12892,0.146008286,-1.211334487,-0.105039804
Mexico,Mexico,0,25-04-2022,01-05-2022,7,2022,17,126705138,12154,205,14782.22303,-2628.223034,11949,0.161792965,-2.074282918,-0.177796197
Mexico,Mexico,0,02-05-2022,08-05-2022,7,2022,18,126705138,12876,16,14705.82303,-1829.823034,12860,0.012627744,-1.444158511,-0.124428468
Mexico,Mexico,0,09-05-2022,15-05-2022,7,2022,19,126705138,13065,131,14654.02303,-1589.023034,12934,0.103389651,-1.254110969,-0.108435959
Montenegro,Montenegro,0,30-12-2019,05-01-2020,7,2020,1,627859,86,0,141.1055712,-55.10557116,86,0,-8.776743052,-0.390527254
Montenegro,Montenegro,0,06-01-2020,12-01-2020,7,2020,2,627859,119,0,145.9389045,-26.93890449,119,0,-4.290597808,-0.184590289
Montenegro,Montenegro,0,13-01-2020,19-01-2020,7,2020,3,627859,145,0,151.4389045,-6.438904494,145,0,-1.025533519,-0.042518166
Montenegro,Montenegro,0,20-01-2020,26-01-2020,7,2020,4,627859,133,0,142.9389045,-9.938904494,133,0,-1.582983519,-0.069532536
Montenegro,Montenegro,0,27-01-2020,02-02-2020,7,2020,5,627859,139,0,146.6055712,-7.605571161,139,0,-1.211350185,-0.051877777
Montenegro,Montenegro,0,03-02-2020,09-02-2020,7,2020,6,627859,150,0,136.7722378,13.22776217,150,0,2.106804581,0.096713795
Montenegro,Montenegro,0,10-02-2020,16-02-2020,7,2020,7,627859,130,0,129.1055712,0.894428839,130,0,0.142456959,0.006927887
Montenegro,Montenegro,0,17-02-2020,23-02-2020,7,2020,8,627859,142,0,146.4389045,-4.438904494,142,0,-0.706990661,-0.030312331
Montenegro,Montenegro,0,24-02-2020,01-03-2020,7,2020,9,627859,119,0,142.3266854,-23.32668539,119,0,-3.715274511,-0.163895374
Montenegro,Montenegro,0,02-03-2020,08-03-2020,7,2020,10,627859,141,0,139.9266854,1.073314607,141,0,0.170948351,0.00767055
Montenegro,Montenegro,0,09-03-2020,15-03-2020,7,2020,11,627859,113,0,121.5266854,-8.526685393,113,0,-1.358057365,-0.07016307
Montenegro,Montenegro,0,16-03-2020,22-03-2020,7,2020,12,627859,126,0,132.3266854,-6.326685393,126,0,-1.007660222,-0.047811108
Montenegro,Montenegro,0,23-03-2020,29-03-2020,7,2020,13,627859,150,1,117.9266854,32.07331461,149,0.159271429,5.108362643,0.271976733
Montenegro,Montenegro,0,30-03-2020,05-04-2020,7,2020,14,627859,118,1,137.3266854,-19.32668539,117,0.159271429,-3.078188796,-0.140735104
Montenegro,Montenegro,0,06-04-2020,12-04-2020,7,2020,15,627859,123,1,120.1266854,2.873314607,122,0.159271429,0.457636923,0.023919037
Montenegro,Montenegro,0,13-04-2020,19-04-2020,7,2020,16,627859,113,2,118.5266854,-5.526685393,111,0.318542858,-0.880243079,-0.046628195
Montenegro,Montenegro,0,20-04-2020,26-04-2020,7,2020,17,627859,101,2,125.1266854,-24.12668539,99,0.318542858,-3.842691654,-0.192818065
Montenegro,Montenegro,0,27-04-2020,03-05-2020,7,2020,18,627859,112,1,121.9266854,-9.926685393,111,0.159271429,-1.581037366,-0.081415199
Montenegro,Montenegro,0,04-05-2020,10-05-2020,7,2020,19,627859,95,1,110.5266854,-15.52668539,94,0.159271429,-2.472957367,-0.140479065
Montenegro,Montenegro,0,11-05-2020,17-05-2020,7,2020,20,627859,115,0,111.1266854,3.873314607,115,0,0.616908352,0.034854946
Montenegro,Montenegro,0,18-05-2020,24-05-2020,7,2020,21,627859,113,0,112.1266854,0.873314607,113,0,0.139094065,0.007788642
Montenegro,Montenegro,0,25-05-2020,31-05-2020,7,2020,22,627859,115,0,111.1266854,3.873314607,115,0,0.616908352,0.034854946
Montenegro,Montenegro,0,01-06-2020,07-06-2020,7,2020,23,627859,112,0,122.5266854,-10.52668539,112,0,-1.676600223,-0.08591341
Montenegro,Montenegro,0,08-06-2020,14-06-2020,7,2020,24,627859,113,0,122.7266854,-9.726685393,113,0,-1.54918308,-0.079254853
Montenegro,Montenegro,0,15-06-2020,21-06-2020,7,2020,25,627859,101,0,116.1266854,-15.12668539,101,0,-2.409248795,-0.130260201
Montenegro,Montenegro,0,22-06-2020,28-06-2020,7,2020,26,627859,115,2,119.7266854,-4.726685393,113,0.318542858,-0.752825936,-0.039478963
Montenegro,Montenegro,0,29-06-2020,05-07-2020,7,2020,27,627859,154,3,112.1266854,41.87331461,151,0.477814286,6.669222645,0.373446468
Montenegro,Montenegro,0,06-07-2020,12-07-2020,7,2020,28,627859,137,9,115.1266854,21.87331461,128,1.433442859,3.483794069,0.189993437
Montenegro,Montenegro,0,13-07-2020,19-07-2020,7,2020,29,627859,146,9,114.3266854,31.67331461,137,1.433442859,5.044654071,0.277042184
Montenegro,Montenegro,0,20-07-2020,26-07-2020,7,2020,30,627859,156,11,130.7266854,25.27331461,145,1.751985717,4.025316927,0.193329423
Montenegro,Montenegro,0,27-07-2020,02-08-2020,7,2020,31,627859,151,8,120.5266854,30.47331461,143,1.27417143,4.853528357,0.252834586
Montenegro,Montenegro,0,03-08-2020,09-08-2020,7,2020,32,627859,131,13,123.9266854,7.073314607,118,2.070528574,1.126576924,0.057076606
Montenegro,Montenegro,0,10-08-2020,16-08-2020,7,2020,33,627859,112,13,110.1266854,1.873314607,99,2.070528574,0.298365494,0.017010542
Montenegro,Montenegro,0,17-08-2020,23-08-2020,7,2020,34,627859,137,7,111.1266854,25.87331461,130,1.114900001,4.120879785,0.232827196
Montenegro,Montenegro,0,24-08-2020,30-08-2020,7,2020,35,627859,139,14,106.5266854,32.47331461,125,2.229800003,5.172071215,0.30483737
Montenegro,Montenegro,0,31-08-2020,06-09-2020,7,2020,36,627859,148,10,120.9266854,27.07331461,138,1.592714288,4.312005499,0.223882053
Montenegro,Montenegro,0,07-09-2020,13-09-2020,7,2020,37,627859,124,12,109.5266854,14.47331461,112,1.911257145,2.305185497,0.132144185
Montenegro,Montenegro,0,14-09-2020,20-09-2020,7,2020,38,627859,131,16,115.1266854,15.87331461,115,2.54834286,2.528165497,0.137876936
Montenegro,Montenegro,0,21-09-2020,27-09-2020,7,2020,39,627859,154,22,114.9266854,39.07331461,132,3.503971433,6.223262644,0.3399847
Montenegro,Montenegro,0,28-09-2020,04-10-2020,7,2020,40,627859,149,21,126.9266854,22.07331461,128,3.344700004,3.515648355,0.173906019
Montenegro,Montenegro,0,05-10-2020,11-10-2020,7,2020,41,627859,147,23,117.9266854,29.07331461,124,3.663242862,4.630548357,0.246537198
Montenegro,Montenegro,0,12-10-2020,18-10-2020,7,2020,42,627859,159,34,117.3266854,41.67331461,125,5.415228578,6.637368359,0.35519042
Montenegro,Montenegro,0,19-10-2020,25-10-2020,7,2020,43,627859,183,30,118.7266854,64.27331461,153,4.778142863,10.23690265,0.541355251
Montenegro,Montenegro,0,26-10-2020,01-11-2020,7,2020,44,627859,176,47,120.9266854,55.07331461,129,7.485757152,8.771605505,0.455427306
Montenegro,Montenegro,0,02-11-2020,08-11-2020,7,2020,45,627859,174,24,122.5266854,51.47331461,150,3.822514291,8.198228361,0.420098809
Montenegro,Montenegro,0,09-11-2020,15-11-2020,7,2020,46,627859,164,54,125.7266854,38.27331461,110,8.600657154,6.095845501,0.304416795
Montenegro,Montenegro,0,16-11-2020,22-11-2020,7,2020,47,627859,200,48,124.7266854,75.27331461,152,7.645028581,11.98888837,0.603506093
Montenegro,Montenegro,0,23-11-2020,29-11-2020,7,2020,48,627859,169,48,122.1266854,46.87331461,121,7.645028581,7.465579789,0.383808948
Montenegro,Montenegro,0,30-11-2020,06-12-2020,7,2020,49,627859,167,46,127.1266854,39.87331461,121,7.326485724,6.350679787,0.313650234
Montenegro,Montenegro,0,07-12-2020,13-12-2020,7,2020,50,627859,163,49,138.3266854,24.67331461,114,7.80430001,3.92975407,0.178369882
Montenegro,Montenegro,0,14-12-2020,20-12-2020,7,2020,51,627859,196,44,149.9266854,46.07331461,152,7.007942866,7.338162646,0.307305631
Montenegro,Montenegro,0,21-12-2020,27-12-2020,7,2020,52,627859,192,40,140.1266854,51.87331461,152,6.370857151,8.261936933,0.370188694
Montenegro,Montenegro,0,28-12-2020,03-01-2021,7,2020,53,627859,240,23,137.9185393,102.0814607,217,3.663242862,16.25866009,0.740157641
Montenegro,Montenegro,0,04-01-2021,10-01-2021,7,2021,1,627859,199,36,141.481133,57.51886704,163,5.733771436,9.161112135,0.406547967
Montenegro,Montenegro,0,11-01-2021,17-01-2021,7,2021,2,627859,178,20,146.3144663,31.68553371,158,3.185428576,5.046600225,0.216557764
Montenegro,Montenegro,0,18-01-2021,24-01-2021,7,2021,3,627859,194,23,151.8144663,42.18553371,171,3.663242862,6.718950227,0.277875585
Montenegro,Montenegro,0,25-01-2021,31-01-2021,7,2021,4,627859,173,37,143.3144663,29.68553371,136,5.893042865,4.728057368,0.20713564
Montenegro,Montenegro,0,01-02-2021,07-02-2021,7,2021,5,627859,203,33,146.981133,56.01886704,170,5.25595715,8.922204992,0.381129645
Montenegro,Montenegro,0,08-02-2021,14-02-2021,7,2021,6,627859,205,52,137.1477996,67.85220037,153,8.282114296,10.8069169,0.494737798
Montenegro,Montenegro,0,15-02-2021,21-02-2021,7,2021,7,627859,211,60,129.481133,81.51886704,151,9.556285727,12.98362643,0.629581045
Montenegro,Montenegro,0,22-02-2021,28-02-2021,7,2021,8,627859,220,53,146.8144663,73.18553371,167,8.441385725,11.65636452,0.498489935
Montenegro,Montenegro,0,01-03-2021,07-03-2021,7,2021,9,627859,220,64,142.7022472,77.29775281,156,10.19337144,12.31132353,0.541671588
Montenegro,Montenegro,0,08-03-2021,14-03-2021,7,2021,10,627859,212,62,140.3022472,71.69775281,150,9.874828584,11.41940353,0.511023553
Montenegro,Montenegro,0,15-03-2021,21-03-2021,7,2021,11,627859,231,70,121.9022472,109.0977528,161,11.14900001,17.37615497,0.894960965
Montenegro,Montenegro,0,22-03-2021,28-03-2021,7,2021,12,627859,184,46,132.7022472,51.29775281,138,7.326485724,8.170266383,0.386562804
Montenegro,Montenegro,0,29-03-2021,04-04-2021,7,2021,13,627859,222,60,118.3022472,103.6977528,162,9.556285727,16.51608925,0.876549307
Montenegro,Montenegro,0,05-04-2021,11-04-2021,7,2021,14,627859,197,68,137.7022472,59.29775281,129,10.83045716,9.444437813,0.430622986
Montenegro,Montenegro,0,12-04-2021,18-04-2021,7,2021,15,627859,186,56,120.5022472,65.49775281,130,8.919200011,10.43192067,0.543539679
Montenegro,Montenegro,0,19-04-2021,25-04-2021,7,2021,16,627859,193,36,118.9022472,74.09775281,157,5.733771436,11.80165496,0.623182106
Montenegro,Montenegro,0,26-04-2021,02-05-2021,7,2021,17,627859,188,40,125.5022472,62.49775281,148,6.370857151,9.954106385,0.497981145
Montenegro,Montenegro,0,03-05-2021,09-05-2021,7,2021,18,627859,154,35,122.3022472,31.69775281,119,5.574500007,5.048546379,0.259175555
Montenegro,Montenegro,0,10-05-2021,16-05-2021,7,2021,19,627859,166,21,110.9022472,55.09775281,145,3.344700004,8.775497812,0.496813673
Montenegro,Montenegro,0,17-05-2021,23-05-2021,7,2021,20,627859,156,13,111.5022472,44.49775281,143,2.070528574,7.087220667,0.399074942
Montenegro,Montenegro,0,24-05-2021,30-05-2021,7,2021,21,627859,110,9,112.5022472,-2.502247191,101,1.433442859,-0.398536485,-0.022241753
Montenegro,Montenegro,0,31-05-2021,06-06-2021,7,2021,22,627859,143,9,111.5022472,31.49775281,134,1.433442859,5.016692093,0.282485363
Montenegro,Montenegro,0,07-06-2021,13-06-2021,7,2021,23,627859,96,9,122.9022472,-26.90224719,87,1.433442859,-4.284759347,-0.218891418
Montenegro,Montenegro,0,14-06-2021,20-06-2021,7,2021,24,627859,136,4,123.1022472,12.89775281,132,0.637085715,2.054243518,0.104772684
Montenegro,Montenegro,0,21-06-2021,27-06-2021,7,2021,25,627859,124,4,116.5022472,7.497752809,120,0.637085715,1.194177802,0.064357152
Montenegro,Montenegro,0,28-06-2021,04-07-2021,7,2021,26,627859,131,6,120.1022472,10.89775281,125,0.955628573,1.73570066,0.090737293
Montenegro,Montenegro,0,05-07-2021,11-07-2021,7,2021,27,627859,137,5,112.5022472,24.49775281,132,0.796357144,3.901792092,0.217753453
Montenegro,Montenegro,0,12-07-2021,18-07-2021,7,2021,28,627859,116,3,115.5022472,0.497752809,113,0.477814286,0.079277801,0.004309464
Montenegro,Montenegro,0,19-07-2021,25-07-2021,7,2021,29,627859,130,1,114.7022472,15.29775281,129,0.159271429,2.436494947,0.133369251
Montenegro,Montenegro,0,26-07-2021,01-08-2021,7,2021,30,627859,147,6,131.1022472,15.89775281,141,0.955628573,2.532057804,0.121262245
Montenegro,Montenegro,0,02-08-2021,08-08-2021,7,2021,31,627859,136,5,120.9022472,15.09775281,131,0.796357144,2.404640661,0.1248757
Montenegro,Montenegro,0,09-08-2021,15-08-2021,7,2021,32,627859,182,9,124.3022472,57.69775281,173,1.433442859,9.189603527,0.464173047
Montenegro,Montenegro,0,16-08-2021,22-08-2021,7,2021,33,627859,167,27,110.5022472,56.49775281,140,4.300328577,8.998477813,0.511281483
Montenegro,Montenegro,0,23-08-2021,29-08-2021,7,2021,34,627859,177,45,111.5022472,65.49775281,132,7.167214295,10.43192067,0.587411953
Montenegro,Montenegro,0,30-08-2021,05-09-2021,7,2021,35,627859,168,41,106.9022472,61.09775281,127,6.53012858,9.731126385,0.571529172
Montenegro,Montenegro,0,06-09-2021,12-09-2021,7,2021,36,627859,176,43,121.3022472,54.69775281,133,6.848671437,8.711789241,0.450921183
Montenegro,Montenegro,0,13-09-2021,19-09-2021,7,2021,37,627859,190,49,109.9022472,80.09775281,141,7.80430001,12.75728353,0.728809054
Montenegro,Montenegro,0,20-09-2021,26-09-2021,7,2021,38,627859,185,46,115.5022472,69.49775281,139,7.326485724,11.06900639,0.601700439
Montenegro,Montenegro,0,27-09-2021,03-10-2021,7,2021,39,627859,184,39,115.3022472,68.69775281,145,6.211585722,10.94158924,0.595805845
Montenegro,Montenegro,0,04-10-2021,10-10-2021,7,2021,40,627859,171,52,127.3022472,43.69775281,119,8.282114296,6.959803524,0.34325987
Montenegro,Montenegro,0,11-10-2021,17-10-2021,7,2021,41,627859,198,37,118.3022472,79.69775281,161,5.893042865,12.69357496,0.673679112
Montenegro,Montenegro,0,18-10-2021,24-10-2021,7,2021,42,627859,166,42,117.7022472,48.29775281,124,6.689400009,7.692452097,0.410338409
Montenegro,Montenegro,0,25-10-2021,31-10-2021,7,2021,43,627859,189,38,119.1022472,69.89775281,151,6.052314293,11.13271496,0.586871822
Netherlands,Netherlands,0,30-12-2019,05-01-2020,7,2020,1,17501696,3103,0,3298.236657,-195.2366573,3103,0,-1.115529931,-0.059194254
Netherlands,Netherlands,0,06-01-2020,12-01-2020,7,2020,2,17501696,3364,0,3401.569991,-37.56999064,3364,0,-0.214664857,-0.011044897
Netherlands,Netherlands,0,13-01-2020,19-01-2020,7,2020,3,17501696,3157,0,3314.069991,-157.0699906,3157,0,-0.897455827,-0.047394892
Netherlands,Netherlands,0,20-01-2020,26-01-2020,7,2020,4,17501696,3046,0,3334.569991,-288.5699906,3046,0,-1.648811582,-0.086538892
Netherlands,Netherlands,0,27-01-2020,02-02-2020,7,2020,5,17501696,3164,0,3332.236657,-168.2366573,3164,0,-0.961259168,-0.050487608
Netherlands,Netherlands,0,03-02-2020,09-02-2020,7,2020,6,17501696,3196,0,3321.069991,-125.0699906,3196,0,-0.714616404,-0.037659547
Netherlands,Netherlands,0,10-02-2020,16-02-2020,7,2020,7,17501696,3198,0,3357.736657,-159.7366573,3198,0,-0.912692446,-0.047572717
Netherlands,Netherlands,0,17-02-2020,23-02-2020,7,2020,8,17501696,2959,0,3363.569991,-404.5699906,2959,0,-2.31160449,-0.120279938
Netherlands,Netherlands,0,24-02-2020,01-03-2020,7,2020,9,17501696,3098,0,3365.283989,-267.2839888,3098,0,-1.527189072,-0.079423903
Netherlands,Netherlands,0,02-03-2020,08-03-2020,7,2020,10,17501696,3107,3,3395.083989,-288.0839888,3104,0.017141196,-1.646034697,-0.084853273
Netherlands,Netherlands,0,09-03-2020,15-03-2020,7,2020,11,17501696,3218,17,3247.283989,-29.28398876,3201,0.097133444,-0.167320863,-0.009017994
Netherlands,Netherlands,0,16-03-2020,22-03-2020,7,2020,12,17501696,3614,159,3123.483989,490.5160112,3455,0.908483384,2.802677016,0.157041308
Netherlands,Netherlands,0,23-03-2020,29-03-2020,7,2020,13,17501696,4458,592,3098.483989,1359.516011,3866,3.382529327,7.7679101,0.438768125
Netherlands,Netherlands,0,30-03-2020,05-04-2020,7,2020,14,17501696,5085,999,2967.483989,2117.516011,4086,5.70801824,12.09891893,0.713572851
Netherlands,Netherlands,0,06-04-2020,12-04-2020,7,2020,15,17501696,4982,976,2902.083989,2079.916011,4006,5.576602405,11.88408261,0.716697387
Netherlands,Netherlands,0,13-04-2020,19-04-2020,7,2020,16,17501696,4308,948,2888.083989,1419.916011,3360,5.416617909,8.113019511,0.491646371
Netherlands,Netherlands,0,20-04-2020,26-04-2020,7,2020,17,17501696,3910,794,2851.683989,1058.316011,3116,4.536703186,6.04693403,0.371119667
Netherlands,Netherlands,0,27-04-2020,03-05-2020,7,2020,18,17501696,3383,581,2786.683989,596.3160112,2802,3.319678276,3.407189859,0.213987669
Netherlands,Netherlands,0,04-05-2020,10-05-2020,7,2020,19,17501696,2989,386,2838.883989,150.1160112,2603,2.205500541,0.857722653,0.05287853
Netherlands,Netherlands,0,11-05-2020,17-05-2020,7,2020,20,17501696,2777,240,2780.283989,-3.283988764,2537,1.371295673,-0.018763832,-0.00118117
Netherlands,Netherlands,0,18-05-2020,24-05-2020,7,2020,21,17501696,2770,142,2776.083989,-6.083988764,2628,0.81134994,-0.034762281,-0.002191572
Netherlands,Netherlands,0,25-05-2020,31-05-2020,7,2020,22,17501696,2732,134,2767.283989,-35.28398876,2598,0.765640084,-0.201603255,-0.012750404
Netherlands,Netherlands,0,01-06-2020,07-06-2020,7,2020,23,17501696,2682,57,2700.683989,-18.68398876,2625,0.325682722,-0.106755304,-0.006918243
Netherlands,Netherlands,0,08-06-2020,14-06-2020,7,2020,24,17501696,2689,46,2686.283989,2.716011236,2643,0.262831671,0.01551856,0.001011066
Netherlands,Netherlands,0,15-06-2020,21-06-2020,7,2020,25,17501696,2696,31,2672.883989,23.11601124,2665,0.177125691,0.132078692,0.008648341
Netherlands,Netherlands,0,22-06-2020,28-06-2020,7,2020,26,17501696,2659,15,2717.083989,-58.08398876,2644,0.08570598,-0.331876344,-0.021377325
Netherlands,Netherlands,0,29-06-2020,05-07-2020,7,2020,27,17501696,2638,22,2795.083989,-157.0839888,2616,0.125702103,-0.897535809,-0.056200096
Netherlands,Netherlands,0,06-07-2020,12-07-2020,7,2020,28,17501696,2619,11,2690.483989,-71.48398876,2608,0.062851052,-0.408440352,-0.026569193
Netherlands,Netherlands,0,13-07-2020,19-07-2020,7,2020,29,17501696,2528,3,2713.483989,-185.4839888,2525,0.017141196,-1.059805797,-0.068356397
Netherlands,Netherlands,0,20-07-2020,26-07-2020,7,2020,30,17501696,2673,23,2743.483989,-70.48398876,2650,0.131415835,-0.40272662,-0.025691416
Netherlands,Netherlands,0,27-07-2020,02-08-2020,7,2020,31,17501696,2666,9,2655.683989,10.31601124,2657,0.051423588,0.058942923,0.003884503
Netherlands,Netherlands,0,03-08-2020,09-08-2020,7,2020,32,17501696,2642,9,2684.083989,-42.08398876,2633,0.051423588,-0.240456632,-0.015679088
Netherlands,Netherlands,0,10-08-2020,16-08-2020,7,2020,33,17501696,3209,15,2628.283989,580.7160112,3194,0.08570598,3.31805564,0.220948731
Netherlands,Netherlands,0,17-08-2020,23-08-2020,7,2020,34,17501696,2856,28,2657.683989,198.3160112,2828,0.159984495,1.133124534,0.074619862
Netherlands,Netherlands,0,24-08-2020,30-08-2020,7,2020,35,17501696,2735,24,2658.483989,76.51601124,2711,0.137129567,0.43719198,0.028781821
Netherlands,Netherlands,0,31-08-2020,06-09-2020,7,2020,36,17501696,2692,21,2623.483989,68.51601124,2671,0.119988371,0.391482124,0.026116421
Netherlands,Netherlands,0,07-09-2020,13-09-2020,7,2020,37,17501696,2742,11,2699.483989,42.51601124,2731,0.062851052,0.242925093,0.015749681
Netherlands,Netherlands,0,14-09-2020,20-09-2020,7,2020,38,17501696,2721,26,2682.683989,38.31601124,2695,0.148557031,0.218927418,0.014282715
Netherlands,Netherlands,0,21-09-2020,27-09-2020,7,2020,39,17501696,2891,97,2750.883989,140.1160112,2794,0.554232001,0.800585333,0.050934904
Netherlands,Netherlands,0,28-09-2020,04-10-2020,7,2020,40,17501696,3002,80,2775.883989,226.1160112,2922,0.457098558,1.291966283,0.081457299
Netherlands,Netherlands,0,05-10-2020,11-10-2020,7,2020,41,17501696,3022,130,2869.483989,152.5160112,2892,0.742785156,0.87143561,0.053151024
Netherlands,Netherlands,0,12-10-2020,18-10-2020,7,2020,42,17501696,3222,167,2813.083989,408.9160112,3055,0.954193239,2.336436487,0.145362176
Netherlands,Netherlands,0,19-10-2020,25-10-2020,7,2020,43,17501696,3448,295,2856.483989,591.5160112,3153,1.685550932,3.379763945,0.207078357
Netherlands,Netherlands,0,26-10-2020,01-11-2020,7,2020,44,17501696,3687,388,2847.883989,839.1160112,3299,2.216928005,4.794483982,0.294645433
Netherlands,Netherlands,0,02-11-2020,08-11-2020,7,2020,45,17501696,3589,571,2900.283989,688.7160112,3018,3.262540956,3.935138693,0.237465025
Netherlands,Netherlands,0,09-11-2020,15-11-2020,7,2020,46,17501696,3580,483,2905.083989,674.9160112,3097,2.759732542,3.856289192,0.232322375
Netherlands,Netherlands,0,16-11-2020,22-11-2020,7,2020,47,17501696,3335,406,2959.683989,375.3160112,2929,2.319775181,2.144455093,0.126809488
Netherlands,Netherlands,0,23-11-2020,29-11-2020,7,2020,48,17501696,3405,458,2958.683989,446.3160112,2947,2.616889243,2.550130063,0.150849504
Netherlands,Netherlands,0,30-11-2020,06-12-2020,7,2020,49,17501696,3530,339,3019.883989,510.1160112,3191,1.936955139,2.914666163,0.168919075
Netherlands,Netherlands,0,07-12-2020,13-12-2020,7,2020,50,17501696,3615,361,3132.483989,482.5160112,3254,2.062657242,2.75696716,0.154036226
Netherlands,Netherlands,0,14-12-2020,20-12-2020,7,2020,51,17501696,3909,443,3121.283989,787.7160112,3466,2.531183264,4.500798158,0.252369222
Netherlands,Netherlands,0,21-12-2020,27-12-2020,7,2020,52,17501696,3867,507,3064.083989,802.9160112,3360,2.89686211,4.587646884,0.262041124
Netherlands,Netherlands,0,28-12-2020,03-01-2021,7,2020,53,17501696,4077,615,3055.148876,1021.851124,3462,3.513945163,5.838583436,0.33446852
Netherlands,Netherlands,0,04-01-2021,10-01-2021,7,2021,1,17501696,4144,749,3316.73132,827.2686798,3395,4.279585247,4.726791505,0.249422881
Netherlands,Netherlands,0,11-01-2021,17-01-2021,7,2021,2,17501696,3852,645,3420.064654,431.9353464,3207,3.685357122,2.467962799,0.126294497
Netherlands,Netherlands,0,18-01-2021,24-01-2021,7,2021,3,17501696,3862,534,3332.564654,529.4353464,3328,3.051132873,3.025051666,0.158867239
Netherlands,Netherlands,0,25-01-2021,31-01-2021,7,2021,4,17501696,3716,458,3353.064654,362.9353464,3258,2.616889243,2.073715293,0.108239889
Netherlands,Netherlands,0,01-02-2021,07-02-2021,7,2021,5,17501696,3654,405,3350.73132,303.2686798,3249,2.314061449,1.732795952,0.090508206
Netherlands,Netherlands,0,08-02-2021,14-02-2021,7,2021,6,17501696,3550,413,3339.564654,210.4353464,3137,2.359771304,1.202371167,0.063012808
Netherlands,Netherlands,0,15-02-2021,21-02-2021,7,2021,7,17501696,3528,401,3376.23132,151.7686798,3127,2.291206521,0.867165558,0.044952098
Netherlands,Netherlands,0,22-02-2021,28-02-2021,7,2021,8,17501696,3207,346,3382.064654,-175.0646536,2861,1.976951262,-1.000272508,-0.051762657
Netherlands,Netherlands,0,01-03-2021,07-03-2021,7,2021,9,17501696,3105,270,3383.778652,-278.7786517,2835,1.542707632,-1.592866495,-0.082386787
Netherlands,Netherlands,0,08-03-2021,14-03-2021,7,2021,10,17501696,3245,236,3413.578652,-168.5786517,3009,1.348440745,-0.963213232,-0.049384728
Netherlands,Netherlands,0,15-03-2021,21-03-2021,7,2021,11,17501696,3043,206,3265.778652,-222.7786517,2837,1.177028786,-1.272897505,-0.06821609
Netherlands,Netherlands,0,22-03-2021,28-03-2021,7,2021,12,17501696,3045,190,3141.978652,-96.97865169,2855,1.085609075,-0.554110023,-0.030865471
Netherlands,Netherlands,0,29-03-2021,04-04-2021,7,2021,13,17501696,3178,157,3116.978652,61.02134831,3021,0.89705592,0.348659629,0.019577083
Netherlands,Netherlands,0,05-04-2021,11-04-2021,7,2021,14,17501696,3164,149,2985.978652,178.0213483,3015,0.851346064,1.01716627,0.059619096
Netherlands,Netherlands,0,12-04-2021,18-04-2021,7,2021,15,17501696,3141,145,2920.578652,220.4213483,2996,0.828491136,1.259428505,0.075471807
Netherlands,Netherlands,0,19-04-2021,25-04-2021,7,2021,16,17501696,3145,133,2906.578652,238.4213483,3012,0.759926352,1.362275681,0.082028177
Netherlands,Netherlands,0,26-04-2021,02-05-2021,7,2021,17,17501696,3125,123,2870.178652,254.8213483,3002,0.702789033,1.455980885,0.0887824
Netherlands,Netherlands,0,03-05-2021,09-05-2021,7,2021,18,17501696,3003,151,2805.178652,197.8213483,2852,0.862773528,1.130298163,0.070520053
Netherlands,Netherlands,0,10-05-2021,16-05-2021,7,2021,19,17501696,3018,126,2857.378652,160.6213483,2892,0.719930228,0.917747333,0.056212833
Netherlands,Netherlands,0,17-05-2021,23-05-2021,7,2021,20,17501696,2989,95,2798.778652,190.2213483,2894,0.542804537,1.0868738,0.067965842
Netherlands,Netherlands,0,24-05-2021,30-05-2021,7,2021,21,17501696,2806,78,2794.578652,11.42134831,2728,0.445671094,0.065258523,0.004086966
Netherlands,Netherlands,0,31-05-2021,06-06-2021,7,2021,22,17501696,3009,58,2785.778652,223.2213483,2951,0.331396454,1.275426955,0.080128889
Netherlands,Netherlands,0,07-06-2021,13-06-2021,7,2021,23,17501696,2884,35,2719.178652,164.8213483,2849,0.199980619,0.941745008,0.060614387
Netherlands,Netherlands,0,14-06-2021,20-06-2021,7,2021,24,17501696,2871,16,2704.778652,166.2213483,2855,0.091419712,0.949744232,0.061454695
Netherlands,Netherlands,0,21-06-2021,27-06-2021,7,2021,25,17501696,2675,16,2691.378652,-16.37865169,2659,0.091419712,-0.093583226,-0.006085599
Netherlands,Netherlands,0,28-06-2021,04-07-2021,7,2021,26,17501696,2793,15,2735.578652,57.42134831,2778,0.08570598,0.328090194,0.020990567
Netherlands,Netherlands,0,05-07-2021,11-07-2021,7,2021,27,17501696,2838,10,2813.578652,24.42134831,2828,0.05713732,0.139537039,0.008679817
Netherlands,Netherlands,0,12-07-2021,18-07-2021,7,2021,28,17501696,2872,11,2708.978652,163.0213483,2861,0.062851052,0.93146029,0.060178159
Netherlands,Netherlands,0,19-07-2021,25-07-2021,7,2021,29,17501696,2776,24,2731.978652,44.02134831,2752,0.137129567,0.251526185,0.016113357
Netherlands,Netherlands,0,26-07-2021,01-08-2021,7,2021,30,17501696,2913,29,2761.978652,151.0213483,2884,0.165698227,0.862895506,0.054678681
Netherlands,Netherlands,0,02-08-2021,08-08-2021,7,2021,31,17501696,2959,40,2674.178652,284.8213483,2919,0.228549279,1.627392844,0.106507973
Netherlands,Netherlands,0,09-08-2021,15-08-2021,7,2021,32,17501696,2840,46,2702.578652,137.4213483,2794,0.262831671,0.785188752,0.050848233
Netherlands,Netherlands,0,16-08-2021,22-08-2021,7,2021,33,17501696,2899,46,2646.778652,252.2213483,2853,0.262831671,1.441125182,0.095293707
Netherlands,Netherlands,0,23-08-2021,29-08-2021,7,2021,34,17501696,2929,50,2676.178652,252.8213483,2879,0.285686599,1.444553421,0.094471028
Netherlands,Netherlands,0,30-08-2021,05-09-2021,7,2021,35,17501696,2860,49,2676.978652,183.0213483,2811,0.279972867,1.045734929,0.068368625
Netherlands,Netherlands,0,06-09-2021,12-09-2021,7,2021,36,17501696,3090,31,2641.978652,448.0213483,3059,0.177125691,2.559873902,0.169577959
Netherlands,Netherlands,0,13-09-2021,19-09-2021,7,2021,37,17501696,2918,48,2717.978652,200.0213483,2870,0.274259135,1.142868373,0.07359195
Netherlands,Netherlands,0,20-09-2021,26-09-2021,7,2021,38,17501696,2889,40,2701.178652,187.8213483,2849,0.228549279,1.073160843,0.069533109
Netherlands,Netherlands,0,27-09-2021,03-10-2021,7,2021,39,17501696,3072,35,2769.378652,302.6213483,3037,0.199980619,1.729097273,0.109274096
Netherlands,Netherlands,0,04-10-2021,10-10-2021,7,2021,40,17501696,3070,25,2794.378652,275.6213483,3045,0.142843299,1.57482651,0.098634216
Netherlands,Netherlands,0,11-10-2021,17-10-2021,7,2021,41,17501696,3062,46,2887.978652,174.0213483,3016,0.262831671,0.994311342,0.060257145
Netherlands,Netherlands,0,18-10-2021,24-10-2021,7,2021,42,17501696,3273,70,2831.578652,441.4213483,3203,0.399961238,2.522163271,0.155892314
Netherlands,Netherlands,0,25-10-2021,31-10-2021,7,2021,43,17501696,3385,97,2874.978652,510.0213483,3288,0.554232001,2.914125284,0.177400047
Netherlands,Netherlands,0,01-11-2021,07-11-2021,7,2021,44,17501696,3515,150,2866.378652,648.6213483,3365,0.857059796,3.706048536,0.226285996
Netherlands,Netherlands,0,08-11-2021,14-11-2021,7,2021,45,17501696,3784,173,2918.778652,865.2213483,3611,0.988475631,4.943642881,0.29643267
Netherlands,Netherlands,0,15-11-2021,21-11-2021,7,2021,46,17501696,3994,232,2923.578652,1070.421348,3762,1.325585818,6.116100681,0.366133932
Netherlands,Netherlands,0,22-11-2021,28-11-2021,7,2021,47,17501696,4190,351,2978.178652,1211.821348,3839,2.005519922,6.924022382,0.406900153
Netherlands,Netherlands,0,29-11-2021,05-12-2021,7,2021,48,17501696,4387,351,2977.178652,1409.821348,4036,2.005519922,8.055341313,0.473542744
Netherlands,Netherlands,0,06-12-2021,12-12-2021,7,2021,49,17501696,4364,444,3038.378652,1325.621348,3920,2.536896996,7.574245081,0.436292345
Netherlands,Netherlands,0,13-12-2021,19-12-2021,7,2021,50,17501696,4036,356,3150.978652,885.0213483,3680,2.034088582,5.056774774,0.280871896
Netherlands,Netherlands,0,20-12-2021,26-12-2021,7,2021,51,17501696,3740,248,3139.778652,600.2213483,3492,1.417005529,3.429503908,0.191166772
Netherlands,Netherlands,0,27-12-2021,02-01-2022,7,2021,52,17501696,3644,241,3082.578652,561.4213483,3403,1.377009405,3.207811108,0.182127177
Netherlands,Netherlands,0,03-01-2022,09-01-2022,7,2022,1,17501696,3434,123,3335.225983,98.77401685,3311,0.702789033,0.564368258,0.02961539
Netherlands,Netherlands,0,10-01-2022,16-01-2022,7,2022,2,17501696,3155,75,3438.559316,-283.5593165,3080,0.428529898,-1.620181933,-0.08246457
Netherlands,Netherlands,0,17-01-2022,23-01-2022,7,2022,3,17501696,3190,59,3351.059316,-161.0593165,3131,0.337110186,-0.920249766,-0.04806221
Netherlands,Netherlands,0,24-01-2022,30-01-2022,7,2022,4,17501696,3202,62,3371.559316,-169.5593165,3140,0.354251382,-0.968816488,-0.050291067
Netherlands,Netherlands,0,31-01-2022,06-02-2022,7,2022,5,17501696,3284,62,3369.225983,-85.22598315,3222,0.354251382,-0.486958425,-0.025295419
Netherlands,Netherlands,0,07-02-2022,13-02-2022,7,2022,6,17501696,3252,66,3358.059316,-106.0593165,3186,0.37710631,-0.605994508,-0.031583515
Netherlands,Netherlands,0,14-02-2022,20-02-2022,7,2022,7,17501696,3375,89,3394.725983,-19.72598315,3286,0.508522146,-0.112708981,-0.005810773
Netherlands,Netherlands,0,21-02-2022,27-02-2022,7,2022,8,17501696,3350,65,3400.559316,-50.55931648,3285,0.371392578,-0.288882383,-0.014867941
Netherlands,Netherlands,0,28-02-2022,06-03-2022,7,2022,9,17501696,3231,64,3402.273315,-171.2733146,3167,0.365678846,-0.978609814,-0.050340845
Netherlands,Netherlands,0,07-03-2022,13-03-2022,7,2022,10,17501696,3384,95,3432.073315,-48.07331461,3289,0.542804537,-0.274678035,-0.014007077
Netherlands,Netherlands,0,14-03-2022,20-03-2022,7,2022,11,17501696,3599,86,3284.273315,314.7266854,3513,0.49138095,1.798263925,0.095828409
Netherlands,Netherlands,0,21-03-2022,27-03-2022,7,2022,12,17501696,3627,106,3160.473315,466.5266854,3521,0.605655589,2.665608438,0.147612917
Netherlands,Netherlands,0,28-03-2022,03-04-2022,7,2022,13,17501696,3560,115,3135.473315,424.5266854,3445,0.657079177,2.425631695,0.135394769
Netherlands,Netherlands,0,04-04-2022,10-04-2022,7,2022,14,17501696,3568,85,3004.473315,563.5266854,3483,0.485667218,3.219840439,0.187562553
Netherlands,Netherlands,0,11-04-2022,17-04-2022,7,2022,15,17501696,3511,63,2939.073315,571.9266854,3448,0.359965114,3.267835788,0.194594222
Netherlands,Netherlands,0,18-04-2022,24-04-2022,7,2022,16,17501696,3231,60,2925.073315,305.9266854,3171,0.342823918,1.747983083,0.104587698
Netherlands,Netherlands,0,25-04-2022,01-05-2022,7,2022,17,17501696,3133,32,2888.673315,244.3266854,3101,0.182839423,1.396017194,0.084580933
Netherlands,Netherlands,0,02-05-2022,08-05-2022,7,2022,18,17501696,3117,23,2823.673315,293.3266854,3094,0.131415835,1.675990061,0.10388124
Netherlands,Netherlands,0,09-05-2022,15-05-2022,7,2022,19,17501696,3114,18,2875.873315,238.1266854,3096,0.102847175,1.360592056,0.082801521
Netherlands,Netherlands,0,16-05-2022,22-05-2022,7,2022,20,17501696,3044,13,2817.273315,226.7266854,3031,0.074278516,1.295455511,0.080477348
Netherlands,Netherlands,0,23-05-2022,29-05-2022,7,2022,21,17501696,2910,12,2813.073315,96.92668539,2898,0.068564784,0.553813101,0.034455798
Netherlands,Netherlands,0,30-05-2022,05-06-2022,7,2022,22,17501696,2939,8,2804.273315,134.7266854,2931,0.045709856,0.76979217,0.04804335
Netherlands,Netherlands,0,06-06-2022,12-06-2022,7,2022,23,17501696,2908,6,2737.673315,170.3266854,2902,0.034282392,0.973201028,0.062215855
Netherlands,Netherlands,0,13-06-2022,19-06-2022,7,2022,24,17501696,2990,11,2723.273315,266.7266854,2979,0.062851052,1.52400479,0.097943414
Netherlands,Netherlands,0,20-06-2022,26-06-2022,7,2022,25,17501696,3102,11,2709.873315,392.1266854,3091,0.062851052,2.240506779,0.144702958
Netherlands,Netherlands,0,27-06-2022,03-07-2022,7,2022,26,17501696,3053,27,2754.073315,298.9266854,3026,0.154270763,1.70798696,0.108539843
Netherlands,Netherlands,0,04-07-2022,10-07-2022,7,2022,27,17501696,2965,24,2832.073315,132.9266854,2941,0.137129567,0.759507452,0.046936174
New Zealand,New Zealand,0,30-12-2019,05-01-2020,7,2020,1,5129728,591,0,604.6060393,-13.60603933,591,0,-0.265239001,-0.022503975
New Zealand,New Zealand,0,06-01-2020,12-01-2020,7,2020,2,5129728,581,0,618.4393727,-37.43937266,581,0,-0.72985103,-0.060538469
New Zealand,New Zealand,0,13-01-2020,19-01-2020,7,2020,3,5129728,641,0,617.1060393,23.89396067,641,0,0.465793911,0.038719376
New Zealand,New Zealand,0,20-01-2020,26-01-2020,7,2020,4,5129728,609,0,620.1060393,-11.10603933,609,0,-0.216503474,-0.017909904
New Zealand,New Zealand,0,27-01-2020,02-02-2020,7,2020,5,5129728,615,0,611.6060393,3.393960674,615,0,0.066162586,0.00554926
New Zealand,New Zealand,0,03-02-2020,09-02-2020,7,2020,6,5129728,588,0,602.1060393,-14.10603933,588,0,-0.274986107,-0.023427832
New Zealand,New Zealand,0,10-02-2020,16-02-2020,7,2020,7,5129728,618,0,595.4393727,22.56062734,618,0,0.43980163,0.037889042
New Zealand,New Zealand,0,17-02-2020,23-02-2020,7,2020,8,5129728,622,0,609.272706,12.72729401,622,0,0.248108555,0.020889322
New Zealand,New Zealand,0,24-02-2020,01-03-2020,7,2020,9,5129728,595,0,614.3272472,-19.32724719,595,0,-0.376769435,-0.031460833
New Zealand,New Zealand,0,02-03-2020,08-03-2020,7,2020,10,5129728,611,0,615.5272472,-4.527247191,611,0,-0.088255112,-0.007355072
New Zealand,New Zealand,0,09-03-2020,15-03-2020,7,2020,11,5129728,601,0,625.9272472,-24.92724719,601,0,-0.485937016,-0.039824512
New Zealand,New Zealand,0,16-03-2020,22-03-2020,7,2020,12,5129728,619,0,620.3272472,-1.327247191,619,0,-0.025873637,-0.002139592
New Zealand,New Zealand,0,23-03-2020,29-03-2020,7,2020,13,5129728,613,1,631.7272472,-18.72724719,612,0.019494211,-0.365072908,-0.029644514
New Zealand,New Zealand,0,30-03-2020,05-04-2020,7,2020,14,5129728,628,3,629.1272472,-1.127247191,625,0.058482633,-0.021974795,-0.001791763
New Zealand,New Zealand,0,06-04-2020,12-04-2020,7,2020,15,5129728,651,8,622.9272472,28.07275281,643,0.155953688,0.547256167,0.045065861
New Zealand,New Zealand,0,13-04-2020,19-04-2020,7,2020,16,5129728,663,6,653.9272472,9.072752809,657,0.116965266,0.176866158,0.013874254
New Zealand,New Zealand,0,20-04-2020,26-04-2020,7,2020,17,5129728,633,2,643.5272472,-10.52724719,631,0.038988422,-0.205220378,-0.016358666
New Zealand,New Zealand,0,27-04-2020,03-05-2020,7,2020,18,5129728,561,1,648.9272472,-87.92724719,560,0.019494211,-1.714072309,-0.13549631
New Zealand,New Zealand,0,04-05-2020,10-05-2020,7,2020,19,5129728,629,1,669.5272472,-40.52724719,628,0.019494211,-0.790046708,-0.060531139
New Zealand,New Zealand,0,11-05-2020,17-05-2020,7,2020,20,5129728,617,0,650.3272472,-33.32724719,617,0,-0.649688389,-0.051246887
New Zealand,New Zealand,0,18-05-2020,24-05-2020,7,2020,21,5129728,608,1,674.3272472,-66.32724719,607,0.019494211,-1.292997352,-0.098360622
New Zealand,New Zealand,0,25-05-2020,31-05-2020,7,2020,22,5129728,603,0,698.1272472,-95.12724719,603,0,-1.854430629,-0.136260614
New Zealand,New Zealand,0,01-06-2020,07-06-2020,7,2020,23,5129728,623,0,707.5272472,-84.52724719,623,0,-1.647791992,-0.11946854
New Zealand,New Zealand,0,08-06-2020,14-06-2020,7,2020,24,5129728,643,0,704.5272472,-61.52724719,643,0,-1.199425139,-0.087331253
New Zealand,New Zealand,0,15-06-2020,21-06-2020,7,2020,25,5129728,643,0,718.7272472,-75.72724719,643,0,-1.476242935,-0.105362984
New Zealand,New Zealand,0,22-06-2020,28-06-2020,7,2020,26,5129728,621,0,713.9272472,-92.92724719,621,0,-1.811543364,-0.130163469
New Zealand,New Zealand,0,29-06-2020,05-07-2020,7,2020,27,5129728,618,0,719.9272472,-101.9272472,618,0,-1.986991263,-0.141579927
New Zealand,New Zealand,0,06-07-2020,12-07-2020,7,2020,28,5129728,617,0,741.7272472,-124.7272472,617,0,-2.431459274,-0.168157834
New Zealand,New Zealand,0,13-07-2020,19-07-2020,7,2020,29,5129728,693,0,757.9272472,-64.92724719,693,0,-1.265705456,-0.085664221
New Zealand,New Zealand,0,20-07-2020,26-07-2020,7,2020,30,5129728,683,0,767.3272472,-84.32724719,683,0,-1.64389315,-0.109897371
New Zealand,New Zealand,0,27-07-2020,02-08-2020,7,2020,31,5129728,676,0,769.3272472,-93.32724719,676,0,-1.819341049,-0.121310206
New Zealand,New Zealand,0,03-08-2020,09-08-2020,7,2020,32,5129728,643,0,773.9272472,-130.9272472,643,0,-2.552323382,-0.169172552
New Zealand,New Zealand,0,10-08-2020,16-08-2020,7,2020,33,5129728,634,0,754.7272472,-120.7272472,634,0,-2.35348243,-0.159961427
New Zealand,New Zealand,0,17-08-2020,23-08-2020,7,2020,34,5129728,655,0,724.3272472,-69.32724719,655,0,-1.351479985,-0.095712604
New Zealand,New Zealand,0,24-08-2020,30-08-2020,7,2020,35,5129728,601,2,725.5272472,-124.5272472,599,0.038988422,-2.427560432,-0.171636899
New Zealand,New Zealand,0,31-08-2020,06-09-2020,7,2020,36,5129728,630,0,701.1272472,-71.12724719,630,0,-1.386569565,-0.101446988
New Zealand,New Zealand,0,07-09-2020,13-09-2020,7,2020,37,5129728,624,1,721.1272472,-97.12724719,623,0.019494211,-1.893419051,-0.134688084
New Zealand,New Zealand,0,14-09-2020,20-09-2020,7,2020,38,5129728,605,0,710.5272472,-105.5272472,605,0,-2.057170423,-0.148519635
New Zealand,New Zealand,0,21-09-2020,27-09-2020,7,2020,39,5129728,611,0,684.9272472,-73.92724719,611,0,-1.441153355,-0.107934452
New Zealand,New Zealand,0,28-09-2020,04-10-2020,7,2020,40,5129728,651,0,680.9272472,-29.92724719,651,0,-0.583408071,-0.043950726
New Zealand,New Zealand,0,05-10-2020,11-10-2020,7,2020,41,5129728,609,0,694.5272472,-85.52724719,609,0,-1.667286203,-0.123144553
New Zealand,New Zealand,0,12-10-2020,18-10-2020,7,2020,42,5129728,615,0,651.9272472,-36.92724719,615,0,-0.719867548,-0.056643203
New Zealand,New Zealand,0,19-10-2020,25-10-2020,7,2020,43,5129728,689,0,652.3272472,36.67275281,689,0,0.714906381,0.056218337
New Zealand,New Zealand,0,26-10-2020,01-11-2020,7,2020,44,5129728,584,0,656.9272472,-72.92724719,584,0,-1.421659144,-0.111012669
New Zealand,New Zealand,0,02-11-2020,08-11-2020,7,2020,45,5129728,631,0,649.1272472,-18.12724719,631,0,-0.353376382,-0.027925568
New Zealand,New Zealand,0,09-11-2020,15-11-2020,7,2020,46,5129728,586,0,625.7272472,-39.72724719,586,0,-0.774451339,-0.063489719
New Zealand,New Zealand,0,16-11-2020,22-11-2020,7,2020,47,5129728,612,0,648.3272472,-36.32724719,612,0,-0.708171022,-0.05603227
New Zealand,New Zealand,0,23-11-2020,29-11-2020,7,2020,48,5129728,650,0,626.3272472,23.67275281,650,0,0.461481638,0.037796141
New Zealand,New Zealand,0,30-11-2020,06-12-2020,7,2020,49,5129728,642,0,613.9272472,28.07275281,642,0,0.547256167,0.045726514
New Zealand,New Zealand,0,07-12-2020,13-12-2020,7,2020,50,5129728,639,0,638.5272472,0.472752809,639,0,0.009215943,0.00074038
New Zealand,New Zealand,0,14-12-2020,20-12-2020,7,2020,51,5129728,670,0,620.3272472,49.67275281,670,0,0.968331124,0.080075078
New Zealand,New Zealand,0,21-12-2020,27-12-2020,7,2020,52,5129728,625,0,623.5272472,1.472752809,625,0,0.028710154,0.00236197
New Zealand,New Zealand,0,28-12-2020,03-01-2021,7,2020,53,5129728,674,0,625.9747191,48.0252809,674,0,0.936214959,0.076720799
New Zealand,New Zealand,0,04-01-2021,10-01-2021,7,2021,1,5129728,668,1,617.2484551,50.75154494,667,0.019494211,0.989361326,0.082222231
New Zealand,New Zealand,0,11-01-2021,17-01-2021,7,2021,2,5129728,631,0,631.0817884,-0.081788389,631,0,-0.0015944,-0.0001296
New Zealand,New Zealand,0,18-01-2021,24-01-2021,7,2021,3,5129728,659,0,629.7484551,29.25154494,659,0,0.570235789,0.04644957
New Zealand,New Zealand,0,25-01-2021,31-01-2021,7,2021,4,5129728,603,0,632.7484551,-29.74845506,603,0,-0.57992266,-0.047014662
New Zealand,New Zealand,0,01-02-2021,07-02-2021,7,2021,5,5129728,642,1,624.2484551,17.75154494,641,0.019494211,0.346052363,0.028436666
New Zealand,New Zealand,0,08-02-2021,14-02-2021,7,2021,6,5129728,647,0,614.7484551,32.25154494,647,0,0.628718422,0.052462995
New Zealand,New Zealand,0,15-02-2021,21-02-2021,7,2021,7,5129728,591,0,608.0817884,-17.08178839,591,0,-0.332995987,-0.028091268
New Zealand,New Zealand,0,22-02-2021,28-02-2021,7,2021,8,5129728,603,0,621.9151217,-18.91512172,603,0,-0.368735374,-0.030414314
New Zealand,New Zealand,0,01-03-2021,07-03-2021,7,2021,9,5129728,640,0,626.9696629,13.03033708,640,0,0.25401614,0.020783042
New Zealand,New Zealand,0,08-03-2021,14-03-2021,7,2021,10,5129728,618,0,628.1696629,-10.16966292,618,0,-0.198249555,-0.016189357
New Zealand,New Zealand,0,15-03-2021,21-03-2021,7,2021,11,5129728,630,0,638.5696629,-8.569662921,630,0,-0.167058817,-0.013420091
New Zealand,New Zealand,0,22-03-2021,28-03-2021,7,2021,12,5129728,638,0,632.9696629,5.030337079,638,0,0.098062452,0.007947201
New Zealand,New Zealand,0,29-03-2021,04-04-2021,7,2021,13,5129728,679,0,644.3696629,34.63033708,679,0,0.675091098,0.053742966
New Zealand,New Zealand,0,05-04-2021,11-04-2021,7,2021,14,5129728,632,0,641.7696629,-9.769662921,632,0,-0.19045187,-0.015223005
New Zealand,New Zealand,0,12-04-2021,18-04-2021,7,2021,15,5129728,629,0,635.5696629,-6.569662921,629,0,-0.128070395,-0.010336653
New Zealand,New Zealand,0,19-04-2021,25-04-2021,7,2021,16,5129728,639,0,666.5696629,-27.56966292,639,0,-0.537448826,-0.041360513
New Zealand,New Zealand,0,26-04-2021,02-05-2021,7,2021,17,5129728,687,0,656.1696629,30.83033708,687,0,0.601013096,0.046985313
New Zealand,New Zealand,0,03-05-2021,09-05-2021,7,2021,18,5129728,656,0,661.5696629,-5.569662921,656,0,-0.108576184,-0.008418861
New Zealand,New Zealand,0,10-05-2021,16-05-2021,7,2021,19,5129728,638,0,682.1696629,-44.16966292,638,0,-0.861052729,-0.064748794
New Zealand,New Zealand,0,17-05-2021,23-05-2021,7,2021,20,5129728,680,0,662.9696629,17.03033708,680,0,0.331992984,0.025687958
New Zealand,New Zealand,0,24-05-2021,30-05-2021,7,2021,21,5129728,658,0,686.9696629,-28.96966292,658,0,-0.564740722,-0.042170222
New Zealand,New Zealand,0,31-05-2021,06-06-2021,7,2021,22,5129728,682,0,710.7696629,-28.76966292,682,0,-0.560841879,-0.040476774
New Zealand,New Zealand,0,07-06-2021,13-06-2021,7,2021,23,5129728,683,0,720.1696629,-37.16966292,683,0,-0.724593252,-0.05161237
New Zealand,New Zealand,0,14-06-2021,20-06-2021,7,2021,24,5129728,738,0,717.1696629,20.83033708,738,0,0.406070986,0.029045201
New Zealand,New Zealand,0,21-06-2021,27-06-2021,7,2021,25,5129728,664,0,731.3696629,-67.36966292,664,0,-1.313318424,-0.09211438
New Zealand,New Zealand,0,28-06-2021,04-07-2021,7,2021,26,5129728,662,0,726.5696629,-64.56966292,662,0,-1.258734633,-0.088869198
New Zealand,New Zealand,0,05-07-2021,11-07-2021,7,2021,27,5129728,743,0,732.5696629,10.43033708,743,0,0.203331192,0.014238014
New Zealand,New Zealand,0,12-07-2021,18-07-2021,7,2021,28,5129728,762,0,754.3696629,7.630337079,762,0,0.148747401,0.010114851
New Zealand,New Zealand,0,19-07-2021,25-07-2021,7,2021,29,5129728,754,0,770.5696629,-16.56966292,754,0,-0.323012505,-0.021503134
New Zealand,New Zealand,0,26-07-2021,01-08-2021,7,2021,30,5129728,756,0,779.9696629,-23.96966292,756,0,-0.467269667,-0.030731532
New Zealand,New Zealand,0,02-08-2021,08-08-2021,7,2021,31,5129728,780,0,781.9696629,-1.969662921,780,0,-0.038397025,-0.002518848
New Zealand,New Zealand,0,09-08-2021,15-08-2021,7,2021,32,5129728,787,0,786.5696629,0.430337079,787,0,0.008389082,0.000547106
New Zealand,New Zealand,0,16-08-2021,22-08-2021,7,2021,33,5129728,770,0,767.3696629,2.630337079,770,0,0.051276346,0.003427731
New Zealand,New Zealand,0,23-08-2021,29-08-2021,7,2021,34,5129728,705,1,736.9696629,-31.96966292,704,0.019494211,-0.623223355,-0.04337989
New Zealand,New Zealand,0,30-08-2021,05-09-2021,7,2021,35,5129728,734,0,738.1696629,-4.169662921,734,0,-0.081284289,-0.005648651
New Zealand,New Zealand,0,06-09-2021,12-09-2021,7,2021,36,5129728,712,0,713.7696629,-1.769662921,712,0,-0.034498182,-0.002479319
New Zealand,New Zealand,0,13-09-2021,19-09-2021,7,2021,37,5129728,644,0,733.7696629,-89.76966292,644,0,-1.74998875,-0.122340385
New Zealand,New Zealand,0,20-09-2021,26-09-2021,7,2021,38,5129728,655,0,723.1696629,-68.16966292,655,0,-1.328913793,-0.094265103
New Zealand,New Zealand,0,27-09-2021,03-10-2021,7,2021,39,5129728,646,1,697.5696629,-51.56966292,645,0.019494211,-1.00530989,-0.073927617
New Zealand,New Zealand,0,04-10-2021,10-10-2021,7,2021,40,5129728,643,0,693.5696629,-50.56966292,643,0,-0.985815679,-0.072912161
New Zealand,New Zealand,0,11-10-2021,17-10-2021,7,2021,41,5129728,650,0,707.1696629,-57.16966292,650,0,-1.114477472,-0.080842923
New Zealand,New Zealand,0,18-10-2021,24-10-2021,7,2021,42,5129728,677,0,664.5696629,12.43033708,677,0,0.242319614,0.01870434
New Zealand,New Zealand,0,25-10-2021,31-10-2021,7,2021,43,5129728,638,1,664.9696629,-26.96966292,637,0.019494211,-0.5257523,-0.040557734
New Zealand,New Zealand,0,01-11-2021,07-11-2021,7,2021,44,5129728,647,0,669.5696629,-22.56966292,647,0,-0.439977771,-0.033707714
New Zealand,New Zealand,0,08-11-2021,14-11-2021,7,2021,45,5129728,662,5,661.7696629,0.230337079,657,0.097471055,0.00449024,0.000348062
New Zealand,New Zealand,0,15-11-2021,21-11-2021,7,2021,46,5129728,666,5,638.3696629,27.63033708,661,0.097471055,0.538631621,0.04328266
New Zealand,New Zealand,0,22-11-2021,28-11-2021,7,2021,47,5129728,635,0,660.9696629,-25.96966292,635,0,-0.506258089,-0.039290249
New Zealand,New Zealand,0,29-11-2021,05-12-2021,7,2021,48,5129728,631,1,638.9696629,-7.969662921,630,0.019494211,-0.155362291,-0.012472678
New Zealand,New Zealand,0,06-12-2021,12-12-2021,7,2021,49,5129728,664,1,626.5696629,37.43033708,663,0.019494211,0.729674889,0.059738508
New Zealand,New Zealand,0,13-12-2021,19-12-2021,7,2021,50,5129728,604,1,651.1696629,-47.16966292,603,0.019494211,-0.919535362,-0.072438361
New Zealand,New Zealand,0,20-12-2021,26-12-2021,7,2021,51,5129728,703,4,632.9696629,70.03033708,699,0.077976844,1.365186167,0.110637746
New Zealand,New Zealand,0,27-12-2021,02-01-2022,7,2021,52,5129728,621,1,636.1696629,-15.16966292,620,0.019494211,-0.29572061,-0.02384531
New Zealand,New Zealand,0,03-01-2022,09-01-2022,7,2022,1,5129728,677,2,629.8908708,47.10912921,675,0.038988422,0.918355305,0.074789351
New Zealand,New Zealand,0,10-01-2022,16-01-2022,7,2022,2,5129728,610,0,643.7242041,-33.72420412,610,0,-0.657426751,-0.052389212
New Zealand,New Zealand,0,17-01-2022,23-01-2022,7,2022,3,5129728,633,1,642.3908708,-9.390870786,632,0.019494211,-0.183067617,-0.014618624
New Zealand,New Zealand,0,24-01-2022,30-01-2022,7,2022,4,5129728,647,0,645.3908708,1.609129214,647,0,0.031368704,0.002493263
New Zealand,New Zealand,0,31-01-2022,06-02-2022,7,2022,5,5129728,661,0,636.8908708,24.10912921,661,0,0.469988452,0.037854412
New Zealand,New Zealand,0,07-02-2022,13-02-2022,7,2022,6,5129728,680,1,627.3908708,52.60912921,679,0.019494211,1.025573465,0.083853833
New Zealand,New Zealand,0,14-02-2022,20-02-2022,7,2022,7,5129728,642,11,620.7242041,21.27579588,631,0.214436321,0.414754854,0.034275763
New Zealand,New Zealand,0,21-02-2022,27-02-2022,7,2022,8,5129728,627,20,634.5575375,-7.557537453,607,0.38988422,-0.14732823,-0.011909933
New Zealand,New Zealand,0,28-02-2022,06-03-2022,7,2022,9,5129728,683,34,639.6120787,43.38792135,649,0.662803174,0.845813294,0.067834744
New Zealand,New Zealand,0,07-03-2022,13-03-2022,7,2022,10,5129728,732,62,640.8120787,91.18792135,670,1.208641082,1.777636579,0.142300566
New Zealand,New Zealand,0,14-03-2022,20-03-2022,7,2022,11,5129728,776,93,651.2120787,124.7879213,683,1.812961623,2.432642069,0.191624089
New Zealand,New Zealand,0,21-03-2022,27-03-2022,7,2022,12,5129728,751,92,645.6120787,105.3879213,659,1.793467412,2.054454376,0.163237221
New Zealand,New Zealand,0,28-03-2022,03-04-2022,7,2022,13,5129728,751,69,657.0120787,93.98792135,682,1.345100559,1.83222037,0.143053567
New Zealand,New Zealand,0,04-04-2022,10-04-2022,7,2022,14,5129728,695,82,654.4120787,40.58792135,613,1.598525302,0.791229503,0.062021962
New Zealand,New Zealand,0,11-04-2022,17-04-2022,7,2022,15,5129728,758,86,648.2120787,109.7879213,672,1.676502146,2.140228904,0.169370373
New Zealand,New Zealand,0,18-04-2022,24-04-2022,7,2022,16,5129728,749,51,679.2120787,69.78792135,698,0.994204761,1.360460464,0.102748351
New Zealand,New Zealand,0,25-04-2022,01-05-2022,7,2022,17,5129728,711,61,668.8120787,42.18792135,650,1.189146871,0.82242024,0.063078887
New Zealand,New Zealand,0,02-05-2022,08-05-2022,7,2022,18,5129728,713,53,674.2120787,38.78792135,660,1.033193183,0.756139923,0.057530742
New Zealand,New Zealand,0,09-05-2022,15-05-2022,7,2022,19,5129728,793,47,694.8120787,98.18792135,746,0.916227917,1.914096056,0.141315795
New Zealand,New Zealand,0,16-05-2022,22-05-2022,7,2022,20,5129728,760,8,675.6120787,84.38792135,752,0.155953688,1.645075945,0.12490588
New Zealand,New Zealand,0,23-05-2022,29-05-2022,7,2022,21,5129728,810,85,699.6120787,110.3879213,725,1.657007935,2.151925431,0.15778447
New Zealand,New Zealand,0,30-05-2022,05-06-2022,7,2022,22,5129728,788,53,723.4120787,64.58792135,735,1.033193183,1.259090567,0.089282337
New Zealand,New Zealand,0,06-06-2022,12-06-2022,7,2022,23,5129728,771,50,732.8120787,38.18792135,721,0.97471055,0.744443396,0.052111479
New Zealand,New Zealand,0,13-06-2022,19-06-2022,7,2022,24,5129728,849,53,729.8120787,119.1879213,796,1.033193183,2.323474487,0.163313166
New Zealand,New Zealand,0,20-06-2022,26-06-2022,7,2022,25,5129728,814,60,744.0120787,69.98792135,754,1.16965266,1.364359306,0.09406826
New Zealand,New Zealand,0,27-06-2022,03-07-2022,7,2022,26,5129728,761,74,739.2120787,21.78792135,687,1.442571614,0.424738336,0.02947452
Norway,Norway,0,30-12-2019,05-01-2020,7,2020,1,5403021,862,0,909.1207865,-47.12078652,862,0,-0.872119255,-0.051831162
Norway,Norway,0,06-01-2020,12-01-2020,7,2020,2,5403021,952,0,918.4541199,33.54588015,952,0,0.620872659,0.036524285
Norway,Norway,0,13-01-2020,19-01-2020,7,2020,3,5403021,837,0,890.6207865,-53.62078652,837,0,-0.992422323,-0.06020608
Norway,Norway,0,20-01-2020,26-01-2020,7,2020,4,5403021,862,0,876.1207865,-14.12078652,862,0,-0.261349836,-0.016117397
Norway,Norway,0,27-01-2020,02-02-2020,7,2020,5,5403021,815,0,876.9541199,-61.95411985,815,0,-1.146657025,-0.070646934
Norway,Norway,0,03-02-2020,09-02-2020,7,2020,6,5403021,796,0,847.7874532,-51.78745318,796,0,-0.958490689,-0.061085421
Norway,Norway,0,10-02-2020,16-02-2020,7,2020,7,5403021,855,0,867.2874532,-12.28745318,855,0,-0.227418201,-0.014167682
Norway,Norway,0,17-02-2020,23-02-2020,7,2020,8,5403021,813,0,853.6207865,-40.62078652,813,0,-0.751816188,-0.047586454
Norway,Norway,0,24-02-2020,01-03-2020,7,2020,9,5403021,836,0,871.5449438,-35.54494382,836,0,-0.657871658,-0.040783833
Norway,Norway,0,02-03-2020,08-03-2020,7,2020,10,5403021,799,0,862.5449438,-63.54494382,799,0,-1.176100256,-0.073671458
Norway,Norway,0,09-03-2020,15-03-2020,7,2020,11,5403021,826,3,822.3449438,3.65505618,823,0.055524493,0.06764838,0.004444675
Norway,Norway,0,16-03-2020,22-03-2020,7,2020,12,5403021,810,4,811.1449438,-1.14494382,806,0.074032657,-0.021190808,-0.001411516
Norway,Norway,0,23-03-2020,29-03-2020,7,2020,13,5403021,854,18,775.3449438,78.65505618,836,0.333146956,1.455760697,0.101445243
Norway,Norway,0,30-03-2020,05-04-2020,7,2020,14,5403021,831,46,793.5449438,37.45505618,785,0.851375555,0.693224331,0.047199666
Norway,Norway,0,06-04-2020,12-04-2020,7,2020,15,5403021,840,57,779.7449438,60.25505618,783,1.054965361,1.115210475,0.077275341
Norway,Norway,0,13-04-2020,19-04-2020,7,2020,16,5403021,816,37,759.9449438,56.05505618,779,0.684802076,1.037476186,0.073761996
Norway,Norway,0,20-04-2020,26-04-2020,7,2020,17,5403021,777,36,774.1449438,2.85505618,741,0.666293912,0.052841849,0.003688012
Norway,Norway,0,27-04-2020,03-05-2020,7,2020,18,5403021,749,10,735.7449438,13.25505618,739,0.185081642,0.245326757,0.01801583
Norway,Norway,0,04-05-2020,10-05-2020,7,2020,19,5403021,742,8,730.5449438,11.45505618,734,0.148065314,0.212012061,0.015680153
Norway,Norway,0,11-05-2020,17-05-2020,7,2020,20,5403021,686,13,718.7449438,-32.74494382,673,0.240606135,-0.606048798,-0.045558503
Norway,Norway,0,18-05-2020,24-05-2020,7,2020,21,5403021,740,3,726.3449438,13.65505618,737,0.055524493,0.252730022,0.018799685
Norway,Norway,0,25-05-2020,31-05-2020,7,2020,22,5403021,662,1,707.7449438,-45.74494382,661,0.018508164,-0.846654933,-0.064634787
Norway,Norway,0,01-06-2020,07-06-2020,7,2020,23,5403021,677,2,708.3449438,-31.34494382,675,0.037016328,-0.580137368,-0.04425096
Norway,Norway,0,08-06-2020,14-06-2020,7,2020,24,5403021,731,4,716.7449438,14.25505618,727,0.074032657,0.263834921,0.019888604
Norway,Norway,0,15-06-2020,21-06-2020,7,2020,25,5403021,739,2,718.1449438,20.85505618,737,0.037016328,0.385988805,0.029040177
Norway,Norway,0,22-06-2020,28-06-2020,7,2020,26,5403021,684,5,728.3449438,-44.34494382,679,0.092540821,-0.820743503,-0.060884536
Norway,Norway,0,29-06-2020,05-07-2020,7,2020,27,5403021,697,2,742.7449438,-45.74494382,695,0.037016328,-0.846654933,-0.061589034
Norway,Norway,0,06-07-2020,12-07-2020,7,2020,28,5403021,668,1,712.1449438,-44.14494382,667,0.018508164,-0.81704187,-0.061988706
Norway,Norway,0,13-07-2020,19-07-2020,7,2020,29,5403021,754,3,717.3449438,36.65505618,751,0.055524493,0.6784178,0.051098229
Norway,Norway,0,20-07-2020,26-07-2020,7,2020,30,5403021,731,0,716.5449438,14.45505618,731,0,0.267536554,0.020173272
Norway,Norway,0,27-07-2020,02-08-2020,7,2020,31,5403021,746,0,687.5449438,58.45505618,746,0,1.08189578,0.085019978
Norway,Norway,0,03-08-2020,09-08-2020,7,2020,32,5403021,738,1,712.3449438,25.65505618,737,0.018508164,0.474827993,0.036014934
Norway,Norway,0,10-08-2020,16-08-2020,7,2020,33,5403021,734,5,703.3449438,30.65505618,729,0.092540821,0.567368814,0.043584668
Norway,Norway,0,17-08-2020,23-08-2020,7,2020,34,5403021,746,3,711.3449438,34.65505618,743,0.055524493,0.641401471,0.048717653
Norway,Norway,0,24-08-2020,30-08-2020,7,2020,35,5403021,699,0,727.5449438,-28.54494382,699,0,-0.528314508,-0.039234612
Norway,Norway,0,31-08-2020,06-09-2020,7,2020,36,5403021,710,0,717.9449438,-7.94494382,710,0,-0.147046325,-0.01106623
Norway,Norway,0,07-09-2020,13-09-2020,7,2020,37,5403021,785,1,702.5449438,82.45505618,784,0.018508164,1.526091721,0.117366237
Norway,Norway,0,14-09-2020,20-09-2020,7,2020,38,5403021,773,2,714.7449438,58.25505618,771,0.037016328,1.078194147,0.081504678
Norway,Norway,0,21-09-2020,27-09-2020,7,2020,39,5403021,743,3,732.5449438,10.45505618,740,0.055524493,0.193503897,0.014272239
Norway,Norway,0,28-09-2020,04-10-2020,7,2020,40,5403021,783,5,724.3449438,58.65505618,778,0.092540821,1.085597413,0.08097669
Norway,Norway,0,05-10-2020,11-10-2020,7,2020,41,5403021,743,0,743.5449438,-0.54494382,743,0,-0.01008591,-0.0007329
Norway,Norway,0,12-10-2020,18-10-2020,7,2020,42,5403021,713,3,743.3449438,-30.34494382,710,0.055524493,-0.561629204,-0.040822157
Norway,Norway,0,19-10-2020,25-10-2020,7,2020,43,5403021,796,1,755.1449438,40.85505618,795,0.018508164,0.756152089,0.054102271
Norway,Norway,0,26-10-2020,01-11-2020,7,2020,44,5403021,791,3,747.5449438,43.45505618,788,0.055524493,0.804273316,0.058130359
Norway,Norway,0,02-11-2020,08-11-2020,7,2020,45,5403021,777,3,758.9449438,18.05505618,774,0.055524493,0.334165945,0.023789678
Norway,Norway,0,09-11-2020,15-11-2020,7,2020,46,5403021,780,9,776.5449438,3.45505618,771,0.166573478,0.063946747,0.004449267
Norway,Norway,0,16-11-2020,22-11-2020,7,2020,47,5403021,800,12,773.1449438,26.85505618,788,0.222097971,0.49703779,0.034734827
Norway,Norway,0,23-11-2020,29-11-2020,7,2020,48,5403021,774,22,787.7449438,-13.74494382,752,0.407179613,-0.254393678,-0.01744847
Norway,Norway,0,30-11-2020,06-12-2020,7,2020,49,5403021,788,26,819.3449438,-31.34494382,762,0.48121227,-0.580137368,-0.038256102
Norway,Norway,0,07-12-2020,13-12-2020,7,2020,50,5403021,841,33,817.5449438,23.45505618,808,0.61076942,0.434110032,0.028689623
Norway,Norway,0,14-12-2020,20-12-2020,7,2020,51,5403021,823,17,829.9449438,-6.94494382,806,0.314638792,-0.128538161,-0.008367957
Norway,Norway,0,21-12-2020,27-12-2020,7,2020,52,5403021,830,17,870.3449438,-40.34494382,813,0.314638792,-0.746710846,-0.046355119
Norway,Norway,0,28-12-2020,03-01-2021,7,2020,53,5403021,840,15,865.494382,-25.49438202,825,0.277622463,-0.471854209,-0.029456438
Norway,Norway,0,04-01-2021,10-01-2021,7,2021,1,5403021,830,36,907.1691011,-77.16910112,794,0.666293912,-1.428258397,-0.085065839
Norway,Norway,0,11-01-2021,17-01-2021,7,2021,2,5403021,868,45,916.5024345,-48.50243446,823,0.83286739,-0.897691022,-0.052921228
Norway,Norway,0,18-01-2021,24-01-2021,7,2021,3,5403021,860,27,888.6691011,-28.66910112,833,0.499720434,-0.530612432,-0.032260716
Norway,Norway,0,25-01-2021,31-01-2021,7,2021,4,5403021,851,20,874.1691011,-23.16910112,831,0.370163285,-0.428817529,-0.026504141
Norway,Norway,0,01-02-2021,07-02-2021,7,2021,5,5403021,793,18,875.0024345,-82.00243446,775,0.333146956,-1.517714524,-0.093716807
Norway,Norway,0,08-02-2021,14-02-2021,7,2021,6,5403021,813,10,845.8357678,-32.83576779,803,0.185081642,-0.607729783,-0.0388205
Norway,Norway,0,15-02-2021,21-02-2021,7,2021,7,5403021,768,15,865.3357678,-97.33576779,753,0.277622463,-1.801506376,-0.112483236
Norway,Norway,0,22-02-2021,28-02-2021,7,2021,8,5403021,756,15,851.6691011,-95.66910112,741,0.277622463,-1.770659435,-0.112331304
Norway,Norway,0,01-03-2021,07-03-2021,7,2021,9,5403021,705,10,869.5932584,-164.5932584,695,0.185081642,-3.046319058,-0.189276144
Norway,Norway,0,08-03-2021,14-03-2021,7,2021,10,5403021,790,7,860.5932584,-70.59325843,783,0.12955715,-1.30655162,-0.082028598
Norway,Norway,0,15-03-2021,21-03-2021,7,2021,11,5403021,788,9,820.3932584,-32.39325843,779,0.166573478,-0.599539747,-0.039485037
Norway,Norway,0,22-03-2021,28-03-2021,7,2021,12,5403021,769,8,809.1932584,-40.19325843,761,0.148065314,-0.743903428,-0.049670778
Norway,Norway,0,29-03-2021,04-04-2021,7,2021,13,5403021,719,17,773.3932584,-54.39325843,702,0.314638792,-1.00671936,-0.07033066
Norway,Norway,0,05-04-2021,11-04-2021,7,2021,14,5403021,778,11,791.5932584,-13.59325843,767,0.203589807,-0.251586259,-0.017172024
Norway,Norway,0,12-04-2021,18-04-2021,7,2021,15,5403021,751,24,777.7932584,-26.79325843,727,0.444195941,-0.495894027,-0.034447789
Norway,Norway,0,19-04-2021,25-04-2021,7,2021,16,5403021,752,28,757.9932584,-5.993258427,724,0.518228598,-0.110924211,-0.007906744
Norway,Norway,0,26-04-2021,02-05-2021,7,2021,17,5403021,777,20,772.1932584,4.806741573,757,0.370163285,0.088963962,0.006224791
Norway,Norway,0,03-05-2021,09-05-2021,7,2021,18,5403021,695,11,733.7932584,-38.79325843,684,0.203589807,-0.717991998,-0.052866741
Norway,Norway,0,10-05-2021,16-05-2021,7,2021,19,5403021,705,7,728.5932584,-23.59325843,698,0.12955715,-0.436667902,-0.032381933
Norway,Norway,0,17-05-2021,23-05-2021,7,2021,20,5403021,740,7,716.7932584,23.20674157,733,0.12955715,0.429514184,0.032375781
Norway,Norway,0,24-05-2021,30-05-2021,7,2021,21,5403021,728,2,724.3932584,3.606741573,726,0.037016328,0.066754165,0.004978983
Norway,Norway,0,31-05-2021,06-06-2021,7,2021,22,5403021,725,2,705.7932584,19.20674157,723,0.037016328,0.355481527,0.027212985
Norway,Norway,0,07-06-2021,13-06-2021,7,2021,23,5403021,727,5,706.3932584,20.60674157,722,0.092540821,0.381392957,0.02917177
Norway,Norway,0,14-06-2021,20-06-2021,7,2021,24,5403021,685,1,714.7932584,-29.79325843,684,0.018508164,-0.55141852,-0.041680945
Norway,Norway,0,21-06-2021,27-06-2021,7,2021,25,5403021,696,2,716.1932584,-20.19325843,694,0.037016328,-0.373740143,-0.028195265
Norway,Norway,0,28-06-2021,04-07-2021,7,2021,26,5403021,719,2,726.3932584,-7.393258427,717,0.037016328,-0.136835641,-0.010178038
Norway,Norway,0,05-07-2021,11-07-2021,7,2021,27,5403021,770,2,740.7932584,29.20674157,768,0.037016328,0.54056317,0.039426306
Norway,Norway,0,12-07-2021,18-07-2021,7,2021,28,5403021,716,0,710.1932584,5.806741573,716,0,0.107472127,0.008176284
Norway,Norway,0,19-07-2021,25-07-2021,7,2021,29,5403021,756,3,715.3932584,40.60674157,753,0.055524493,0.751556242,0.056761426
Norway,Norway,0,26-07-2021,01-08-2021,7,2021,30,5403021,744,0,714.5932584,29.40674157,744,0,0.544264802,0.04115172
Norway,Norway,0,02-08-2021,08-08-2021,7,2021,31,5403021,767,5,685.5932584,81.40674157,762,0.092540821,1.506689342,0.118739122
Norway,Norway,0,09-08-2021,15-08-2021,7,2021,32,5403021,777,4,710.3932584,66.60674157,773,0.074032657,1.232768512,0.09376038
Norway,Norway,0,16-08-2021,22-08-2021,7,2021,33,5403021,789,3,701.3932584,87.60674157,786,0.055524493,1.621439961,0.124903883
Norway,Norway,0,23-08-2021,29-08-2021,7,2021,34,5403021,785,3,709.3932584,75.60674157,782,0.055524493,1.39934199,0.106579448
Norway,Norway,0,30-08-2021,05-09-2021,7,2021,35,5403021,791,8,725.5932584,65.40674157,783,0.148065314,1.210558715,0.090142433
Norway,Norway,0,06-09-2021,12-09-2021,7,2021,36,5403021,786,5,715.9932584,70.00674157,781,0.092540821,1.29569627,0.097775699
Norway,Norway,0,13-09-2021,19-09-2021,7,2021,37,5403021,820,14,700.5932584,119.4067416,806,0.259114299,2.209999583,0.170436612
Norway,Norway,0,20-09-2021,26-09-2021,7,2021,38,5403021,817,9,712.7932584,104.2067416,808,0.166573478,1.928675487,0.146194903
Norway,Norway,0,27-09-2021,03-10-2021,7,2021,39,5403021,806,11,730.5932584,75.40674157,795,0.203589807,1.395640357,0.103213027
Norway,Norway,0,04-10-2021,10-10-2021,7,2021,40,5403021,804,10,722.3932584,81.60674157,794,0.185081642,1.510390975,0.112967197
Norway,Norway,0,11-10-2021,17-10-2021,7,2021,41,5403021,802,13,741.5932584,60.40674157,789,0.240606135,1.118017894,0.081455354
Norway,Norway,0,18-10-2021,24-10-2021,7,2021,42,5403021,846,10,741.3932584,104.6067416,836,0.185081642,1.936078752,0.141094811
Norway,Norway,0,25-10-2021,31-10-2021,7,2021,43,5403021,894,6,753.1932584,140.8067416,888,0.111048985,2.606074298,0.186946365
Norway,Norway,0,01-11-2021,07-11-2021,7,2021,44,5403021,918,22,745.5932584,172.4067416,896,0.407179613,3.190932287,0.231234309
Norway,Norway,0,08-11-2021,14-11-2021,7,2021,45,5403021,955,29,756.9932584,198.0067416,926,0.536736763,3.664741291,0.26157002
Norway,Norway,0,15-11-2021,21-11-2021,7,2021,46,5403021,916,49,774.5932584,141.4067416,867,0.906900047,2.617179196,0.182556122
Norway,Norway,0,22-11-2021,28-11-2021,7,2021,47,5403021,948,51,771.1932584,176.8067416,897,0.943916376,3.27236821,0.229263858
Norway,Norway,0,29-11-2021,05-12-2021,7,2021,48,5403021,968,43,785.7932584,182.2067416,925,0.795851062,3.372312297,0.231876183
Norway,Norway,0,06-12-2021,12-12-2021,7,2021,49,5403021,1047,43,817.3932584,229.6067416,1004,0.795851062,4.249599281,0.280901193
Norway,Norway,0,13-12-2021,19-12-2021,7,2021,50,5403021,978,68,815.5932584,162.4067416,910,1.258555168,3.005850645,0.199127126
Norway,Norway,0,20-12-2021,26-12-2021,7,2021,51,5403021,968,53,827.9932584,140.0067416,915,0.980932704,2.591267766,0.169091644
Norway,Norway,0,27-12-2021,02-01-2022,7,2021,52,5403021,930,48,868.3932584,61.60674157,882,0.888391883,1.140227691,0.070943367
Norway,Norway,0,03-01-2022,09-01-2022,7,2022,1,5403021,958,45,905.2174157,52.78258427,913,0.83286739,0.976908738,0.058309289
Norway,Norway,0,10-01-2022,16-01-2022,7,2022,2,5403021,911,31,914.5507491,-3.550749064,880,0.573753091,-0.065717847,-0.003882506
Norway,Norway,0,17-01-2022,23-01-2022,7,2022,3,5403021,823,33,886.7174157,-63.71741573,790,0.61076942,-1.179292395,-0.071857634
Norway,Norway,0,24-01-2022,30-01-2022,7,2022,4,5403021,821,25,872.2174157,-51.21741573,796,0.462704106,-0.947940342,-0.058720928
Norway,Norway,0,31-01-2022,06-02-2022,7,2022,5,5403021,921,28,873.0507491,47.94925094,893,0.518228598,0.887452611,0.054921493
Norway,Norway,0,07-02-2022,13-02-2022,7,2022,6,5403021,889,46,843.8840824,45.1159176,843,0.851375555,0.835012812,0.053462221
Norway,Norway,0,14-02-2022,20-02-2022,7,2022,7,5403021,905,35,863.3840824,41.6159176,870,0.647785748,0.770234238,0.048200932
Norway,Norway,0,21-02-2022,27-02-2022,7,2022,8,5403021,990,50,849.7174157,140.2825843,940,0.925408211,2.596373108,0.16509322
Norway,Norway,0,28-02-2022,06-03-2022,7,2022,9,5403021,970,66,867.641573,102.358427,904,1.221538839,1.894466577,0.11797317
Norway,Norway,0,07-03-2022,13-03-2022,7,2022,10,5403021,930,89,858.641573,71.35842697,841,1.647226616,1.320713485,0.083106187
Norway,Norway,0,14-03-2022,20-03-2022,7,2022,11,5403021,991,73,818.441573,172.558427,918,1.351095989,3.193739705,0.210837808
Norway,Norway,0,21-03-2022,27-03-2022,7,2022,12,5403021,986,170,807.241573,178.758427,816,3.146387919,3.308490324,0.221443534
Norway,Norway,0,28-03-2022,03-04-2022,7,2022,13,5403021,894,179,771.441573,122.558427,715,3.312961397,2.268331494,0.158869357
Norway,Norway,0,04-04-2022,10-04-2022,7,2022,14,5403021,948,149,789.641573,158.358427,799,2.75771647,2.930923773,0.200544693
Norway,Norway,0,11-04-2022,17-04-2022,7,2022,15,5403021,862,116,775.841573,86.15842697,746,2.146947051,1.594634316,0.111051573
Norway,Norway,0,18-04-2022,24-04-2022,7,2022,16,5403021,840,88,756.041573,83.95842697,752,1.628718452,1.553916355,0.111050014
Norway,Norway,0,25-04-2022,01-05-2022,7,2022,17,5403021,836,61,770.241573,65.75842697,775,1.128998018,1.217067766,0.08537377
Norway,Norway,0,02-05-2022,08-05-2022,7,2022,18,5403021,834,74,731.841573,102.158427,760,1.369604153,1.890764944,0.139590904
Norway,Norway,0,09-05-2022,15-05-2022,7,2022,19,5403021,829,55,726.641573,102.358427,774,1.017949033,1.894466577,0.140865085
Norway,Norway,0,16-05-2022,22-05-2022,7,2022,20,5403021,840,33,714.841573,125.158427,807,0.61076942,2.316452721,0.175085546
Norway,Norway,0,23-05-2022,29-05-2022,7,2022,21,5403021,744,47,722.441573,21.55842697,697,0.869883719,0.399006907,0.029841066
Norway,Norway,0,30-05-2022,05-06-2022,7,2022,22,5403021,793,31,703.841573,89.15842697,762,0.573753091,1.650158809,0.126673999
Norway,Norway,0,06-06-2022,12-06-2022,7,2022,23,5403021,768,38,704.441573,63.55842697,730,0.703310241,1.176349804,0.090225264
Norway,Norway,0,13-06-2022,19-06-2022,7,2022,24,5403021,788,40,712.841573,75.15842697,748,0.740326569,1.391044509,0.105434966
Norway,Norway,0,20-06-2022,26-06-2022,7,2022,25,5403021,876,30,714.241573,161.758427,846,0.555244927,2.993851532,0.226475793
Norway,Norway,0,27-06-2022,03-07-2022,7,2022,26,5403021,777,57,724.441573,52.55842697,720,1.054965361,0.972759998,0.072550263
Norway,Norway,0,04-07-2022,10-07-2022,7,2022,27,5403021,811,78,738.841573,72.15842697,733,1.44363681,1.335520017,0.097664276
Peru,Peru,0,30-12-2019,05-01-2020,7,2020,1,33715472,2705.7,0,2794.022308,-88.32230769,2705.7,0,-0.261963729,-0.031611168
Peru,Peru,0,06-01-2020,12-01-2020,7,2020,2,33715472,2778,0,2803.922308,-25.92230769,2778,0,-0.076885495,-0.009245016
Peru,Peru,0,13-01-2020,19-01-2020,7,2020,3,33715472,2666.4,0,2784.372308,-117.9723077,2666.4,0,-0.34990555,-0.042369444
Peru,Peru,0,20-01-2020,26-01-2020,7,2020,4,33715472,2736.6,0,2817.847308,-81.24730769,2736.6,0,-0.240979298,-0.028833112
Peru,Peru,0,27-01-2020,02-02-2020,7,2020,5,33715472,2597.3,0,2882.122308,-284.8223077,2597.3,0,-0.844782205,-0.09882381
Peru,Peru,0,03-02-2020,09-02-2020,7,2020,6,33715472,2722.7,0,2833.747308,-111.0473077,2722.7,0,-0.329366018,-0.039187442
Peru,Peru,0,10-02-2020,16-02-2020,7,2020,7,33715472,2756.8,0,2872.572308,-115.7723077,2756.8,0,-0.343380356,-0.040302661
Peru,Peru,0,17-02-2020,23-02-2020,7,2020,8,33715472,2765.3,0,2954.372308,-189.0723077,2765.3,0,-0.56078796,-0.063997455
Peru,Peru,0,24-02-2020,01-03-2020,7,2020,9,33715472,2821.6,0,3102.263077,-280.6630769,2821.6,0,-0.832445937,-0.090470431
Peru,Peru,0,02-03-2020,08-03-2020,7,2020,10,33715472,2768.4,2,2934.29641,-165.8964103,2766.4,0.005931995,-0.49204831,-0.056537032
Peru,Peru,0,09-03-2020,15-03-2020,7,2020,11,33715472,2826.9,3,2997.463077,-170.5630769,2823.9,0.008897992,-0.505889631,-0.056902478
Peru,Peru,0,16-03-2020,22-03-2020,7,2020,12,33715472,2564.3,29,2920.163077,-355.8630769,2535.3,0.086013923,-1.055488937,-0.121864111
Peru,Peru,0,23-03-2020,29-03-2020,7,2020,13,33715472,2513.3,61,2864.629744,-351.3297436,2452.3,0.180925837,-1.042043082,-0.122644033
Peru,Peru,0,30-03-2020,05-04-2020,7,2020,14,33715472,2742.9,222,2873.563077,-130.6630769,2520.9,0.658451408,-0.387546338,-0.045470753
Peru,Peru,0,06-04-2020,12-04-2020,7,2020,15,33715472,2891.8,529,2777.29641,114.5035897,2362.8,1.569012589,0.339617342,0.041228437
Peru,Peru,0,13-04-2020,19-04-2020,7,2020,16,33715472,3516.9,940,2887.463077,629.4369231,2576.9,2.788037492,1.866908235,0.217989601
Peru,Peru,0,20-04-2020,26-04-2020,7,2020,17,33715472,4425.9,1702,2776.529744,1649.370256,2723.9,5.048127459,4.89202778,0.59404019
Peru,Peru,0,27-04-2020,03-05-2020,7,2020,18,33715472,5440.1,2516,2895.49641,2544.60359,2924.1,7.462449287,7.547287458,0.878814279
Peru,Peru,0,04-05-2020,10-05-2020,7,2020,19,33715472,6234.3,3254,2795.563077,3438.736923,2980.3,9.651355318,10.19928454,1.230069517
Peru,Peru,0,11-05-2020,17-05-2020,7,2020,20,33715472,6848.8,3577,2897.629744,3951.170256,3271.8,10.60937246,11.71916044,1.363587002
Peru,Peru,0,18-05-2020,24-05-2020,7,2020,21,33715472,7239,3809,2964.629744,4274.370256,3430,11.29748384,12.67777078,1.4417889
Peru,Peru,0,25-05-2020,31-05-2020,7,2020,22,33715472,7409.1,4066,2985.129744,4423.970256,3343.1,12.05974515,13.12148398,1.482002672
Peru,Peru,0,01-06-2020,07-06-2020,7,2020,23,33715472,7526,4124,3108.49641,4417.50359,3402,12.231773,13.10230386,1.421106222
Peru,Peru,0,08-06-2020,14-06-2020,7,2020,24,33715472,7569.6,4176,3123.663077,4445.936923,3393.6,12.38600486,13.18663705,1.423308729
Peru,Peru,0,15-06-2020,21-06-2020,7,2020,25,33715472,7393.2,4330,3227.529744,4165.670256,3063.2,12.84276845,12.35536687,1.290668278
Peru,Peru,0,22-06-2020,28-06-2020,7,2020,26,33715472,6902,3530,3198.629744,3703.370256,3372,10.46997058,10.9841863,1.157798981
Peru,Peru,0,29-06-2020,05-07-2020,7,2020,27,33715472,6972.1,3755,3254.963077,3717.136923,3217.1,11.13731998,11.0250182,1.141990503
Peru,Peru,0,06-07-2020,12-07-2020,7,2020,28,33715472,7266.6,3903,3117.363077,4149.236923,3363.6,11.57628759,12.30662564,1.331008555
Peru,Peru,0,13-07-2020,19-07-2020,7,2020,29,33715472,7566.4,4901,3197.863077,4368.536923,2665.4,14.53635292,12.95706886,1.366080041
Peru,Peru,0,20-07-2020,26-07-2020,7,2020,30,33715472,7634.5,3480,3221.79641,4412.70359,4154.5,10.32167072,13.08806707,1.369640731
Peru,Peru,0,27-07-2020,02-08-2020,7,2020,31,33715472,7708.9,4376,3173.329744,4535.570256,3332.9,12.97920432,13.45248928,1.429277958
Peru,Peru,0,03-08-2020,09-08-2020,7,2020,32,33715472,7898.2,4433,3240.39641,4657.80359,3465.2,13.14826617,13.81503302,1.437417834
Peru,Peru,0,10-08-2020,16-08-2020,7,2020,33,33715472,7486.7,4322,3108.063077,4378.636923,3164.7,12.81904047,12.98702543,1.408799247
Peru,Peru,0,17-08-2020,23-08-2020,7,2020,34,33715472,6796.7,3786,3094.89641,3701.80359,3010.7,11.2292659,10.97953957,1.196099352
Peru,Peru,0,24-08-2020,30-08-2020,7,2020,35,33715472,6214.1,3401,3190.663077,3023.436923,2813.1,10.08735693,8.967505847,0.947588902
Peru,Peru,0,31-08-2020,06-09-2020,7,2020,36,33715472,5289.2,2674,3158.763077,2130.436923,2615.2,7.931076866,6.31887023,0.674452902
Peru,Peru,0,07-09-2020,13-09-2020,7,2020,37,33715472,4812.9,2214,3170.463077,1642.436923,2598.9,6.566718093,4.871463532,0.518043227
Peru,Peru,0,14-09-2020,20-09-2020,7,2020,38,33715472,4412.1,1889,3220.59641,1191.50359,2523.1,5.60276896,3.533996468,0.369963646
Peru,Peru,0,21-09-2020,27-09-2020,7,2020,39,33715472,3976.2,1591,3228.69641,747.5035897,2385.2,4.718901755,2.217093653,0.231518698
Peru,Peru,0,28-09-2020,04-10-2020,7,2020,40,33715472,3699.8,1213,3133.963077,565.8369231,2486.8,3.597754764,1.678270804,0.180549965
Peru,Peru,0,05-10-2020,11-10-2020,7,2020,41,33715472,3608.3,1170,3193.663077,414.6369231,2438.3,3.470216878,1.229812008,0.129831142
Peru,Peru,0,12-10-2020,18-10-2020,7,2020,42,33715472,3483.9,978,3249.963077,233.9369231,2505.9,2.900745391,0.69385629,0.071981409
Peru,Peru,0,19-10-2020,25-10-2020,7,2020,43,33715472,3432.9,860,3183.629744,249.2702564,2572.9,2.550757706,0.739334915,0.078297502
Peru,Peru,0,26-10-2020,01-11-2020,7,2020,44,33715472,3244.7,772,3210.029744,34.67025641,2472.7,2.28974994,0.102831888,0.010800603
Peru,Peru,0,02-11-2020,08-11-2020,7,2020,45,33715472,3334,739,3157.729744,176.2702564,2595,2.191872028,0.52281711,0.055821831
Peru,Peru,0,09-11-2020,15-11-2020,7,2020,46,33715472,3312.8,730,3003.029744,309.7702564,2582.8,2.165178052,0.918777754,0.103152577
Peru,Peru,0,16-11-2020,22-11-2020,7,2020,47,33715472,3219.2,646,3044.563077,174.6369231,2573.2,1.916034276,0.517972648,0.057360258
Peru,Peru,0,23-11-2020,29-11-2020,7,2020,48,33715472,3139.5,661,3007.963077,131.5369231,2478.5,1.960524236,0.390138163,0.043729567
Peru,Peru,0,30-11-2020,06-12-2020,7,2020,49,33715472,3182,686,3043.59641,138.4035897,2496,2.03467417,0.410504678,0.0454737
Peru,Peru,0,07-12-2020,13-12-2020,7,2020,50,33715472,3303.2,747,3083.863077,219.3369231,2556.2,2.215600007,0.650552729,0.07112408
Peru,Peru,0,14-12-2020,20-12-2020,7,2020,51,33715472,3512.7,816,3063.629744,449.0702564,2696.7,2.420253823,1.331941182,0.146581113
Peru,Peru,0,21-12-2020,27-12-2020,7,2020,52,33715472,3627.5,880,3143.429744,484.0702564,2747.5,2.610077652,1.435751089,0.153994298
Peru,Peru,0,28-12-2020,03-01-2021,7,2020,53,33715472,3840.1,1082,3143.429744,696.6702564,2758.1,3.209209113,2.066322122,0.22162743
Peru,Peru,0,04-01-2021,10-01-2021,7,2021,1,33715472,4239.8,1401,2848.103846,1391.696154,2838.8,4.155362262,4.127767079,0.48863954
Peru,Peru,0,11-01-2021,17-01-2021,7,2021,2,33715472,4930.9,2027,2858.003846,2072.896154,2903.9,6.012076592,6.148204462,0.725295089
Peru,Peru,0,18-01-2021,24-01-2021,7,2021,3,33715472,6067.4,2907,2838.453846,3228.946154,3160.4,8.622154244,9.577045678,1.137572189
Peru,Peru,0,25-01-2021,31-01-2021,7,2021,4,33715472,7133.7,3900,2871.928846,4261.771154,3233.7,11.56738959,12.64040187,1.48394037
Peru,Peru,0,01-02-2021,07-02-2021,7,2021,5,33715472,7467.6,4052,2936.203846,4531.396154,3415.6,12.01822119,13.4401089,1.543283911
Peru,Peru,0,08-02-2021,14-02-2021,7,2021,6,33715472,8182,4761,2887.828846,5294.171154,3421,14.1211133,15.70249752,1.833270403
Peru,Peru,0,15-02-2021,21-02-2021,7,2021,7,33715472,8210.7,5122,2926.653846,5284.046154,3088.7,15.19183833,15.67246679,1.80549065
Peru,Peru,0,22-02-2021,28-02-2021,7,2021,8,33715472,7863.1,4757,3008.453846,4854.646154,3106.1,14.10924931,14.39886754,1.613668151
Peru,Peru,0,01-03-2021,07-03-2021,7,2021,9,33715472,7978.9,4737,3156.344615,4822.555385,3241.9,14.04992936,14.3036864,1.527892538
Peru,Peru,0,08-03-2021,14-03-2021,7,2021,10,33715472,7855.6,4296,2988.377949,4867.222051,3559.6,12.74192454,14.43616762,1.628717028
Peru,Peru,0,15-03-2021,21-03-2021,7,2021,11,33715472,7903.5,4741,3051.544615,4851.955385,3162.5,14.06179335,14.39088673,1.589999819
Peru,Peru,0,22-03-2021,28-03-2021,7,2021,12,33715472,8057.6,4994,2974.244615,5083.355385,3063.6,14.81219068,15.07721851,1.709124851
Peru,Peru,0,29-03-2021,04-04-2021,7,2021,13,33715472,8406.3,5157,2918.711282,5487.588718,3249.3,15.29564824,16.2761735,1.88014099
Peru,Peru,0,05-04-2021,11-04-2021,7,2021,14,33715472,9010.2,5460,2927.644615,6082.555385,3550.2,16.19434543,18.04084304,2.077627644
Peru,Peru,0,12-04-2021,18-04-2021,7,2021,15,33715472,8968.7,5356,2831.377949,6137.322051,3612.7,15.88588171,18.20328083,2.16760961
Peru,Peru,0,19-04-2021,25-04-2021,7,2021,16,33715472,8774.2,5963,2941.544615,5832.655385,2811.2,17.68624209,17.29964031,1.982854638
Peru,Peru,0,26-04-2021,02-05-2021,7,2021,17,33715472,8186.3,4914,2830.611282,5355.688718,3272.3,14.57491089,15.88495845,1.892060825
Peru,Peru,0,03-05-2021,09-05-2021,7,2021,18,33715472,7628.1,4983,2949.577949,4678.522051,2645.1,14.77956471,13.87648392,1.586166608
Peru,Peru,0,10-05-2021,16-05-2021,7,2021,19,33715472,6949.8,4093,2849.644615,4100.155385,2856.8,12.13982708,12.16104993,1.438830429
Peru,Peru,0,17-05-2021,23-05-2021,7,2021,20,33715472,6441.6,3409,2951.711282,3489.888718,3032.6,10.1110849,10.35100063,1.182327262
Peru,Peru,0,24-05-2021,30-05-2021,7,2021,21,33715472,5986.6,2786,3018.711282,2967.888718,3200.6,8.263268567,8.802750019,0.983164152
Peru,Peru,0,31-05-2021,06-06-2021,7,2021,22,33715472,5624.1,2682,3039.211282,2584.888718,2942.1,7.954804844,7.666773041,0.850513004
Peru,Peru,0,07-06-2021,13-06-2021,7,2021,23,33715472,5022.3,2635,3162.577949,1859.722051,2387.3,7.81540297,5.515930642,0.58803991
Peru,Peru,0,14-06-2021,20-06-2021,7,2021,24,33715472,4608.8,1494,3177.744615,1431.055385,3114.8,4.431200014,4.244506453,0.450336814
Peru,Peru,0,21-06-2021,27-06-2021,7,2021,25,33715472,4278.1,1382,3281.611282,996.4887179,2896.1,4.099008313,2.955582879,0.303658365
Peru,Peru,0,28-06-2021,04-07-2021,7,2021,26,33715472,4059.1,1646,3252.711282,806.3887179,2413.1,4.882031609,2.391746786,0.247912787
Peru,Peru,0,05-07-2021,11-07-2021,7,2021,27,33715472,3830.5,1836,3309.044615,521.4553846,1994.5,5.445571102,1.54663528,0.157584876
Peru,Peru,0,12-07-2021,18-07-2021,7,2021,28,33715472,3545.6,759,3171.444615,374.1553846,2786.6,2.251191975,1.109743873,0.117976326
Peru,Peru,0,19-07-2021,25-07-2021,7,2021,29,33715472,3460.6,744,3251.944615,208.6553846,2716.6,2.206702015,0.618871314,0.064163265
Peru,Peru,0,26-07-2021,01-08-2021,7,2021,30,33715472,3365.9,548,3275.877949,90.02205128,2817.9,1.625366538,0.267005164,0.027480282
Peru,Peru,0,02-08-2021,08-08-2021,7,2021,31,33715472,3260.7,512,3227.411282,33.28871795,2748.7,1.518590634,0.098734249,0.010314371
Peru,Peru,0,09-08-2021,15-08-2021,7,2021,32,33715472,3313.8,443,3294.477949,19.32205128,2870.8,1.313936818,0.057309153,0.005864981
Peru,Peru,0,16-08-2021,22-08-2021,7,2021,33,33715472,3121.4,486,3162.144615,-40.74461538,2635.4,1.441474703,-0.120848421,-0.012885121
Peru,Peru,0,23-08-2021,29-08-2021,7,2021,34,33715472,3305.3,236,3148.977949,156.3220513,3069.3,0.69997537,0.463650787,0.049642155
Peru,Peru,0,30-08-2021,05-09-2021,7,2021,35,33715472,3178.8,373,3244.744615,-65.94461538,2805.8,1.106317005,-0.195591553,-0.020323515
Peru,Peru,0,06-09-2021,12-09-2021,7,2021,36,33715472,3071.4,276,3212.844615,-141.4446154,2795.4,0.818615264,-0.419524352,-0.04402473
Peru,Peru,0,13-09-2021,19-09-2021,7,2021,37,33715472,3071.4,302,3224.544615,-153.1446154,2769.4,0.895731194,-0.454226521,-0.047493409
Peru,Peru,0,20-09-2021,26-09-2021,7,2021,38,33715472,3132,256,3274.677949,-142.6779487,2876,0.759295317,-0.423182415,-0.04357007
Peru,Peru,0,27-09-2021,03-10-2021,7,2021,39,33715472,3065.1,193,3282.777949,-217.6779487,2872.1,0.572437485,-0.645632215,-0.066309069
Peru,Peru,0,04-10-2021,10-10-2021,7,2021,40,33715472,3162.9,190,3188.044615,-25.14461538,2972.9,0.563539493,-0.074578862,-0.007887159
Peru,Peru,0,11-10-2021,17-10-2021,7,2021,41,33715472,3073.6,168,3247.744615,-174.1446154,2905.6,0.498287552,-0.516512465,-0.053620169
Peru,Peru,0,18-10-2021,24-10-2021,7,2021,42,33715472,3049.1,209,3304.044615,-254.9446154,2840.1,0.619893442,-0.756165049,-0.077161372
Peru,Peru,0,25-10-2021,31-10-2021,7,2021,43,33715472,2976.8,194,3237.711282,-260.9112821,2782.8,0.575403482,-0.773862166,-0.080585098
Peru,Peru,0,01-11-2021,07-11-2021,7,2021,44,33715472,3128.9,184,3264.111282,-135.2112821,2944.9,0.545743509,-0.401036302,-0.041423613
Peru,Peru,0,08-11-2021,14-11-2021,7,2021,45,33715472,3025.7,205,3211.811282,-186.1112821,2820.7,0.608029453,-0.552005566,-0.057945896
Peru,Peru,0,15-11-2021,21-11-2021,7,2021,46,33715472,2977.9,231,3057.111282,-79.21128205,2746.9,0.685145384,-0.234940451,-0.0259105
Peru,Peru,0,22-11-2021,28-11-2021,7,2021,47,33715472,3066.1,242,3098.644615,-32.54461538,2824.1,0.717771354,-0.096527242,-0.010502855
Peru,Peru,0,29-11-2021,05-12-2021,7,2021,48,33715472,3169.3,271,3062.044615,107.2553846,2898.3,0.803785277,0.318119185,0.035027375
Peru,Peru,0,06-12-2021,12-12-2021,7,2021,49,33715472,3270.3,391,3097.677949,172.6220513,2879.3,1.159704957,0.511996544,0.055726274
Peru,Peru,0,13-12-2021,19-12-2021,7,2021,50,33715472,3177.8,455,3137.944615,39.85538462,2722.8,1.349528786,0.118210964,0.012701112
Peru,Peru,0,20-12-2021,26-12-2021,7,2021,51,33715472,3288.3,299,3117.711282,170.5887179,2989.3,0.886833202,0.505965682,0.054716009
Peru,Peru,0,27-12-2021,02-01-2022,7,2021,52,33715472,3524.3,258,3197.511282,326.7887179,3266.3,0.765227312,0.969254466,0.102200959
Peru,Peru,0,03-01-2022,09-01-2022,7,2022,1,33715472,3675.3,285,2902.185385,773.1146154,3390.3,0.84530924,2.293055887,0.2663905
Peru,Peru,0,10-01-2022,16-01-2022,7,2022,2,33715472,3933.7,397,2912.085385,1021.614615,3536.7,1.177500941,3.030106224,0.350818908
Peru,Peru,0,17-01-2022,23-01-2022,7,2022,3,33715472,4507.8,859,2892.535385,1615.264615,3648.8,2.547791708,4.79087054,0.558425188
Peru,Peru,0,24-01-2022,30-01-2022,7,2022,4,33715472,4824.6,1182,2926.010385,1898.589615,3642.6,3.505808846,5.631211734,0.648866328
Peru,Peru,0,31-01-2022,06-02-2022,7,2022,5,33715472,4720.4,1479,2990.285385,1730.114615,3241.4,4.386710054,5.131515333,0.578578427
Peru,Peru,0,07-02-2022,13-02-2022,7,2022,6,33715472,4333.4,1397,2941.910385,1391.489615,2936.4,4.143498273,4.127154487,0.472988444
Peru,Peru,0,14-02-2022,20-02-2022,7,2022,7,33715472,3844.4,1087,2980.735385,863.6646154,2757.4,3.2240391,2.561626945,0.289748838
Peru,Peru,0,21-02-2022,27-02-2022,7,2022,8,33715472,3489.3,1070,3062.535385,426.7646154,2419.3,3.173617145,1.265782711,0.139350101
Peru,Peru,0,28-02-2022,06-03-2022,7,2022,9,33715472,3410.6,570,3210.426154,200.1738462,2840.6,1.690618479,0.593715094,0.062351176
Peru,Peru,0,07-03-2022,13-03-2022,7,2022,10,33715472,3270.3,438,3042.459487,227.8405128,2832.3,1.299106831,0.675774353,0.07488695
Peru,Peru,0,14-03-2022,20-03-2022,7,2022,11,33715472,3220.3,319,3105.626154,114.6738462,2901.3,0.946153149,0.340122322,0.036924549
Peru,Peru,0,21-03-2022,27-03-2022,7,2022,12,33715472,2949.2,263,3028.326154,-79.12615385,2686.2,0.780057298,-0.234687961,-0.026128676
Peru,Peru,0,28-03-2022,03-04-2022,7,2022,13,33715472,2931.1,200,2972.792821,-41.69282051,2731.1,0.593199466,-0.123660794,-0.014024799
Peru,Peru,0,04-04-2022,10-04-2022,7,2022,14,33715472,3071.4,158,2981.726154,89.67384615,2913.4,0.468627578,0.265972388,0.030074474
Peru,Peru,0,11-04-2022,17-04-2022,7,2022,15,33715472,2936.4,144,2885.459487,50.94051282,2792.4,0.427103616,0.151089425,0.017654212
Peru,Peru,0,18-04-2022,24-04-2022,7,2022,16,33715472,2980,112,2995.626154,-15.62615385,2868,0.332191701,-0.046347131,-0.005216323
Peru,Peru,0,25-04-2022,01-05-2022,7,2022,17,33715472,2882.2,99,2884.692821,-2.492820512,2783.2,0.293633736,-0.007393699,-0.000864155
Peru,Peru,0,02-05-2022,08-05-2022,7,2022,18,33715472,2951.3,105,3003.659487,-52.35948718,2846.3,0.31142972,-0.155298099,-0.017431898
Peru,Peru,0,09-05-2022,15-05-2022,7,2022,19,33715472,3123.5,94,2903.726154,219.7738462,3029.5,0.278803749,0.651848641,0.075686836
Peru,Peru,0,16-05-2022,22-05-2022,7,2022,20,33715472,2948.1,93,3005.792821,-57.69282051,2855.1,0.275837752,-0.171116752,-0.019193878
Peru,Peru,0,23-05-2022,29-05-2022,7,2022,21,33715472,3067.2,67,3072.792821,-5.592820512,3000.2,0.198721821,-0.016588291,-0.00182011
Peru,Peru,0,30-05-2022,05-06-2022,7,2022,22,33715472,3109.7,86,3093.292821,16.40717949,3023.7,0.255075771,0.048663651,0.005304115
Peru,Peru,0,06-06-2022,12-06-2022,7,2022,23,33715472,3067.2,65,3216.659487,-149.4594872,3002.2,0.192789827,-0.44329644,-0.046464193
Peru,Peru,0,13-06-2022,19-06-2022,7,2022,24,33715472,3145.9,65,3231.826154,-85.92615385,3080.9,0.192789827,-0.254856743,-0.026587493
Peru,Peru,0,20-06-2022,26-06-2022,7,2022,25,33715472,3143.7,73,3335.692821,-191.9928205,3070.7,0.216517805,-0.569450193,-0.057557105
Peru,Peru,0,27-06-2022,03-07-2022,7,2022,26,33715472,3244.7,89,3306.792821,-62.09282051,3155.7,0.263973763,-0.18416714,-0.018777354
Peru,Peru,0,04-07-2022,10-07-2022,7,2022,27,33715472,3152.2,134,3363.126154,-210.9261538,3018.2,0.397443642,-0.62560641,-0.062717289
Poland,Poland,0,30-12-2019,05-01-2020,7,2020,1,38307726,8463,0,8689.759597,-226.7595974,8463,0,-0.591942203,-0.026095037
Poland,Poland,0,06-01-2020,12-01-2020,7,2020,2,38307726,8242,0,8660.426264,-418.426264,8242,0,-1.092276435,-0.048314742
Poland,Poland,0,13-01-2020,19-01-2020,7,2020,3,38307726,8059,0,8652.259597,-593.2595974,8059,0,-1.54866827,-0.068567013
Poland,Poland,0,20-01-2020,26-01-2020,7,2020,4,38307726,8015,0,8707.592931,-692.5929307,8015,0,-1.807971924,-0.079538965
Poland,Poland,0,27-01-2020,02-02-2020,7,2020,5,38307726,8560,0,9012.592931,-452.5929307,8560,0,-1.181466451,-0.050217838
Poland,Poland,0,03-02-2020,09-02-2020,7,2020,6,38307726,8343,0,8933.426264,-590.426264,8343,0,-1.541272024,-0.066091805
Poland,Poland,0,10-02-2020,16-02-2020,7,2020,7,38307726,8624,0,9028.759597,-404.7595974,8624,0,-1.056600429,-0.044830034
Poland,Poland,0,17-02-2020,23-02-2020,7,2020,8,38307726,8474,0,8930.092931,-456.0929307,8474,0,-1.190602989,-0.051073705
Poland,Poland,0,24-02-2020,01-03-2020,7,2020,9,38307726,8471,0,9019.911517,-548.9115169,8471,0,-1.43290029,-0.060855532
Poland,Poland,0,02-03-2020,08-03-2020,7,2020,10,38307726,8364,0,8860.911517,-496.9115169,8364,0,-1.297157437,-0.056079052
Poland,Poland,0,09-03-2020,15-03-2020,7,2020,11,38307726,8410,3,8639.111517,-229.1115169,8407,0.007831318,-0.598081747,-0.026520264
Poland,Poland,0,16-03-2020,22-03-2020,7,2020,12,38307726,8322,4,8506.911517,-184.9115169,8318,0.010441758,-0.482700322,-0.021736622
Poland,Poland,0,23-03-2020,29-03-2020,7,2020,13,38307726,8148,15,8377.111517,-229.1115169,8133,0.039156592,-0.598081747,-0.027349704
Poland,Poland,0,30-03-2020,05-04-2020,7,2020,14,38307726,7991,72,8188.111517,-197.1115169,7919,0.187951642,-0.514547684,-0.024072891
Poland,Poland,0,06-04-2020,12-04-2020,7,2020,15,38307726,7996,138,8035.511517,-39.51151685,7858,0.360240647,-0.103142423,-0.004917113
Poland,Poland,0,13-04-2020,19-04-2020,7,2020,16,38307726,8184,128,7838.311517,345.6884831,8056,0.334136252,0.902398861,0.044102417
Poland,Poland,0,20-04-2020,26-04-2020,7,2020,17,38307726,7743,175,7848.711517,-105.7115169,7568,0.456826907,-0.275953516,-0.013468646
Poland,Poland,0,27-04-2020,03-05-2020,7,2020,18,38307726,7757,143,7656.511517,100.4884831,7614,0.373292844,0.262319103,0.013124578
Poland,Poland,0,04-05-2020,10-05-2020,7,2020,19,38307726,7581,122,7516.711517,64.28848315,7459,0.318473615,0.167821194,0.008552741
Poland,Poland,0,11-05-2020,17-05-2020,7,2020,20,38307726,7558,125,7398.511517,159.4884831,7433,0.326304934,0.416335032,0.021556834
Poland,Poland,0,18-05-2020,24-05-2020,7,2020,21,38307726,7546,71,7496.511517,49.48848315,7475,0.185341202,0.12918669,0.006601535
Poland,Poland,0,25-05-2020,31-05-2020,7,2020,22,38307726,7632,68,7469.911517,162.0884831,7564,0.177509884,0.423122174,0.021698849
Poland,Poland,0,01-06-2020,07-06-2020,7,2020,23,38307726,7808,93,7438.111517,369.8884831,7715,0.242770871,0.965571496,0.049728817
Poland,Poland,0,08-06-2020,14-06-2020,7,2020,24,38307726,7740,90,7425.711517,314.2884831,7650,0.234939552,0.820431062,0.042324359
Poland,Poland,0,15-06-2020,21-06-2020,7,2020,25,38307726,7395,109,7392.711517,2.288483146,7286,0.284537902,0.005973947,0.000309559
Poland,Poland,0,22-06-2020,28-06-2020,7,2020,26,38307726,7375,82,7235.911517,139.0884831,7293,0.214056037,0.363082066,0.019221971
Poland,Poland,0,29-06-2020,05-07-2020,7,2020,27,38307726,7657,79,7249.311517,407.6884831,7578,0.206224718,1.064246108,0.056238235
Poland,Poland,0,06-07-2020,12-07-2020,7,2020,28,38307726,7309,54,7229.311517,79.68848315,7255,0.140963731,0.208021962,0.01102297
Poland,Poland,0,13-07-2020,19-07-2020,7,2020,29,38307726,7505,53,7296.711517,208.2884831,7452,0.138353292,0.543724478,0.028545528
Poland,Poland,0,20-07-2020,26-07-2020,7,2020,30,38307726,7569,47,7554.311517,14.68848315,7522,0.122690655,0.038343396,0.001944384
Poland,Poland,0,27-07-2020,02-08-2020,7,2020,31,38307726,7787,60,7440.711517,346.2884831,7727,0.156626368,0.903965125,0.0465397
Poland,Poland,0,03-08-2020,09-08-2020,7,2020,32,38307726,7952,76,7403.711517,548.2884831,7876,0.1983934,1.431273898,0.074055895
Poland,Poland,0,10-08-2020,16-08-2020,7,2020,33,38307726,8071,70,7239.711517,831.2884831,8001,0.182730763,2.170028268,0.114823426
Poland,Poland,0,17-08-2020,23-08-2020,7,2020,34,38307726,7947,78,7081.511517,865.4884831,7869,0.203614279,2.259305298,0.122218044
Poland,Poland,0,24-08-2020,30-08-2020,7,2020,35,38307726,7443,78,7365.911517,77.08848315,7365,0.203614279,0.201234819,0.010465573
Poland,Poland,0,31-08-2020,06-09-2020,7,2020,36,38307726,7557,87,7236.911517,320.0884831,7470,0.227108234,0.835571611,0.044229984
Poland,Poland,0,07-09-2020,13-09-2020,7,2020,37,38307726,7704,68,7173.911517,530.0884831,7636,0.177509884,1.3837639,0.073891138
Poland,Poland,0,14-09-2020,20-09-2020,7,2020,38,38307726,8231,105,7434.911517,796.0884831,8126,0.274096144,2.078140799,0.107074372
Poland,Poland,0,21-09-2020,27-09-2020,7,2020,39,38307726,8219,139,7647.711517,571.2884831,8080,0.362851086,1.491314006,0.07470058
Poland,Poland,0,28-09-2020,04-10-2020,7,2020,40,38307726,8413,198,7850.111517,562.8884831,8215,0.516867015,1.469386314,0.071704521
Poland,Poland,0,05-10-2020,11-10-2020,7,2020,41,38307726,9187,374,7800.711517,1386.288483,8813,0.976304362,3.618822175,0.177713082
Poland,Poland,0,12-10-2020,18-10-2020,7,2020,42,38307726,10231,569,7928.311517,2302.688483,9662,1.485340059,6.011028906,0.290438699
Poland,Poland,0,19-10-2020,25-10-2020,7,2020,43,38307726,12364,865,7830.911517,4533.088483,11499,2.258030143,11.8333531,0.578871115
Poland,Poland,0,26-10-2020,01-11-2020,7,2020,44,38307726,14743,1345,7829.511517,6913.488483,13398,3.511041089,18.04724322,0.883003808
Poland,Poland,0,02-11-2020,08-11-2020,7,2020,45,38307726,16244,2089,7728.111517,8515.888483,14155,5.453208055,22.23021143,1.101936542
Poland,Poland,0,09-11-2020,15-11-2020,7,2020,46,38307726,15633,2476,7772.311517,7860.688483,13157,6.463448131,20.51985149,1.011370744
Poland,Poland,0,16-11-2020,22-11-2020,7,2020,47,38307726,14828,3270,7865.111517,6962.888483,11558,8.536137071,18.17619893,0.885287954
Poland,Poland,0,23-11-2020,29-11-2020,7,2020,48,38307726,13627,3411,7899.311517,5727.688483,10216,8.904209036,14.95178409,0.72508705
Poland,Poland,0,30-11-2020,06-12-2020,7,2020,49,38307726,12982,3060,8107.511517,4874.488483,9922,7.987944782,12.72455714,0.601231151
Poland,Poland,0,07-12-2020,13-12-2020,7,2020,50,38307726,12018,2775,8072.911517,3945.088483,9243,7.243969532,10.29841469,0.48868224
Poland,Poland,0,14-12-2020,20-12-2020,7,2020,51,38307726,11679,2533,8251.511517,3427.488483,9146,6.61224318,8.947251223,0.415377047
Poland,Poland,0,21-12-2020,27-12-2020,7,2020,52,38307726,12128,1721,8512.111517,3615.888483,10407,4.49256633,9.43905802,0.424793364
Poland,Poland,0,28-12-2020,03-01-2021,7,2020,53,38307726,11775,2001,8460.401685,3314.598315,9774,5.223489382,8.652558271,0.391777889
Poland,Poland,0,04-01-2021,10-01-2021,7,2021,1,38307726,11478,2070,8766.930103,2711.069897,9408,5.403609705,7.077083868,0.309238224
Poland,Poland,0,11-01-2021,17-01-2021,7,2021,2,38307726,10974,2166,8737.59677,2236.40323,8808,5.654211894,5.837995266,0.255951755
Poland,Poland,0,18-01-2021,24-01-2021,7,2021,3,38307726,11022,2008,8729.430103,2292.569897,9014,5.241762458,5.984614949,0.26262538
Poland,Poland,0,25-01-2021,31-01-2021,7,2021,4,38307726,10397,1817,8784.763436,1612.236564,8580,4.743168519,4.208645963,0.183526463
Poland,Poland,0,01-02-2021,07-02-2021,7,2021,5,38307726,9880,1907,9089.763436,790.2365637,7973,4.978108071,2.062864717,0.086936978
Poland,Poland,0,08-02-2021,14-02-2021,7,2021,6,38307726,9927,1720,9010.59677,916.4032303,8207,4.48995589,2.392215164,0.101702834
Poland,Poland,0,15-02-2021,21-02-2021,7,2021,7,38307726,10117,1364,9105.930103,1011.069897,8753,3.560639439,2.639336767,0.111034226
Poland,Poland,0,22-02-2021,28-02-2021,7,2021,8,38307726,9894,1598,9007.263436,886.7365637,8296,4.171482275,2.314772126,0.098446833
Poland,Poland,0,01-03-2021,07-03-2021,7,2021,9,38307726,10155,1516,9097.082022,1057.917978,8639,3.957426238,2.761630846,0.116292013
Poland,Poland,0,08-03-2021,14-03-2021,7,2021,10,38307726,10835,1893,8938.082022,1896.917978,8942,4.941561919,4.951789562,0.21222875
Poland,Poland,0,15-03-2021,21-03-2021,7,2021,11,38307726,11565,2122,8716.282022,2848.717978,9443,5.539352558,7.436405851,0.326827192
Poland,Poland,0,22-03-2021,28-03-2021,7,2021,12,38307726,12605,2584,8584.082022,4020.917978,10021,6.745375593,10.496363,0.468415605
Poland,Poland,0,29-03-2021,04-04-2021,7,2021,13,38307726,13833,3057,8454.282022,5378.717978,10776,7.980113463,14.04081771,0.636212272
Poland,Poland,0,05-04-2021,11-04-2021,7,2021,14,38307726,13797,3480,8265.282022,5531.717978,10317,9.08432936,14.44021495,0.669271534
Poland,Poland,0,12-04-2021,18-04-2021,7,2021,15,38307726,12791,3611,8112.682022,4678.317978,9180,9.42629693,12.21246591,0.576667243
Poland,Poland,0,19-04-2021,25-04-2021,7,2021,16,38307726,11996,3383,7915.482022,4080.517978,8613,8.831116731,10.65194519,0.51551099
Poland,Poland,0,26-04-2021,02-05-2021,7,2021,17,38307726,11074,2653,7925.882022,3148.117978,8421,6.925495917,8.217971428,0.397194655
Poland,Poland,0,03-05-2021,09-05-2021,7,2021,18,38307726,10084,1944,7733.682022,2350.317978,8140,5.074694332,6.135362818,0.303906725
Poland,Poland,0,10-05-2021,16-05-2021,7,2021,19,38307726,9678,1652,7593.882022,2084.117978,8026,4.312446006,5.440463831,0.274446979
Poland,Poland,0,17-05-2021,23-05-2021,7,2021,20,38307726,8679,1264,7475.682022,1203.317978,7415,3.299595492,3.141188745,0.160964307
Poland,Poland,0,24-05-2021,30-05-2021,7,2021,21,38307726,8233,810,7573.682022,659.3179775,7423,2.114455972,1.721109673,0.087053823
Poland,Poland,0,31-05-2021,06-06-2021,7,2021,22,38307726,8157,414,7547.082022,609.9179775,7743,1.080721941,1.592153963,0.080815072
Poland,Poland,0,07-06-2021,13-06-2021,7,2021,23,38307726,8137,421,7515.282022,621.7179775,7716,1.098995017,1.622957148,0.082727165
Poland,Poland,0,14-06-2021,20-06-2021,7,2021,24,38307726,8347,255,7502.882022,844.1179775,8092,0.665662065,2.203518887,0.112505831
Poland,Poland,0,21-06-2021,27-06-2021,7,2021,25,38307726,8359,151,7469.882022,889.1179775,8208,0.39417636,2.320988663,0.119027044
Poland,Poland,0,28-06-2021,04-07-2021,7,2021,26,38307726,7543,105,7313.082022,229.9179775,7438,0.274096144,0.600186964,0.031439272
Poland,Poland,0,05-07-2021,11-07-2021,7,2021,27,38307726,7657,76,7326.482022,330.5179775,7581,0.1983934,0.862797174,0.045112781
Poland,Poland,0,12-07-2021,18-07-2021,7,2021,28,38307726,7883,55,7306.482022,576.5179775,7828,0.143574171,1.504965284,0.078905002
Poland,Poland,0,19-07-2021,25-07-2021,7,2021,29,38307726,7352,27,7373.882022,-21.88202247,7325,0.070481866,-0.057121695,-0.002967504
Poland,Poland,0,26-07-2021,01-08-2021,7,2021,30,38307726,7825,19,7631.482022,193.5179775,7806,0.04959835,0.505166967,0.02535785
Poland,Poland,0,02-08-2021,08-08-2021,7,2021,31,38307726,7392,24,7517.882022,-125.8820225,7368,0.062650547,-0.3286074,-0.016744347
Poland,Poland,0,09-08-2021,15-08-2021,7,2021,32,38307726,7579,14,7480.882022,98.11797753,7565,0.036546153,0.256131041,0.01311583
Poland,Poland,0,16-08-2021,22-08-2021,7,2021,33,38307726,7410,17,7316.882022,93.11797753,7393,0.044377471,0.243078844,0.012726456
Poland,Poland,0,23-08-2021,29-08-2021,7,2021,34,38307726,7404,24,7158.682022,245.3179775,7380,0.062650547,0.640387732,0.034268595
Poland,Poland,0,30-08-2021,05-09-2021,7,2021,35,38307726,7405,39,7443.082022,-38.08202247,7366,0.101807139,-0.099410815,-0.005116432
Poland,Poland,0,06-09-2021,12-09-2021,7,2021,36,38307726,8078,46,7314.082022,763.9179775,8032,0.120080216,1.994161641,0.10444482
Poland,Poland,0,13-09-2021,19-09-2021,7,2021,37,38307726,7830,63,7251.082022,578.9179775,7767,0.164457687,1.511230339,0.07983884
Poland,Poland,0,20-09-2021,26-09-2021,7,2021,38,38307726,8087,84,7512.082022,574.9179775,8003,0.219276916,1.500788581,0.076532441
Poland,Poland,0,27-09-2021,03-10-2021,7,2021,39,38307726,8144,123,7724.882022,419.1179775,8021,0.321084055,1.094082112,0.054255583
Poland,Poland,0,04-10-2021,10-10-2021,7,2021,40,38307726,8478,174,7927.282022,550.7179775,8304,0.454216468,1.437615946,0.069471223
Poland,Poland,0,11-10-2021,17-10-2021,7,2021,41,38307726,8540,243,7877.882022,662.1179775,8297,0.634336791,1.728418903,0.084047714
Poland,Poland,0,18-10-2021,24-10-2021,7,2021,42,38307726,8856,335,8005.482022,850.5179775,8521,0.874497223,2.220225699,0.106241945
Poland,Poland,0,25-10-2021,31-10-2021,7,2021,43,38307726,9490,552,7908.082022,1581.917978,8938,1.440962588,4.129501129,0.200038135
Poland,Poland,0,01-11-2021,07-11-2021,7,2021,44,38307726,9921,758,7906.682022,2014.317978,9163,1.978713119,5.258255156,0.254761475
Poland,Poland,0,08-11-2021,14-11-2021,7,2021,45,38307726,10771,1110,7805.282022,2965.717978,9661,2.897587813,7.741827269,0.379962949
Poland,Poland,0,15-11-2021,21-11-2021,7,2021,46,38307726,12040,1955,7849.482022,4190.517978,10085,5.103409166,10.93909353,0.533859173
Poland,Poland,0,22-11-2021,28-11-2021,7,2021,47,38307726,12725,2215,7942.282022,4782.717978,10510,5.782123429,12.48499579,0.602184355
Poland,Poland,0,29-11-2021,05-12-2021,7,2021,48,38307726,13386,2638,7976.482022,5409.517978,10748,6.886339325,14.12121925,0.678183435
Poland,Poland,0,06-12-2021,12-12-2021,7,2021,49,38307726,13785,2804,8184.682022,5600.317978,10981,7.319672277,14.6192911,0.684243806
Poland,Poland,0,13-12-2021,19-12-2021,7,2021,50,38307726,13831,3006,8150.082022,5680.917978,10825,7.84698105,14.82969252,0.697038136
Poland,Poland,0,20-12-2021,26-12-2021,7,2021,51,38307726,13733,2842,8328.682022,5404.317978,10891,7.418868977,14.10764496,0.648880335
Poland,Poland,0,27-12-2021,02-01-2022,7,2021,52,38307726,13541,3265,8589.282022,4951.717978,10276,8.523084873,12.92616006,0.576499638
Poland,Poland,0,03-01-2022,09-01-2022,7,2022,1,38307726,11993,2150,8844.100609,3148.899391,9843,5.612444863,8.220011262,0.35604518
Poland,Poland,0,10-01-2022,16-01-2022,7,2022,2,38307726,10777,2563,8814.767275,1962.232725,8214,6.690556365,5.122289756,0.222607434
Poland,Poland,0,17-01-2022,23-01-2022,7,2022,3,38307726,9993,1539,8806.600609,1186.399391,8454,4.017466346,3.0970238,0.134717066
Poland,Poland,0,24-01-2022,30-01-2022,7,2022,4,38307726,10154,1317,8861.933942,1292.066058,8837,3.437948783,3.372860237,0.145799559
Poland,Poland,0,31-01-2022,06-02-2022,7,2022,5,38307726,10547,1436,9166.933942,1380.066058,9111,3.748591081,3.602578911,0.150548271
Poland,Poland,0,07-02-2022,13-02-2022,7,2022,6,38307726,10686,1523,9087.767275,1598.232725,9163,3.975699315,4.172089789,0.175866379
Poland,Poland,0,14-02-2022,20-02-2022,7,2022,7,38307726,10392,1697,9183.100609,1208.899391,8695,4.429915783,3.155758688,0.131643923
Poland,Poland,0,21-02-2022,27-02-2022,7,2022,8,38307726,9816,1499,9084.433942,731.5660581,8317,3.913048767,1.909708914,0.080529625
Poland,Poland,0,28-02-2022,06-03-2022,7,2022,9,38307726,9210,1229,9174.252528,35.74747191,7981,3.20823011,0.093316612,0.0038965
Poland,Poland,0,07-03-2022,13-03-2022,7,2022,10,38307726,9155,898,9015.252528,139.7474719,8257,2.344174645,0.364802317,0.015501227
Poland,Poland,0,14-03-2022,20-03-2022,7,2022,11,38307726,8771,775,8793.452528,-22.45252809,7996,2.02309059,-0.058610966,-0.002553323
Poland,Poland,0,21-03-2022,27-03-2022,7,2022,12,38307726,8880,610,8661.252528,218.7474719,8270,1.592368077,0.571027035,0.02525587
Poland,Poland,0,28-03-2022,03-04-2022,7,2022,13,38307726,8892,517,8531.452528,360.5474719,8375,1.349597207,0.941187352,0.042260971
Poland,Poland,0,04-04-2022,10-04-2022,7,2022,14,38307726,8564,290,8342.452528,221.5474719,8274,0.757027447,0.578336265,0.026556636
Poland,Poland,0,11-04-2022,17-04-2022,7,2022,15,38307726,8424,203,8189.852528,234.1474719,8221,0.529919213,0.611227803,0.02858995
Poland,Poland,0,18-04-2022,24-04-2022,7,2022,16,38307726,8726,110,7992.652528,733.3474719,8616,0.287148342,1.914359187,0.091752703
Poland,Poland,0,25-04-2022,01-05-2022,7,2022,17,38307726,8280,111,8003.052528,276.9474719,8169,0.289758781,0.722954612,0.03460523
Poland,Poland,0,02-05-2022,08-05-2022,7,2022,18,38307726,8184,79,7810.852528,373.1474719,8105,0.206224718,0.974078889,0.047772951
Poland,Poland,0,09-05-2022,15-05-2022,7,2022,19,38307726,7882,69,7671.052528,210.9474719,7813,0.180120324,0.550665607,0.027499156
Poland,Poland,0,16-05-2022,22-05-2022,7,2022,20,38307726,7555,61,7552.852528,2.14747191,7494,0.159236808,0.005605845,0.000284326
Poland,Poland,0,23-05-2022,29-05-2022,7,2022,21,38307726,7435,43,7650.852528,-215.8525281,7392,0.112248897,-0.563469959,-0.028212873
Poland,Poland,0,30-05-2022,05-06-2022,7,2022,22,38307726,7324,38,7624.252528,-300.2525281,7286,0.0991967,-0.783791051,-0.039381241
Poland,Poland,0,06-06-2022,12-06-2022,7,2022,23,38307726,7385,22,7592.452528,-207.4525281,7363,0.057429668,-0.541542268,-0.02732352
Poland,Poland,0,13-06-2022,19-06-2022,7,2022,24,38307726,7018,22,7580.052528,-562.0525281,6996,0.057429668,-1.467204104,-0.074148896
Poland,Poland,0,20-06-2022,26-06-2022,7,2022,25,38307726,7011,24,7547.052528,-536.0525281,6987,0.062650547,-1.399332678,-0.071028064
Portugal,Portugal,0,30-12-2019,05-01-2020,7,2020,1,10290103,2510,0,2770.504916,-260.5049157,2510,0,-2.531606493,-0.094027957
Portugal,Portugal,0,06-01-2020,12-01-2020,7,2020,2,10290103,2665,0,2807.671582,-142.6715824,2665,0,-1.386493239,-0.050814911
Portugal,Portugal,0,13-01-2020,19-01-2020,7,2020,3,10290103,2772,0,2867.671582,-95.6715824,2772,0,-0.929743681,-0.033362113
Portugal,Portugal,0,20-01-2020,26-01-2020,7,2020,4,10290103,2671,0,2823.504916,-152.5049157,2671,0,-1.482054317,-0.054012626
Portugal,Portugal,0,27-01-2020,02-02-2020,7,2020,5,10290103,2691,0,2711.004916,-20.00491573,2691,0,-0.194409286,-0.007379151
Portugal,Portugal,0,03-02-2020,09-02-2020,7,2020,6,10290103,2490,0,2644.338249,-154.3382491,2490,0,-1.499870789,-0.058365547
Portugal,Portugal,0,10-02-2020,16-02-2020,7,2020,7,10290103,2288,0,2607.671582,-319.6715824,2288,0,-3.10659264,-0.122588897
Portugal,Portugal,0,17-02-2020,23-02-2020,7,2020,8,10290103,2360,0,2506.838249,-146.8382491,2360,0,-1.426985221,-0.058575079
Portugal,Portugal,0,24-02-2020,01-03-2020,7,2020,9,10290103,2309,0,2491.405899,-182.4058989,2309,0,-1.772634335,-0.073214043
Portugal,Portugal,0,02-03-2020,08-03-2020,7,2020,10,10290103,2182,0,2366.605899,-184.6058989,2182,0,-1.794014101,-0.078004495
Portugal,Portugal,0,09-03-2020,15-03-2020,7,2020,11,10290103,2362,0,2304.605899,57.39410112,2362,0,0.55776022,0.024904085
Portugal,Portugal,0,16-03-2020,22-03-2020,7,2020,12,10290103,2440,14,2240.605899,199.3941011,2426,0.13605306,1.937726971,0.088991152
Portugal,Portugal,0,23-03-2020,29-03-2020,7,2020,13,10290103,2544,105,2188.805899,355.1941011,2439,1.020397949,3.451803166,0.162277569
Portugal,Portugal,0,30-03-2020,05-04-2020,7,2020,14,10290103,2654,176,2213.405899,440.5941011,2478,1.710381325,4.281726831,0.199057074
Portugal,Portugal,0,06-04-2020,12-04-2020,7,2020,15,10290103,2609,209,2136.205899,472.7941011,2400,2.031077823,4.594648869,0.221324218
Portugal,Portugal,0,13-04-2020,19-04-2020,7,2020,16,10290103,2390,210,2037.005899,352.9941011,2180,2.040795899,3.430423399,0.173290662
Portugal,Portugal,0,20-04-2020,26-04-2020,7,2020,17,10290103,2311,189,2017.005899,293.9941011,2122,1.836716309,2.857056933,0.14575768
Portugal,Portugal,0,27-04-2020,03-05-2020,7,2020,18,10290103,2174,140,2003.605899,170.3941011,2034,1.360530599,1.655902775,0.085043721
Portugal,Portugal,0,04-05-2020,10-05-2020,7,2020,19,10290103,2172,92,1947.005899,224.9941011,2080,0.894062965,2.186509709,0.115559024
Portugal,Portugal,0,11-05-2020,17-05-2020,7,2020,20,10290103,2057,83,1985.405899,71.59410112,1974,0.806600284,0.695756895,0.036060184
Portugal,Portugal,0,18-05-2020,24-05-2020,7,2020,21,10290103,2071,98,1945.205899,125.7941011,1973,0.952371419,1.222476598,0.064668785
Portugal,Portugal,0,25-05-2020,31-05-2020,7,2020,22,10290103,2335,94,1944.005899,390.9941011,2241,0.913499117,3.799710276,0.201128043
Portugal,Portugal,0,01-06-2020,07-06-2020,7,2020,23,10290103,2023,69,1907.605899,115.3941011,1954,0.670547224,1.121408611,0.060491583
Portugal,Portugal,0,08-06-2020,14-06-2020,7,2020,24,10290103,1871,38,1901.805899,-30.80589888,1833,0.369286877,-0.299374058,-0.016198235
Portugal,Portugal,0,15-06-2020,21-06-2020,7,2020,25,10290103,1942,13,2012.205899,-70.20589888,1929,0.126334984,-0.68226624,-0.034890017
Portugal,Portugal,0,22-06-2020,28-06-2020,7,2020,26,10290103,2121,34,1880.005899,240.9941011,2087,0.330414574,2.34199892,0.128187949
Portugal,Portugal,0,29-06-2020,05-07-2020,7,2020,27,10290103,2061,50,1838.805899,222.1941011,2011,0.485903785,2.159299097,0.120836082
Portugal,Portugal,0,06-07-2020,12-07-2020,7,2020,28,10290103,2236,46,1871.005899,364.9941011,2190,0.447031483,3.547040308,0.195079076
Portugal,Portugal,0,13-07-2020,19-07-2020,7,2020,29,10290103,2651,29,1863.205899,787.7941011,2622,0.281824196,7.655842717,0.422816449
Portugal,Portugal,0,20-07-2020,26-07-2020,7,2020,30,10290103,2440,28,1882.005899,557.9941011,2412,0.27210612,5.422628919,0.296489029
Portugal,Portugal,0,27-07-2020,02-08-2020,7,2020,31,10290103,2217,21,1929.805899,287.1941011,2196,0.20407959,2.790974018,0.148820201
Portugal,Portugal,0,03-08-2020,09-08-2020,7,2020,32,10290103,2090,18,1963.805899,126.1941011,2072,0.174925363,1.226363829,0.064259966
Portugal,Portugal,0,10-08-2020,16-08-2020,7,2020,33,10290103,1941,22,1849.405899,91.59410112,1919,0.213797666,0.890118409,0.04952623
Portugal,Portugal,0,17-08-2020,23-08-2020,7,2020,34,10290103,2014,18,1940.005899,73.99410112,1996,0.174925363,0.719080277,0.038141173
Portugal,Portugal,0,24-08-2020,30-08-2020,7,2020,35,10290103,2078,23,1818.605899,259.3941011,2055,0.223515741,2.520811513,0.142633487
Portugal,Portugal,0,31-08-2020,06-09-2020,7,2020,36,10290103,2061,21,1872.205899,188.7941011,2040,0.20407959,1.834715368,0.100840458
Portugal,Portugal,0,07-09-2020,13-09-2020,7,2020,37,10290103,2239,27,1814.805899,424.1941011,2212,0.262388044,4.12235039,0.233740755
Portugal,Portugal,0,14-09-2020,20-09-2020,7,2020,38,10290103,2127,45,1846.805899,280.1941011,2082,0.437313407,2.722947488,0.151718219
Portugal,Portugal,0,21-09-2020,27-09-2020,7,2020,39,10290103,1891,41,1888.805899,2.194101124,1850,0.398441104,0.021322441,0.001161634
Portugal,Portugal,0,28-09-2020,04-10-2020,7,2020,40,10290103,2142,52,1937.005899,204.9941011,2090,0.505339937,1.992148194,0.105830396
Portugal,Portugal,0,05-10-2020,11-10-2020,7,2020,41,10290103,2157,75,1896.805899,260.1941011,2082,0.728855678,2.528585974,0.137174869
Portugal,Portugal,0,12-10-2020,18-10-2020,7,2020,42,10290103,2216,101,1966.405899,249.5941011,2115,0.981525647,2.425574371,0.126929085
Portugal,Portugal,0,19-10-2020,25-10-2020,7,2020,43,10290103,2228,135,2010.605899,217.3941011,2093,1.311940221,2.112652333,0.108123676
Portugal,Portugal,0,26-10-2020,01-11-2020,7,2020,44,10290103,2474,228,2011.605899,462.3941011,2246,2.215721261,4.493580882,0.229863166
Portugal,Portugal,0,02-11-2020,08-11-2020,7,2020,45,10290103,2562,352,2056.405899,505.5941011,2210,3.420762649,4.913401752,0.245862989
Portugal,Portugal,0,09-11-2020,15-11-2020,7,2020,46,10290103,2738,485,2104.805899,633.1941011,2253,4.713266719,6.153428213,0.300832538
Portugal,Portugal,0,16-11-2020,22-11-2020,7,2020,47,10290103,2708,516,2144.405899,563.5941011,2192,5.014527065,5.477050143,0.262820626
Portugal,Portugal,0,23-11-2020,29-11-2020,7,2020,48,10290103,2701,530,2227.005899,473.9941011,2171,5.150580125,4.60631056,0.212839176
Portugal,Portugal,0,30-11-2020,06-12-2020,7,2020,49,10290103,2853,536,2267.005899,585.9941011,2317,5.20888858,5.694735039,0.258488124
Portugal,Portugal,0,07-12-2020,13-12-2020,7,2020,50,10290103,3031,596,2308.605899,722.3941011,2435,5.791973122,7.020280566,0.312913565
Portugal,Portugal,0,14-12-2020,20-12-2020,7,2020,51,10290103,2923,575,2424.805899,498.1941011,2348,5.587893532,4.841487992,0.205457312
Portugal,Portugal,0,21-12-2020,27-12-2020,7,2020,52,10290103,2801,485,2574.005899,226.9941011,2316,4.713266719,2.20594586,0.088187094
Portugal,Portugal,0,28-12-2020,03-01-2021,7,2020,53,10290103,3162,499,2541.339888,620.6601124,2663,4.849319778,6.031621961,0.244225542
Portugal,Portugal,0,04-01-2021,10-01-2021,7,2021,1,10290103,3836,685,2779.906882,1056.093118,3151,6.65688186,10.26319288,0.379902336
Portugal,Portugal,0,11-01-2021,17-01-2021,7,2021,2,10290103,4618,1058,2817.073549,1800.926451,3560,10.2817241,17.5015396,0.639289823
Portugal,Portugal,0,18-01-2021,24-01-2021,7,2021,3,10290103,5044,1608,2877.073549,2166.926451,3436,15.62666574,21.05835531,0.753170336
Portugal,Portugal,0,25-01-2021,31-01-2021,7,2021,4,10290103,4818,2013,2832.906882,1985.093118,2805,19.5624864,19.29128521,0.700726568
Portugal,Portugal,0,01-02-2021,07-02-2021,7,2021,5,10290103,3973,1676,2720.406882,1252.593118,2297,16.28749489,12.17279475,0.460443298
Portugal,Portugal,0,08-02-2021,14-02-2021,7,2021,6,10290103,3394,1163,2653.740215,740.2597846,2231,11.30212205,7.193900631,0.278949605
Portugal,Portugal,0,15-02-2021,21-02-2021,7,2021,7,10290103,2862,641,2617.073549,244.9264513,2221,6.229286529,2.380213797,0.093587913
Portugal,Portugal,0,22-02-2021,28-02-2021,7,2021,8,10290103,2535,355,2516.240215,18.75978464,2180,3.449916876,0.182309007,0.007455482
Portugal,Portugal,0,01-03-2021,07-03-2021,7,2021,9,10290103,2354,223,2500.807865,-146.8078652,2131,2.167130883,-1.426689948,-0.058704176
Portugal,Portugal,0,08-03-2021,14-03-2021,7,2021,10,10290103,2138,144,2376.007865,-238.0078652,1994,1.399402902,-2.312978453,-0.100171329
Portugal,Portugal,0,15-03-2021,21-03-2021,7,2021,11,10290103,2115,84,2314.007865,-199.0078652,2031,0.816318359,-1.9339735,-0.086001378
Portugal,Portugal,0,22-03-2021,28-03-2021,7,2021,12,10290103,2057,69,2250.007865,-193.0078652,1988,0.670547224,-1.875665046,-0.085780974
Portugal,Portugal,0,29-03-2021,04-04-2021,7,2021,13,10290103,2133,42,2198.207865,-65.20786517,2091,0.40815918,-0.63369497,-0.029664103
Portugal,Portugal,0,05-04-2021,11-04-2021,7,2021,14,10290103,1996,37,2222.807865,-226.8078652,1959,0.359568801,-2.204136005,-0.102036649
Portugal,Portugal,0,12-04-2021,18-04-2021,7,2021,15,10290103,1966,29,2145.607865,-179.6078652,1937,0.281824196,-1.745442832,-0.083709548
Portugal,Portugal,0,19-04-2021,25-04-2021,7,2021,16,10290103,1916,20,2046.407865,-130.4078652,1896,0.194361514,-1.267313507,-0.063725256
Portugal,Portugal,0,26-04-2021,02-05-2021,7,2021,17,10290103,1893,12,2026.407865,-133.4078652,1881,0.116616908,-1.296467734,-0.065834656
Portugal,Portugal,0,03-05-2021,09-05-2021,7,2021,18,10290103,2046,15,2013.007865,32.99213483,2031,0.145771136,0.320620064,0.016389471
Portugal,Portugal,0,10-05-2021,16-05-2021,7,2021,19,10290103,1912,15,1956.407865,-44.40786517,1897,0.145771136,-0.431558996,-0.022698674
Portugal,Portugal,0,17-05-2021,23-05-2021,7,2021,20,10290103,1838,10,1994.807865,-156.8078652,1828,0.097180757,-1.523870705,-0.078608004
Portugal,Portugal,0,24-05-2021,30-05-2021,7,2021,21,10290103,1996,6,1954.607865,41.39213483,1990,0.058308454,0.4022519,0.021176695
Portugal,Portugal,0,31-05-2021,06-06-2021,7,2021,22,10290103,1884,11,1953.407865,-69.40786517,1873,0.106898833,-0.674510888,-0.035531681
Portugal,Portugal,0,07-06-2021,13-06-2021,7,2021,23,10290103,1947,13,1917.007865,29.99213483,1934,0.126334984,0.291465837,0.015645285
Portugal,Portugal,0,14-06-2021,20-06-2021,7,2021,24,10290103,1987,18,1911.207865,75.79213483,1969,0.174925363,0.736553704,0.039656667
Portugal,Portugal,0,21-06-2021,27-06-2021,7,2021,25,10290103,1854,19,2021.607865,-167.6078652,1835,0.184643438,-1.628825923,-0.082908198
Portugal,Portugal,0,28-06-2021,04-07-2021,7,2021,26,10290103,1954,28,1889.407865,64.59213483,1926,0.27210612,0.627711256,0.034186443
Portugal,Portugal,0,05-07-2021,11-07-2021,7,2021,27,10290103,1953,44,1848.207865,104.7921348,1909,0.427595331,1.0183779,0.056699323
Portugal,Portugal,0,12-07-2021,18-07-2021,7,2021,28,10290103,2058,51,1880.407865,177.5921348,2007,0.495621861,1.725853811,0.094443412
Portugal,Portugal,0,19-07-2021,25-07-2021,7,2021,29,10290103,1960,85,1872.607865,87.39213483,1875,0.826036435,0.849283383,0.046668679
Portugal,Portugal,0,26-07-2021,01-08-2021,7,2021,30,10290103,1979,77,1891.407865,87.59213483,1902,0.74829183,0.851226998,0.046310548
Portugal,Portugal,0,02-08-2021,08-08-2021,7,2021,31,10290103,2066,98,1939.207865,126.7921348,1968,0.952371419,1.232175566,0.065383468
Portugal,Portugal,0,09-08-2021,15-08-2021,7,2021,32,10290103,2089,95,1973.207865,115.7921348,1994,0.923217192,1.125276733,0.058682178
Portugal,Portugal,0,16-08-2021,22-08-2021,7,2021,33,10290103,2129,77,1858.807865,270.1921348,2052,0.74829183,2.625747622,0.145357753
Portugal,Portugal,0,23-08-2021,29-08-2021,7,2021,34,10290103,2095,82,1949.407865,145.5921348,2013,0.796882208,1.414875389,0.074685312
Portugal,Portugal,0,30-08-2021,05-09-2021,7,2021,35,10290103,2083,77,1828.007865,254.9921348,2006,0.74829183,2.478032871,0.139491815
Portugal,Portugal,0,06-09-2021,12-09-2021,7,2021,36,10290103,1994,63,1881.607865,112.3921348,1931,0.61223877,1.092235275,0.059731965
Portugal,Portugal,0,13-09-2021,19-09-2021,7,2021,37,10290103,1923,46,1824.207865,98.79213483,1877,0.447031483,0.960069446,0.054156183
Portugal,Portugal,0,20-09-2021,26-09-2021,7,2021,38,10290103,2034,47,1856.207865,177.7921348,1987,0.456749558,1.727797427,0.095782449
Portugal,Portugal,0,27-09-2021,03-10-2021,7,2021,39,10290103,2016,39,1898.207865,117.7921348,1977,0.379004953,1.144712884,0.062054392
Portugal,Portugal,0,04-10-2021,10-10-2021,7,2021,40,10290103,2130,48,1946.407865,183.5921348,2082,0.466467634,1.784162266,0.094323568
Portugal,Portugal,0,11-10-2021,17-10-2021,7,2021,41,10290103,2140,56,1906.207865,233.7921348,2084,0.54421224,2.272009666,0.122647765
Portugal,Portugal,0,18-10-2021,24-10-2021,7,2021,42,10290103,2051,36,1975.807865,75.19213483,2015,0.349850725,0.730722859,0.0380564
Portugal,Portugal,0,25-10-2021,31-10-2021,7,2021,43,10290103,2187,24,2020.007865,166.9921348,2163,0.233233817,1.622842209,0.082669052
Portugal,Portugal,0,01-11-2021,07-11-2021,7,2021,44,10290103,2135,46,2021.007865,113.9921348,2089,0.447031483,1.107784196,0.056403608
Portugal,Portugal,0,08-11-2021,14-11-2021,7,2021,45,10290103,2425,54,2065.807865,359.1921348,2371,0.524776088,3.49065636,0.173874899
Portugal,Portugal,0,15-11-2021,21-11-2021,7,2021,46,10290103,2470,64,2114.207865,355.7921348,2406,0.621956845,3.457614903,0.16828626
Portugal,Portugal,0,22-11-2021,28-11-2021,7,2021,47,10290103,2568,96,2153.807865,414.1921348,2472,0.932935268,4.025150524,0.19230691
Portugal,Portugal,0,29-11-2021,05-12-2021,7,2021,48,10290103,2741,120,2236.407865,504.5921348,2621,1.166169085,4.903664568,0.225626167
Portugal,Portugal,0,06-12-2021,12-12-2021,7,2021,49,10290103,2628,121,2276.407865,351.5921348,2507,1.175887161,3.416798985,0.154450413
Portugal,Portugal,0,13-12-2021,19-12-2021,7,2021,50,10290103,2504,120,2318.007865,185.9921348,2384,1.166169085,1.807485647,0.080237922
Portugal,Portugal,0,20-12-2021,26-12-2021,7,2021,51,10290103,2596,96,2434.207865,161.7921348,2500,0.932935268,1.572308215,0.066466031
Portugal,Portugal,0,27-12-2021,02-01-2022,7,2021,52,10290103,2539,116,2583.407865,-44.40786517,2423,1.127296782,-0.431558996,-0.017189645
Portugal,Portugal,0,03-01-2022,09-01-2022,7,2022,1,10290103,2469,123,2789.308848,-320.3088483,2346,1.195323312,-3.112785638,-0.114834486
Portugal,Portugal,0,10-01-2022,16-01-2022,7,2022,2,10290103,2555,190,2826.475515,-271.475515,2365,1.846434385,-2.638219608,-0.096047361
Portugal,Portugal,0,17-01-2022,23-01-2022,7,2022,3,10290103,2794,266,2886.475515,-92.47551498,2528,2.585008138,-0.898684056,-0.032037519
Portugal,Portugal,0,24-01-2022,30-01-2022,7,2022,4,10290103,2790,287,2842.308848,-52.30884831,2503,2.789087728,-0.508341348,-0.018403647
Portugal,Portugal,0,31-01-2022,06-02-2022,7,2022,5,10290103,2875,366,2729.808848,145.1911517,2509,3.556815709,1.410978604,0.053187296
Portugal,Portugal,0,07-02-2022,13-02-2022,7,2022,6,10290103,2702,308,2663.142182,38.85781835,2394,2.993167318,0.377623221,0.014590966
Portugal,Portugal,0,14-02-2022,20-02-2022,7,2022,7,10290103,2704,301,2626.475515,77.52448502,2403,2.925140788,0.753388815,0.029516546
Portugal,Portugal,0,21-02-2022,27-02-2022,7,2022,8,10290103,2473,208,2525.642182,-52.64218165,2265,2.021359747,-0.511580707,-0.020843088
Portugal,Portugal,0,28-02-2022,06-03-2022,7,2022,9,10290103,2398,160,2510.209831,-112.2098315,2238,1.554892113,-1.090463637,-0.044701375
Portugal,Portugal,0,07-03-2022,13-03-2022,7,2022,10,10290103,2446,86,2385.409831,60.59016854,2360,0.835754511,0.588819845,0.025400318
Portugal,Portugal,0,14-03-2022,20-03-2022,7,2022,11,10290103,2418,123,2323.409831,94.59016854,2295,1.195323312,0.919234419,0.040711788
Portugal,Portugal,0,21-03-2022,27-03-2022,7,2022,12,10290103,2442,137,2259.409831,182.5901685,2305,1.331376372,1.774425081,0.080813213
Portugal,Portugal,0,28-03-2022,03-04-2022,7,2022,13,10290103,2469,171,2207.609831,261.3901685,2298,1.661790946,2.540209447,0.118404151
Portugal,Portugal,0,04-04-2022,10-04-2022,7,2022,14,10290103,2414,158,2232.209831,181.7901685,2256,1.535455962,1.766650621,0.081439552
Portugal,Portugal,0,11-04-2022,17-04-2022,7,2022,15,10290103,2439,119,2155.009831,283.9901685,2320,1.156451009,2.759837958,0.13178138
Portugal,Portugal,0,18-04-2022,24-04-2022,7,2022,16,10290103,2306,169,2055.809831,250.1901685,2137,1.642354795,2.431366999,0.121699082
Portugal,Portugal,0,25-04-2022,01-05-2022,7,2022,17,10290103,2286,118,2035.809831,250.1901685,2168,1.146732934,2.431366999,0.122894666
Portugal,Portugal,0,02-05-2022,08-05-2022,7,2022,18,10290103,2219,140,2022.409831,196.5901685,2079,1.360530599,1.910478141,0.0972059
Portugal,Portugal,0,09-05-2022,15-05-2022,7,2022,19,10290103,2450,163,1965.809831,484.1901685,2287,1.58404634,4.705396715,0.246305701
Portugal,Portugal,0,16-05-2022,22-05-2022,7,2022,20,10290103,2353,171,2004.209831,348.7901685,2182,1.661790946,3.389569264,0.174028768
Portugal,Portugal,0,23-05-2022,29-05-2022,7,2022,21,10290103,2334,227,1964.009831,369.9901685,2107,2.206003186,3.595592469,0.18838509
Portugal,Portugal,0,30-05-2022,05-06-2022,7,2022,22,10290103,2385,262,1962.809831,422.1901685,2123,2.546135836,4.102876021,0.21509479
Portugal,Portugal,0,06-06-2022,12-06-2022,7,2022,23,10290103,2497,288,1926.409831,570.5901685,2209,2.798805804,5.545038456,0.296193551
Portugal,Portugal,0,13-06-2022,19-06-2022,7,2022,24,10290103,2666,215,1920.609831,745.3901685,2451,2.089386277,7.24375809,0.388100777
Portugal,Portugal,0,20-06-2022,26-06-2022,7,2022,25,10290103,2158,267,2031.009831,126.9901685,1891,2.594726214,1.234100072,0.06252563
Portugal,Portugal,0,27-06-2022,03-07-2022,7,2022,26,10290103,2114,136,1898.809831,215.1901685,1978,1.321658296,2.09123435,0.113328973
Romania,Romania,0,30-12-2019,05-01-2020,7,2020,1,19328560,5346,0,5792.523642,-446.5236423,5346,0,-2.310175421,-0.077086201
Romania,Romania,0,06-01-2020,12-01-2020,7,2020,2,19328560,5376,0,5777.023642,-401.0236423,5376,0,-2.074772473,-0.069416999
Romania,Romania,0,13-01-2020,19-01-2020,7,2020,3,19328560,5419,0,5737.856976,-318.8569757,5419,0,-1.649667516,-0.055570743
Romania,Romania,0,20-01-2020,26-01-2020,7,2020,4,19328560,5350,0,5700.690309,-350.690309,5350,0,-1.814363351,-0.061517165
Romania,Romania,0,27-01-2020,02-02-2020,7,2020,5,19328560,5432,0,5714.523642,-282.5236423,5432,0,-1.461690071,-0.049439579
Romania,Romania,0,03-02-2020,09-02-2020,7,2020,6,19328560,5433,0,5538.356976,-105.3569757,5433,0,-0.545084454,-0.019023146
Romania,Romania,0,10-02-2020,16-02-2020,7,2020,7,19328560,5385,0,5549.856976,-164.8569757,5385,0,-0.852919078,-0.029704725
Romania,Romania,0,17-02-2020,23-02-2020,7,2020,8,19328560,5211,0,5542.190309,-331.190309,5211,0,-1.713476374,-0.059758018
Romania,Romania,0,24-02-2020,01-03-2020,7,2020,9,19328560,5341,0,5609.828371,-268.8283708,5341,0,-1.390834965,-0.047920962
Romania,Romania,0,02-03-2020,08-03-2020,7,2020,10,19328560,5182,0,5474.828371,-292.8283708,5182,0,-1.515003553,-0.053486311
Romania,Romania,0,09-03-2020,15-03-2020,7,2020,11,19328560,5097,0,5395.228371,-298.2283708,5097,0,-1.542941485,-0.05527632
Romania,Romania,0,16-03-2020,22-03-2020,7,2020,12,19328560,5032,3,5306.628371,-274.6283708,5029,0.015521073,-1.420842374,-0.051751951
Romania,Romania,0,23-03-2020,29-03-2020,7,2020,13,19328560,5180,40,5242.228371,-62.22837079,5140,0.206947646,-0.321950372,-0.011870595
Romania,Romania,0,30-03-2020,05-04-2020,7,2020,14,19328560,5190,108,5159.428371,30.57162921,5082,0.558758645,0.158168168,0.005925391
Romania,Romania,0,06-04-2020,12-04-2020,7,2020,15,19328560,5237,165,5064.428371,172.5716292,5072,0.853659041,0.892832312,0.034075243
Romania,Romania,0,13-04-2020,19-04-2020,7,2020,16,19328560,5126,135,4998.028371,127.9716292,4991,0.698448307,0.662085687,0.025604422
Romania,Romania,0,20-04-2020,26-04-2020,7,2020,17,19328560,5092,168,4876.228371,215.7716292,4924,0.869180115,1.116335771,0.044249697
Romania,Romania,0,27-04-2020,03-05-2020,7,2020,18,19328560,4861,171,4877.428371,-16.42837079,4690,0.884701188,-0.084995317,-0.003368244
Romania,Romania,0,04-05-2020,10-05-2020,7,2020,19,19328560,4817,171,4671.228371,145.7716292,4646,0.884701188,0.754177389,0.031206273
Romania,Romania,0,11-05-2020,17-05-2020,7,2020,20,19328560,4870,146,4610.028371,259.9716292,4724,0.755358909,1.34501292,0.056392631
Romania,Romania,0,18-05-2020,24-05-2020,7,2020,21,19328560,4560,78,4652.428371,-92.42837079,4482,0.40354791,-0.478195845,-0.019866694
Romania,Romania,0,25-05-2020,31-05-2020,7,2020,22,19328560,4559,81,4588.628371,-29.62837079,4478,0.419068984,-0.15328804,-0.006456912
Romania,Romania,0,01-06-2020,07-06-2020,7,2020,23,19328560,4910,67,4623.228371,286.7716292,4843,0.346637308,1.483667843,0.062028437
Romania,Romania,0,08-06-2020,14-06-2020,7,2020,24,19328560,5079,77,4661.828371,417.1716292,5002,0.398374219,2.15831717,0.089486698
Romania,Romania,0,15-06-2020,21-06-2020,7,2020,25,19328560,4677,102,4770.028371,-93.02837079,4575,0.527716498,-0.48130006,-0.019502687
Romania,Romania,0,22-06-2020,28-06-2020,7,2020,26,19328560,4827,100,4545.428371,281.5716292,4727,0.517369116,1.456764649,0.061946115
Romania,Romania,0,29-06-2020,05-07-2020,7,2020,27,19328560,5288,138,4442.628371,845.3716292,5150,0.71396938,4.373691725,0.190286371
Romania,Romania,0,06-07-2020,12-07-2020,7,2020,28,19328560,4900,134,4460.628371,439.3716292,4766,0.693274615,2.273173114,0.098499941
Romania,Romania,0,13-07-2020,19-07-2020,7,2020,29,19328560,4727,142,4377.428371,349.5716292,4585,0.734664145,1.808575648,0.079857761
Romania,Romania,0,20-07-2020,26-07-2020,7,2020,30,19328560,4951,161,4597.828371,353.1716292,4790,0.832964277,1.827200936,0.076812704
Romania,Romania,0,27-07-2020,02-08-2020,7,2020,31,19328560,5560,226,4656.828371,903.1716292,5334,1.169254202,4.672731074,0.193945655
Romania,Romania,0,03-08-2020,09-08-2020,7,2020,32,19328560,5318,287,4475.228371,842.7716292,5031,1.484849363,4.360240128,0.188319245
Romania,Romania,0,10-08-2020,16-08-2020,7,2020,33,19328560,5272,291,4445.228371,826.7716292,4981,1.505544127,4.277461069,0.185990811
Romania,Romania,0,17-08-2020,23-08-2020,7,2020,34,19328560,5169,281,4332.028371,836.9716292,4888,1.453807216,4.330232719,0.193205482
Romania,Romania,0,24-08-2020,30-08-2020,7,2020,35,19328560,5219,306,4354.428371,864.5716292,4913,1.583149495,4.473026595,0.198549972
Romania,Romania,0,31-08-2020,06-09-2020,7,2020,36,19328560,5074,315,4336.228371,737.7716292,4759,1.629712715,3.817002556,0.170141322
Romania,Romania,0,07-09-2020,13-09-2020,7,2020,37,19328560,5024,270,4316.628371,707.3716292,4754,1.396896613,3.659722345,0.163871329
Romania,Romania,0,14-09-2020,20-09-2020,7,2020,38,19328560,5067,272,4347.028371,719.9716292,4795,1.407243995,3.724910853,0.165623863
Romania,Romania,0,21-09-2020,27-09-2020,7,2020,39,19328560,5050,283,4494.828371,555.1716292,4767,1.464154598,2.87228655,0.123513421
Romania,Romania,0,28-09-2020,04-10-2020,7,2020,40,19328560,5382,285,4778.028371,603.9716292,5097,1.47450198,3.124762679,0.126406037
Romania,Romania,0,05-10-2020,11-10-2020,7,2020,41,19328560,5796,408,4845.428371,950.5716292,5388,2.110865993,4.917964035,0.19617907
Romania,Romania,0,12-10-2020,18-10-2020,7,2020,42,19328560,6215,461,4985.028371,1229.971629,5754,2.385071625,6.363493345,0.246733125
Romania,Romania,0,19-10-2020,25-10-2020,7,2020,43,19328560,6512,519,4906.828371,1605.171629,5993,2.685145712,8.304662268,0.327130176
Romania,Romania,0,26-10-2020,01-11-2020,7,2020,44,19328560,7010,676,4960.228371,2049.771629,6334,3.497415224,10.60488536,0.413241382
Romania,Romania,0,02-11-2020,08-11-2020,7,2020,45,19328560,7754,812,4945.428371,2808.571629,6942,4.201037222,14.53068221,0.56791271
Romania,Romania,0,09-11-2020,15-11-2020,7,2020,46,19328560,7992,1047,4950.628371,3041.371629,6945,5.416854644,15.73511751,0.614340524
Romania,Romania,0,16-11-2020,22-11-2020,7,2020,47,19328560,8372,1121,4996.228371,3375.771629,7251,5.79970779,17.46519983,0.675663997
Romania,Romania,0,23-11-2020,29-11-2020,7,2020,48,19328560,8515,1146,5012.828371,3502.171629,7369,5.929050069,18.1191544,0.698641839
Romania,Romania,0,30-11-2020,06-12-2020,7,2020,49,19328560,8602,1127,5123.428371,3478.571629,7475,5.830749937,17.99705529,0.678953891
Romania,Romania,0,07-12-2020,13-12-2020,7,2020,50,19328560,8172,1065,5215.028371,2956.971629,7107,5.509981085,15.29845798,0.567009692
Romania,Romania,0,14-12-2020,20-12-2020,7,2020,51,19328560,7425,1009,5319.828371,2105.171629,6416,5.22025438,10.89150785,0.395721719
Romania,Romania,0,21-12-2020,27-12-2020,7,2020,52,19328560,7425,836,5473.028371,1951.971629,6589,4.325205809,10.09889836,0.356652935
Romania,Romania,0,28-12-2020,03-01-2021,7,2020,53,19328560,7047,749,5442.087079,1604.912921,6298,3.875094679,8.303323793,0.294907615
Romania,Romania,0,04-01-2021,10-01-2021,7,2021,1,19328560,6783,675,5777.799766,1005.200234,6108,3.492241533,5.200595565,0.173976302
Romania,Romania,0,11-01-2021,17-01-2021,7,2021,2,19328560,6524,567,5762.299766,761.7002341,5957,2.933482887,3.940801767,0.132186846
Romania,Romania,0,18-01-2021,24-01-2021,7,2021,3,19328560,6975,555,5723.133099,1251.866901,6420,2.871398594,6.476772717,0.218738037
Romania,Romania,0,25-01-2021,31-01-2021,7,2021,4,19328560,6334,559,5685.966433,648.0335674,5775,2.892093358,3.352725539,0.113970699
Romania,Romania,0,01-02-2021,07-02-2021,7,2021,5,19328560,6281,546,5699.799766,581.2002341,5735,2.824835373,3.006950513,0.101968535
Romania,Romania,0,08-02-2021,14-02-2021,7,2021,6,19328560,5936,485,5523.633099,412.3669007,5451,2.509240212,2.133458989,0.074655013
Romania,Romania,0,15-02-2021,21-02-2021,7,2021,7,19328560,5961,481,5535.133099,425.8669007,5480,2.488545448,2.20330382,0.076938873
Romania,Romania,0,22-02-2021,28-02-2021,7,2021,8,19328560,5958,503,5527.466433,430.5335674,5455,2.602366653,2.227447712,0.077889857
Romania,Romania,0,01-03-2021,07-03-2021,7,2021,9,19328560,6239,550,5595.104494,643.8955056,5689,2.845530138,3.331316485,0.115081945
Romania,Romania,0,08-03-2021,14-03-2021,7,2021,10,19328560,6402,583,5460.104494,941.8955056,5819,3.016261946,4.873076451,0.172505033
Romania,Romania,0,15-03-2021,21-03-2021,7,2021,11,19328560,6851,725,5380.504494,1470.495506,6126,3.750926091,7.607889598,0.273300674
Romania,Romania,0,22-03-2021,28-03-2021,7,2021,12,19328560,7132,906,5291.904494,1840.095506,6226,4.687364191,9.52008585,0.347718956
Romania,Romania,0,29-03-2021,04-04-2021,7,2021,13,19328560,7214,956,5227.504494,1986.495506,6258,4.946048749,10.27751424,0.380008378
Romania,Romania,0,05-04-2021,11-04-2021,7,2021,14,19328560,7180,1065,5144.704494,2035.295506,6115,5.509981085,10.52999036,0.395609798
Romania,Romania,0,12-04-2021,18-04-2021,7,2021,15,19328560,7141,1097,5049.704494,2091.295506,6044,5.675539202,10.81971707,0.414142156
Romania,Romania,0,19-04-2021,25-04-2021,7,2021,16,19328560,6769,1162,4983.304494,1785.695506,5607,6.011829127,9.238637051,0.35833562
Romania,Romania,0,26-04-2021,02-05-2021,7,2021,17,19328560,6485,888,4861.504494,1623.495506,5597,4.59423775,8.399464345,0.333949194
Romania,Romania,0,03-05-2021,09-05-2021,7,2021,18,19328560,5886,684,4862.704494,1023.295506,5202,3.538804753,5.294214911,0.210437526
Romania,Romania,0,10-05-2021,16-05-2021,7,2021,19,19328560,5596,557,4656.504494,939.4955056,5039,2.881745976,4.860659592,0.201759819
Romania,Romania,0,17-05-2021,23-05-2021,7,2021,20,19328560,5291,418,4595.304494,695.6955056,4873,2.162602905,3.599313687,0.151392689
Romania,Romania,0,24-05-2021,30-05-2021,7,2021,21,19328560,4961,335,4637.704494,323.2955056,4626,1.733186538,1.672631099,0.069710243
Romania,Romania,0,31-05-2021,06-06-2021,7,2021,22,19328560,4839,539,4573.904494,265.0955056,4300,2.788619535,1.371522274,0.057958251
Romania,Romania,0,07-06-2021,13-06-2021,7,2021,23,19328560,4864,1019,4608.504494,255.4955056,3845,5.271991292,1.321854839,0.055440004
Romania,Romania,0,14-06-2021,20-06-2021,7,2021,24,19328560,4648,492,4647.104494,0.895505618,4156,2.545456051,0.004633069,0.000192702
Romania,Romania,0,21-06-2021,27-06-2021,7,2021,25,19328560,5518,927,4755.304494,762.6955056,4591,4.796011705,3.945950995,0.160388363
Romania,Romania,0,28-06-2021,04-07-2021,7,2021,26,19328560,4810,675,4530.704494,279.2955056,4135,3.492241533,1.444988688,0.06164505
Romania,Romania,0,05-07-2021,11-07-2021,7,2021,27,19328560,4674,289,4427.904494,246.0955056,4385,1.495196745,1.273222142,0.055578323
Romania,Romania,0,12-07-2021,18-07-2021,7,2021,28,19328560,4937,36,4445.904494,491.0955056,4901,0.186252882,2.540776476,0.110460201
Romania,Romania,0,19-07-2021,25-07-2021,7,2021,29,19328560,4628,15,4362.704494,265.2955056,4613,0.077605367,1.372557012,0.060809873
Romania,Romania,0,26-07-2021,01-08-2021,7,2021,30,19328560,4992,18,4583.104494,408.8955056,4974,0.093126441,2.115499063,0.089218019
Romania,Romania,0,02-08-2021,08-08-2021,7,2021,31,19328560,4848,30,4642.104494,205.8955056,4818,0.155210735,1.065239757,0.044353914
Romania,Romania,0,09-08-2021,15-08-2021,7,2021,32,19328560,4502,32,4460.504494,41.49550562,4470,0.165558117,0.214684931,0.009302873
Romania,Romania,0,16-08-2021,22-08-2021,7,2021,33,19328560,4659,64,4430.504494,228.4955056,4595,0.331116234,1.182165177,0.051573248
Romania,Romania,0,23-08-2021,29-08-2021,7,2021,34,19328560,4579,116,4317.304494,261.6955056,4463,0.600148175,1.353931724,0.060615485
Romania,Romania,0,30-08-2021,05-09-2021,7,2021,35,19328560,4673,161,4339.704494,333.2955056,4512,0.832964277,1.724368011,0.076801429
Romania,Romania,0,06-09-2021,12-09-2021,7,2021,36,19328560,5322,301,4321.504494,1000.495506,5021,1.557281039,5.176254753,0.231515554
Romania,Romania,0,13-09-2021,19-09-2021,7,2021,37,19328560,5959,524,4301.904494,1657.095506,5435,2.711014168,8.573300368,0.38520044
Romania,Romania,0,20-09-2021,26-09-2021,7,2021,38,19328560,6342,827,4332.304494,2009.695506,5515,4.278642589,10.39754387,0.463886024
Romania,Romania,0,27-09-2021,03-10-2021,7,2021,39,19328560,7454,1203,4480.104494,2973.895506,6251,6.223950465,15.38601689,0.663800478
Romania,Romania,0,04-10-2021,10-10-2021,7,2021,40,19328560,9420,1876,4763.304494,4656.695506,7544,9.705844615,24.09230437,0.977618691
Romania,Romania,0,11-10-2021,17-10-2021,7,2021,41,19328560,10797,2361,4830.704494,5966.295506,8436,12.21508483,30.86777031,1.235077723
Romania,Romania,0,18-10-2021,24-10-2021,7,2021,42,19328560,11607,2898,4970.304494,6636.695506,8709,14.99335698,34.33621287,1.335269401
Romania,Romania,0,25-10-2021,31-10-2021,7,2021,43,19328560,11323,3072,4892.104494,6430.895506,8251,15.89357924,33.27146723,1.314545818
Romania,Romania,0,01-11-2021,07-11-2021,7,2021,44,19328560,10768,3004,4945.504494,5822.495506,7764,15.54176824,30.12379352,1.17733095
Romania,Romania,0,08-11-2021,14-11-2021,7,2021,45,19328560,8875,2314,4930.704494,3944.295506,6561,11.97192134,20.40656679,0.799945628
Romania,Romania,0,15-11-2021,21-11-2021,7,2021,46,19328560,7922,1890,4935.904494,2986.095506,6032,9.778276292,15.44913592,0.604974328
Romania,Romania,0,22-11-2021,28-11-2021,7,2021,47,19328560,6921,1316,4981.504494,1939.495506,5605,6.808577566,10.03435075,0.389339307
Romania,Romania,0,29-11-2021,05-12-2021,7,2021,48,19328560,6226,824,4998.104494,1227.895506,5402,4.263121516,6.352752122,0.245672236
Romania,Romania,0,06-12-2021,12-12-2021,7,2021,49,19328560,5892,597,5108.704494,783.2955056,5295,3.088693622,4.052529033,0.153325663
Romania,Romania,0,13-12-2021,19-12-2021,7,2021,50,19328560,5704,500,5200.304494,503.6955056,5204,2.58684558,2.605964985,0.096858849
Romania,Romania,0,20-12-2021,26-12-2021,7,2021,51,19328560,5809,355,5305.104494,503.8955056,5454,1.836660362,2.606999723,0.094983144
Romania,Romania,0,27-12-2021,02-01-2022,7,2021,52,19328560,5617,245,5458.304494,158.6955056,5372,1.267554334,0.821041534,0.029074139
Romania,Romania,0,03-01-2022,09-01-2022,7,2022,1,19328560,5788,215,5763.07589,24.92411049,5573,1.112343599,0.12894965,0.004324793
Romania,Romania,0,10-01-2022,16-01-2022,7,2022,2,19328560,5782,229,5747.57589,34.42411049,5553,1.184775276,0.178099716,0.005989327
Romania,Romania,0,17-01-2022,23-01-2022,7,2022,3,19328560,6001,307,5708.409223,292.5907772,5694,1.588323186,1.513774317,0.051256097
Romania,Romania,0,24-01-2022,30-01-2022,7,2022,4,19328560,6565,437,5671.242556,893.7574438,6128,2.260903037,4.624024986,0.157594643
Romania,Romania,0,31-01-2022,06-02-2022,7,2022,5,19328560,7369,658,5685.07589,1683.92411,6711,3.404288783,8.712103284,0.296200815
Romania,Romania,0,07-02-2022,13-02-2022,7,2022,6,19328560,7706,959,5508.909223,2197.090777,6747,4.961569822,11.36706913,0.39882501
Romania,Romania,0,14-02-2022,20-02-2022,7,2022,7,19328560,7633,938,5520.409223,2112.590777,6695,4.852922308,10.92989223,0.38268735
Romania,Romania,0,21-02-2022,27-02-2022,7,2022,8,19328560,6876,814,5512.742556,1363.257444,6062,4.211384604,7.053072985,0.247292057
Romania,Romania,0,28-02-2022,06-03-2022,7,2022,9,19328560,6333,608,5580.380618,752.619382,5725,3.145604225,3.893820243,0.134868826
Romania,Romania,0,07-03-2022,13-03-2022,7,2022,10,19328560,6035,400,5445.380618,589.619382,5635,2.069476464,3.050508584,0.108278819
Romania,Romania,0,14-03-2022,20-03-2022,7,2022,11,19328560,5616,324,5365.780618,250.219382,5292,1.676275936,1.294557805,0.046632429
Romania,Romania,0,21-03-2022,27-03-2022,7,2022,12,19328560,5583,220,5277.180618,305.819382,5363,1.138212055,1.582215033,0.057951282
Romania,Romania,0,28-03-2022,03-04-2022,7,2022,13,19328560,5753,185,5212.780618,540.219382,5568,0.957132865,2.794928241,0.103633631
Romania,Romania,0,04-04-2022,10-04-2022,7,2022,14,19328560,5235,117,5129.980618,105.019382,5118,0.605321866,0.543337848,0.020471692
Romania,Romania,0,11-04-2022,17-04-2022,7,2022,15,19328560,5177,130,5034.980618,142.019382,5047,0.672579851,0.734764421,0.02820654
Romania,Romania,0,18-04-2022,24-04-2022,7,2022,16,19328560,4853,90,4968.580618,-115.580618,4763,0.465632204,-0.597978421,-0.023262301
Romania,Romania,0,25-04-2022,01-05-2022,7,2022,17,19328560,4944,66,4846.780618,97.21938202,4878,0.341463617,0.502983057,0.020058548
Romania,Romania,0,02-05-2022,08-05-2022,7,2022,18,19328560,4574,69,4847.980618,-273.980618,4505,0.35698469,-1.417491101,-0.05651438
Romania,Romania,0,09-05-2022,15-05-2022,7,2022,19,19328560,4699,50,4641.780618,57.21938202,4649,0.258684558,0.296035411,0.012327033
Romania,Romania,0,16-05-2022,22-05-2022,7,2022,20,19328560,4463,40,4580.580618,-117.580618,4423,0.206947646,-0.608325804,-0.02566937
Romania,Romania,0,23-05-2022,29-05-2022,7,2022,21,19328560,4225,26,4622.980618,-397.980618,4199,0.13451597,-2.059028805,-0.086087451
Slovakia,Slovakia,0,30-12-2019,05-01-2020,7,2020,1,5447622,1147,0,1154.547519,-7.547518727,1147,0,-0.138547034,-0.006537209
Slovakia,Slovakia,0,06-01-2020,12-01-2020,7,2020,2,5447622,1109,0,1147.380852,-38.38085206,1109,0,-0.704543231,-0.033450839
Slovakia,Slovakia,0,13-01-2020,19-01-2020,7,2020,3,5447622,1086,0,1178.714185,-92.71418539,1086,0,-1.701920313,-0.078657054
Slovakia,Slovakia,0,20-01-2020,26-01-2020,7,2020,4,5447622,1107,0,1149.214185,-42.21418539,1107,0,-0.774910326,-0.036733088
Slovakia,Slovakia,0,27-01-2020,02-02-2020,7,2020,5,5447622,1159,0,1208.380852,-49.38085206,1159,0,-0.906466199,-0.040865305
Slovakia,Slovakia,0,03-02-2020,09-02-2020,7,2020,6,5447622,1101,0,1175.714185,-74.71418539,1101,0,-1.371500912,-0.063547915
Slovakia,Slovakia,0,10-02-2020,16-02-2020,7,2020,7,5447622,1181,0,1184.880852,-3.88085206,1181,0,-0.071239379,-0.00327531
Slovakia,Slovakia,0,17-02-2020,23-02-2020,7,2020,8,5447622,1088,0,1170.714185,-82.71418539,1088,0,-1.518353979,-0.070652757
Slovakia,Slovakia,0,24-02-2020,01-03-2020,7,2020,9,5447622,1152,0,1188.857022,-36.85702247,1152,0,-0.67657085,-0.031002065
Slovakia,Slovakia,0,02-03-2020,08-03-2020,7,2020,10,5447622,1131,0,1143.657022,-12.65702247,1131,0,-0.232340322,-0.011067149
Slovakia,Slovakia,0,09-03-2020,15-03-2020,7,2020,11,5447622,1122,0,1099.057022,22.94297753,1122,0,0.421155828,0.020875148
Slovakia,Slovakia,0,16-03-2020,22-03-2020,7,2020,12,5447622,1187,0,1077.057022,109.9429775,1187,0,2.018182934,0.102077212
Slovakia,Slovakia,0,23-03-2020,29-03-2020,7,2020,13,5447622,1054,0,1048.657022,5.342977528,1054,0,0.09807908,0.005095067
Slovakia,Slovakia,0,30-03-2020,05-04-2020,7,2020,14,5447622,1081,1,1013.257022,67.74297753,1080,0.018356633,1.243533004,0.066856657
Slovakia,Slovakia,0,06-04-2020,12-04-2020,7,2020,15,5447622,1003,1,1042.857022,-39.85702247,1002,0.018356633,-0.73164075,-0.038219067
Slovakia,Slovakia,0,13-04-2020,19-04-2020,7,2020,16,5447622,957,10,1002.057022,-45.05702247,947,0.183566334,-0.827095244,-0.044964529
Slovakia,Slovakia,0,20-04-2020,26-04-2020,7,2020,17,5447622,977,6,1006.057022,-29.05702247,971,0.1101398,-0.533389109,-0.028882083
Slovakia,Slovakia,0,27-04-2020,03-05-2020,7,2020,18,5447622,970,6,976.4570225,-6.457022472,964,0.1101398,-0.118529194,-0.006612705
Slovakia,Slovakia,0,04-05-2020,10-05-2020,7,2020,19,5447622,1005,2,951.6570225,53.34297753,1003,0.036713267,0.979197483,0.056052734
Slovakia,Slovakia,0,11-05-2020,17-05-2020,7,2020,20,5447622,979,2,941.4570225,37.54297753,977,0.036713267,0.689162676,0.039877527
Slovakia,Slovakia,0,18-05-2020,24-05-2020,7,2020,21,5447622,953,0,957.8570225,-4.857022472,953,0,-0.089158581,-0.005070718
Slovakia,Slovakia,0,25-05-2020,31-05-2020,7,2020,22,5447622,913,0,950.8570225,-37.85702247,913,0,-0.694927483,-0.03981358
Slovakia,Slovakia,0,01-06-2020,07-06-2020,7,2020,23,5447622,963,0,919.4570225,43.54297753,963,0,0.799302476,0.047357273
Slovakia,Slovakia,0,08-06-2020,14-06-2020,7,2020,24,5447622,981,0,969.4570225,11.54297753,981,0,0.211890207,0.011906642
Slovakia,Slovakia,0,15-06-2020,21-06-2020,7,2020,25,5447622,899,0,952.4570225,-53.45702247,899,0,-0.981290965,-0.056125391
Slovakia,Slovakia,0,22-06-2020,28-06-2020,7,2020,26,5447622,937,0,923.8570225,13.14297753,937,0,0.24126082,0.014226203
Slovakia,Slovakia,0,29-06-2020,05-07-2020,7,2020,27,5447622,982,0,934.6570225,47.34297753,982,0,0.869057683,0.050652781
Slovakia,Slovakia,0,06-07-2020,12-07-2020,7,2020,28,5447622,973,0,939.2570225,33.74297753,973,0,0.619407469,0.03592518
Slovakia,Slovakia,0,13-07-2020,19-07-2020,7,2020,29,5447622,948,0,945.6570225,2.342977528,948,0,0.04300918,0.002477619
Slovakia,Slovakia,0,20-07-2020,26-07-2020,7,2020,30,5447622,957,0,1020.657022,-63.65702247,957,0,-1.168528625,-0.062368671
Slovakia,Slovakia,0,27-07-2020,02-08-2020,7,2020,31,5447622,985,1,973.2570225,11.74297753,984,0.018356633,0.215561534,0.012065649
Slovakia,Slovakia,0,03-08-2020,09-08-2020,7,2020,32,5447622,1065,2,961.4570225,103.5429775,1063,0.036713267,1.90070048,0.107693818
Slovakia,Slovakia,0,10-08-2020,16-08-2020,7,2020,33,5447622,963,0,958.0570225,4.942977528,963,0,0.090736426,0.005159377
Slovakia,Slovakia,0,17-08-2020,23-08-2020,7,2020,34,5447622,960,2,932.0570225,27.94297753,958,0.036713267,0.512938995,0.029979901
Slovakia,Slovakia,0,24-08-2020,30-08-2020,7,2020,35,5447622,1023,0,951.4570225,71.54297753,1023,0,1.313288211,0.075193073
Slovakia,Slovakia,0,31-08-2020,06-09-2020,7,2020,36,5447622,969,4,942.8570225,26.14297753,965,0.073426534,0.479897055,0.027727404
Slovakia,Slovakia,0,07-09-2020,13-09-2020,7,2020,37,5447622,1034,1,946.8570225,87.14297753,1033,0.018356633,1.599651693,0.092033935
Slovakia,Slovakia,0,14-09-2020,20-09-2020,7,2020,38,5447622,963,1,975.4570225,-12.45702247,962,0.018356633,-0.228668995,-0.012770447
Slovakia,Slovakia,0,21-09-2020,27-09-2020,7,2020,39,5447622,1042,5,988.4570225,53.54297753,1037,0.091783167,0.98286881,0.05416824
Slovakia,Slovakia,0,28-09-2020,04-10-2020,7,2020,40,5447622,1135,11,986.6570225,148.3429775,1124,0.201922967,2.723077657,0.150349082
Slovakia,Slovakia,0,05-10-2020,11-10-2020,7,2020,41,5447622,1071,6,980.6570225,90.34297753,1065,0.1101398,1.658392919,0.092124948
Slovakia,Slovakia,0,12-10-2020,18-10-2020,7,2020,42,5447622,1204,27,1007.657022,196.3429775,1177,0.495629102,3.604196061,0.194850999
Slovakia,Slovakia,0,19-10-2020,25-10-2020,7,2020,43,5447622,1276,71,978.0570225,297.9429775,1205,1.303320972,5.469230015,0.30462741
Slovakia,Slovakia,0,26-10-2020,01-11-2020,7,2020,44,5447622,1362,60,997.0570225,364.9429775,1302,1.101398004,6.699124453,0.366020167
Slovakia,Slovakia,0,02-11-2020,08-11-2020,7,2020,45,5447622,1437,132,1004.057022,432.9429775,1305,2.42307561,7.947375525,0.431193615
Slovakia,Slovakia,0,09-11-2020,15-11-2020,7,2020,46,5447622,1411,159,1002.857022,408.1429775,1252,2.918704712,7.492131017,0.406980226
Slovakia,Slovakia,0,16-11-2020,22-11-2020,7,2020,47,5447622,1371,161,1005.657022,365.3429775,1210,2.955417979,6.706467107,0.36328785
Slovakia,Slovakia,0,23-11-2020,29-11-2020,7,2020,48,5447622,1425,145,1005.457022,419.5429775,1280,2.661711844,7.701396637,0.417265948
Slovakia,Slovakia,0,30-11-2020,06-12-2020,7,2020,49,5447622,1458,180,973.4570225,484.5429775,1278,3.304194013,8.894577809,0.497754874
Slovakia,Slovakia,0,07-12-2020,13-12-2020,7,2020,50,5447622,1553,179,1008.857022,544.1429775,1374,3.28583738,9.98863316,0.539365802
Slovakia,Slovakia,0,14-12-2020,20-12-2020,7,2020,51,5447622,1616,380,1084.257022,531.7429775,1236,6.975520695,9.761010906,0.49042152
Slovakia,Slovakia,0,21-12-2020,27-12-2020,7,2020,52,5447622,1793,218,1090.057022,702.9429775,1575,4.001746083,12.90366655,0.644868078
Slovakia,Slovakia,0,28-12-2020,03-01-2021,7,2020,53,5447622,2047,544,1079.952247,967.0477528,1503,9.986008574,17.75174109,0.895454179
Slovakia,Slovakia,0,04-01-2021,10-01-2021,7,2021,1,5447622,2089,601,1153.633193,935.3668071,1488,11.03233668,17.17018558,0.810800879
Slovakia,Slovakia,0,11-01-2021,17-01-2021,7,2021,2,5447622,2125,556,1146.466526,978.5334738,1569,10.20628817,17.96258026,0.85352119
Slovakia,Slovakia,0,18-01-2021,24-01-2021,7,2021,3,5447622,1995,594,1177.79986,817.2001404,1401,10.90384024,15.0010434,0.693836167
Slovakia,Slovakia,0,25-01-2021,31-01-2021,7,2021,4,5447622,1971,574,1148.29986,822.7001404,1397,10.53670758,15.10200488,0.716450615
Slovakia,Slovakia,0,01-02-2021,07-02-2021,7,2021,5,5447622,1987,557,1207.466526,779.5334738,1430,10.22464481,14.30961021,0.645594273
Slovakia,Slovakia,0,08-02-2021,14-02-2021,7,2021,6,5447622,2081,686,1174.79986,906.2001404,1395,12.59265052,16.63478377,0.771365551
Slovakia,Slovakia,0,15-02-2021,21-02-2021,7,2021,7,5447622,2009,620,1183.966526,825.0334738,1389,11.38111271,15.14483703,0.696838513
Slovakia,Slovakia,0,22-02-2021,28-02-2021,7,2021,8,5447622,1963,684,1169.79986,793.2001404,1279,12.55593725,14.5604842,0.678064828
Slovakia,Slovakia,0,01-03-2021,07-03-2021,7,2021,9,5447622,1869,647,1187.942697,681.0573034,1222,11.87674182,12.50191925,0.573308212
Slovakia,Slovakia,0,08-03-2021,14-03-2021,7,2021,10,5447622,1784,692,1142.742697,641.2573034,1092,12.70279032,11.77132524,0.561156335
Slovakia,Slovakia,0,15-03-2021,21-03-2021,7,2021,11,5447622,1677,516,1098.142697,578.8573034,1161,9.472022839,10.62587131,0.527123939
Slovakia,Slovakia,0,22-03-2021,28-03-2021,7,2021,12,5447622,1584,452,1076.142697,507.8573034,1132,8.2971983,9.322550342,0.471923756
Slovakia,Slovakia,0,29-03-2021,04-04-2021,7,2021,13,5447622,1467,529,1047.742697,419.2573034,938,9.710659073,7.696152622,0.400152924
Slovakia,Slovakia,0,05-04-2021,11-04-2021,7,2021,14,5447622,1333,540,1012.342697,320.6573034,793,9.91258204,5.886188568,0.316747782
Slovakia,Slovakia,0,12-04-2021,18-04-2021,7,2021,15,5447622,1309,541,1041.942697,267.0573034,768,9.930938674,4.902273017,0.256307093
Slovakia,Slovakia,0,19-04-2021,25-04-2021,7,2021,16,5447622,1253,389,1001.142697,251.8573034,864,7.140730396,4.623252189,0.251569835
Slovakia,Slovakia,0,26-04-2021,02-05-2021,7,2021,17,5447622,1166,271,1005.142697,160.8573034,895,4.974647654,2.952798549,0.160034296
Slovakia,Slovakia,0,03-05-2021,09-05-2021,7,2021,18,5447622,1133,253,975.5426966,157.4573034,880,4.644228252,2.890385995,0.16140483
Slovakia,Slovakia,0,10-05-2021,16-05-2021,7,2021,19,5447622,1126,205,950.7426966,175.2573034,921,3.763109849,3.21713407,0.18433726
Slovakia,Slovakia,0,17-05-2021,23-05-2021,7,2021,20,5447622,999,68,940.5426966,58.45730337,931,1.248251072,1.073079288,0.062152738
Slovakia,Slovakia,0,24-05-2021,30-05-2021,7,2021,21,5447622,962,47,956.9426966,5.057303371,915,0.86276177,0.092835064,0.005284855
Slovakia,Slovakia,0,31-05-2021,06-06-2021,7,2021,22,5447622,1001,65,949.9426966,51.05730337,936,1.193181172,0.937240201,0.053747772
Slovakia,Slovakia,0,07-06-2021,13-06-2021,7,2021,23,5447622,1000,35,918.5426966,81.45730337,965,0.642482169,1.495281856,0.08868102
Slovakia,Slovakia,0,14-06-2021,20-06-2021,7,2021,24,5447622,1048,39,968.5426966,79.45730337,1009,0.715908703,1.45856859,0.082037998
Slovakia,Slovakia,0,21-06-2021,27-06-2021,7,2021,25,5447622,1090,27,951.5426966,138.4573034,1063,0.495629102,2.541609961,0.14550824
Slovakia,Slovakia,0,28-06-2021,04-07-2021,7,2021,26,5447622,968,8,922.9426966,45.05730337,960,0.146853067,0.8271004,0.048819178
Slovakia,Slovakia,0,05-07-2021,11-07-2021,7,2021,27,5447622,988,6,933.7426966,54.25730337,982,0.1101398,0.995981428,0.058107339
Slovakia,Slovakia,0,12-07-2021,18-07-2021,7,2021,28,5447622,999,5,938.3426966,60.65730337,994,0.091783167,1.113463882,0.064643018
Slovakia,Slovakia,0,19-07-2021,25-07-2021,7,2021,29,5447622,896,10,944.7426966,-48.74269663,886,0.183566334,-0.894751813,-0.051593621
Slovakia,Slovakia,0,26-07-2021,01-08-2021,7,2021,30,5447622,1027,6,1019.742697,7.257303371,1021,0.1101398,0.133219658,0.007116799
Slovakia,Slovakia,0,02-08-2021,08-08-2021,7,2021,31,5447622,953,1,972.3426966,-19.34269663,952,0.018356633,-0.355066791,-0.01989288
Slovakia,Slovakia,0,09-08-2021,15-08-2021,7,2021,32,5447622,974,3,960.5426966,13.45730337,971,0.0550699,0.247030785,0.014010104
Slovakia,Slovakia,0,16-08-2021,22-08-2021,7,2021,33,5447622,1011,3,957.1426966,53.85730337,1008,0.0550699,0.988638774,0.056268834
Slovakia,Slovakia,0,23-08-2021,29-08-2021,7,2021,34,5447622,893,1,931.1426966,-38.14269663,892,0.018356633,-0.700171499,-0.04096332
Slovakia,Slovakia,0,30-08-2021,05-09-2021,7,2021,35,5447622,996,1,950.5426966,45.45730337,995,0.018356633,0.834443054,0.047822474
Slovakia,Slovakia,0,06-09-2021,12-09-2021,7,2021,36,5447622,1041,9,941.9426966,99.05730337,1032,0.165209701,1.818358604,0.10516277
Slovakia,Slovakia,0,13-09-2021,19-09-2021,7,2021,37,5447622,1142,11,945.9426966,196.0573034,1131,0.201922967,3.598952045,0.20726129
Slovakia,Slovakia,0,20-09-2021,26-09-2021,7,2021,38,5447622,1154,27,974.5426966,179.4573034,1127,0.495629102,3.29423193,0.184145142
Slovakia,Slovakia,0,27-09-2021,03-10-2021,7,2021,39,5447622,1103,72,987.5426966,115.4573034,1031,1.321677605,2.119407392,0.116913733
Slovakia,Slovakia,0,04-10-2021,10-10-2021,7,2021,40,5447622,1214,63,985.7426966,228.2573034,1151,1.156467905,4.190035641,0.231558706
Slovakia,Slovakia,0,11-10-2021,17-10-2021,7,2021,41,5447622,1202,115,979.7426966,222.2573034,1087,2.111012842,4.07989584,0.226852728
Slovakia,Slovakia,0,18-10-2021,24-10-2021,7,2021,42,5447622,1309,57,1006.742697,302.2573034,1252,1.046328104,5.548426513,0.300232924
Slovakia,Slovakia,0,25-10-2021,31-10-2021,7,2021,43,5447622,1450,131,977.1426966,472.8573034,1319,2.404718976,8.680068172,0.483918372
Slovakia,Slovakia,0,01-11-2021,07-11-2021,7,2021,44,5447622,1505,195,996.1426966,508.8573034,1310,3.579543515,9.340906975,0.510827721
Slovakia,Slovakia,0,08-11-2021,14-11-2021,7,2021,45,5447622,1675,308,1003.142697,671.8573034,1367,5.65384309,12.33303822,0.669752475
Slovakia,Slovakia,0,15-11-2021,21-11-2021,7,2021,46,5447622,1854,324,1001.942697,852.0573034,1530,5.947549224,15.64090356,0.850405224
Slovakia,Slovakia,0,22-11-2021,28-11-2021,7,2021,47,5447622,1923,413,1004.742697,918.2573034,1510,7.581289598,16.85611269,0.913922845
Slovakia,Slovakia,0,29-11-2021,05-12-2021,7,2021,48,5447622,1922,552,1004.542697,917.4573034,1370,10.13286164,16.84142739,0.91330842
Slovakia,Slovakia,0,06-12-2021,12-12-2021,7,2021,49,5447622,1897,528,972.5426966,924.4573034,1369,9.692302439,16.96992382,0.950557036
Slovakia,Slovakia,0,13-12-2021,19-12-2021,7,2021,50,5447622,1758,660,1007.942697,750.0573034,1098,12.11537805,13.76852695,0.744146771
Slovakia,Slovakia,0,20-12-2021,26-12-2021,7,2021,51,5447622,1596,384,1083.342697,512.6573034,1212,7.048947229,9.410662182,0.473218036
Slovakia,Slovakia,0,27-12-2021,02-01-2022,7,2021,52,5447622,1492,303,1089.142697,402.8573034,1189,5.562059923,7.395103834,0.369884777
Slovakia,Slovakia,0,03-01-2022,09-01-2022,7,2022,1,5447622,1407,261,1152.718867,254.281133,1146,4.79108132,4.66774554,0.220592497
Slovakia,Slovakia,0,10-01-2022,16-01-2022,7,2022,2,5447622,1264,338,1145.5522,118.4477996,926,6.204542092,2.174302836,0.103397994
Slovakia,Slovakia,0,17-01-2022,23-01-2022,7,2022,3,5447622,1216,343,1176.885534,39.11446629,873,6.296325259,0.718009919,0.033235574
Slovakia,Slovakia,0,24-01-2022,30-01-2022,7,2022,4,5447622,1168,174,1147.385534,20.61446629,994,3.194054213,0.378412201,0.017966469
Slovakia,Slovakia,0,31-01-2022,06-02-2022,7,2022,5,5447622,1249,141,1206.5522,42.44779963,1108,2.588285311,0.779198697,0.035181072
Slovakia,Slovakia,0,07-02-2022,13-02-2022,7,2022,6,5447622,1216,137,1173.885534,42.11446629,1079,2.514858777,0.773079819,0.035876127
Slovakia,Slovakia,0,14-02-2022,20-02-2022,7,2022,7,5447622,1358,145,1183.0522,174.9477996,1213,2.661711844,3.211452623,0.147878343
Slovakia,Slovakia,0,21-02-2022,27-02-2022,7,2022,8,5447622,1311,213,1168.885534,142.1144663,1098,3.909962916,2.60874316,0.121581166
Slovakia,Slovakia,0,28-02-2022,06-03-2022,7,2022,9,5447622,1385,234,1187.028371,197.9716292,1151,4.295452217,3.634092623,0.166779189
Slovakia,Slovakia,0,07-03-2022,13-03-2022,7,2022,10,5447622,1350,231,1141.828371,208.1716292,1119,4.240382317,3.821330283,0.18231429
Slovakia,Slovakia,0,14-03-2022,20-03-2022,7,2022,11,5447622,1357,192,1097.228371,259.7716292,1165,3.524473614,4.768532567,0.236752563
Slovakia,Slovakia,0,21-03-2022,27-03-2022,7,2022,12,5447622,1292,160,1075.228371,216.7716292,1132,2.937061345,3.979197331,0.201605199
Slovakia,Slovakia,0,28-03-2022,03-04-2022,7,2022,13,5447622,1255,147,1046.828371,208.1716292,1108,2.698425111,3.821330283,0.198859369
Slovakia,Slovakia,0,04-04-2022,10-04-2022,7,2022,14,5447622,1195,156,1011.428371,183.5716292,1039,2.863634812,3.369757102,0.18149741
Slovakia,Slovakia,0,11-04-2022,17-04-2022,7,2022,15,5447622,1073,168,1041.028371,31.97162921,905,3.083914413,0.586891477,0.030711583
Slovakia,Slovakia,0,18-04-2022,24-04-2022,7,2022,16,5447622,1087,98,1000.228371,86.77162921,989,1.798950074,1.592834988,0.086751818
Slovakia,Slovakia,0,25-04-2022,01-05-2022,7,2022,17,5447622,1096,40,1004.228371,91.77162921,1056,0.734265336,1.684618155,0.091385219
Slovakia,Slovakia,0,02-05-2022,08-05-2022,7,2022,18,5447622,1027,99,974.6283708,52.37162921,928,1.817306707,0.961366798,0.053734973
Slovakia,Slovakia,0,09-05-2022,15-05-2022,7,2022,19,5447622,982,63,949.8283708,32.17162921,919,1.156467905,0.590562804,0.033870992
Slovenia,Slovenia,0,30-12-2019,05-01-2020,7,2020,1,2119410,420,0,447.2408708,-27.24087079,420,0,-1.285304438,-0.060908724
Slovenia,Slovenia,0,06-01-2020,12-01-2020,7,2020,2,2119410,426,0,460.4075375,-34.40753745,426,0,-1.623448859,-0.074732785
Slovenia,Slovenia,0,13-01-2020,19-01-2020,7,2020,3,2119410,430,0,469.0742041,-39.07420412,430,0,-1.843635923,-0.083300688
Slovenia,Slovenia,0,20-01-2020,26-01-2020,7,2020,4,2119410,455,0,481.2408708,-26.24087079,455,0,-1.238121495,-0.054527519
Slovenia,Slovenia,0,27-01-2020,02-02-2020,7,2020,5,2119410,476,0,494.7408708,-18.74087079,476,0,-0.884249427,-0.037880175
Slovenia,Slovenia,0,03-02-2020,09-02-2020,7,2020,6,2119410,449,0,466.5742041,-17.57420412,449,0,-0.829202661,-0.037666472
Slovenia,Slovenia,0,10-02-2020,16-02-2020,7,2020,7,2119410,502,0,477.9075375,24.09246255,502,0,1.136753273,0.050412393
Slovenia,Slovenia,0,17-02-2020,23-02-2020,7,2020,8,2119410,441,0,460.5742041,-19.57420412,441,0,-0.923568546,-0.042499567
Slovenia,Slovenia,0,24-02-2020,01-03-2020,7,2020,9,2119410,431,0,470.6890449,-39.68904494,431,0,-1.872645922,-0.084321157
Slovenia,Slovenia,0,02-03-2020,08-03-2020,7,2020,10,2119410,425,0,420.0890449,4.910955056,425,0,0.23171331,0.011690272
Slovenia,Slovenia,0,09-03-2020,15-03-2020,7,2020,11,2119410,437,1,450.4890449,-13.48904494,436,0.047182942,-0.636452831,-0.029943114
Slovenia,Slovenia,0,16-03-2020,22-03-2020,7,2020,12,2119410,443,1,429.4890449,13.51095506,442,0.047182942,0.637486614,0.031458206
Slovenia,Slovenia,0,23-03-2020,29-03-2020,7,2020,13,2119410,390,9,436.2890449,-46.28904494,381,0.424646482,-2.184053342,-0.106097197
Slovenia,Slovenia,0,30-03-2020,05-04-2020,7,2020,14,2119410,383,17,412.4890449,-29.48904494,366,0.802110021,-1.39137991,-0.071490492
Slovenia,Slovenia,0,06-04-2020,12-04-2020,7,2020,15,2119410,424,25,379.8890449,44.11095506,399,1.179573561,2.081284653,0.116115365
Slovenia,Slovenia,0,13-04-2020,19-04-2020,7,2020,16,2119410,433,21,410.2890449,22.71095506,412,0.990841791,1.071569685,0.05535355
Slovenia,Slovenia,0,20-04-2020,26-04-2020,7,2020,17,2119410,392,8,390.6890449,1.310955056,384,0.377463539,0.061854717,0.003355495
Slovenia,Slovenia,0,27-04-2020,03-05-2020,7,2020,18,2119410,356,14,375.2890449,-19.28904494,342,0.660561194,-0.910113897,-0.051397836
Slovenia,Slovenia,0,04-05-2020,10-05-2020,7,2020,19,2119410,381,6,371.6890449,9.310955056,375,0.283097655,0.439318256,0.025050389
Slovenia,Slovenia,0,11-05-2020,17-05-2020,7,2020,20,2119410,354,2,365.8890449,-11.88904494,352,0.094365885,-0.560960123,-0.03249358
Slovenia,Slovenia,0,18-05-2020,24-05-2020,7,2020,21,2119410,405,3,364.6890449,40.31095506,402,0.141548827,1.901989471,0.110535141
Slovenia,Slovenia,0,25-05-2020,31-05-2020,7,2020,22,2119410,330,1,360.6890449,-30.68904494,329,0.047182942,-1.447999441,-0.085084494
Slovenia,Slovenia,0,01-06-2020,07-06-2020,7,2020,23,2119410,345,1,357.4890449,-12.48904494,344,0.047182942,-0.589269888,-0.034935462
Slovenia,Slovenia,0,08-06-2020,14-06-2020,7,2020,24,2119410,377,0,350.6890449,26.31095506,377,0,1.241428278,0.075026453
Slovenia,Slovenia,0,15-06-2020,21-06-2020,7,2020,25,2119410,374,0,356.4890449,17.51095506,374,0,0.826218384,0.049120598
Slovenia,Slovenia,0,22-06-2020,28-06-2020,7,2020,26,2119410,408,2,336.2890449,71.71095506,406,0.094365885,3.383533863,0.213242019
Slovenia,Slovenia,0,29-06-2020,05-07-2020,7,2020,27,2119410,371,0,365.2890449,5.710955056,371,0,0.269459664,0.015634072
Slovenia,Slovenia,0,06-07-2020,12-07-2020,7,2020,28,2119410,328,0,355.0890449,-27.08904494,328,0,-1.278140848,-0.076288033
Slovenia,Slovenia,0,13-07-2020,19-07-2020,7,2020,29,2119410,352,1,365.4890449,-13.48904494,351,0.047182942,-0.636452831,-0.036906838
Slovenia,Slovenia,0,20-07-2020,26-07-2020,7,2020,30,2119410,369,4,377.8890449,-8.889044944,365,0.18873177,-0.419411296,-0.023522897
Slovenia,Slovenia,0,27-07-2020,02-08-2020,7,2020,31,2119410,393,4,363.2890449,29.71095506,389,0.18873177,1.401850282,0.08178324
Slovenia,Slovenia,0,03-08-2020,09-08-2020,7,2020,32,2119410,370,7,360.6890449,9.310955056,363,0.330280597,0.439318256,0.025814355
Slovenia,Slovenia,0,10-08-2020,16-08-2020,7,2020,33,2119410,392,2,363.8890449,28.11095506,390,0.094365885,1.326357574,0.077251446
Slovenia,Slovenia,0,17-08-2020,23-08-2020,7,2020,34,2119410,353,2,370.2890449,-17.28904494,351,0.094365885,-0.815748012,-0.046690674
Slovenia,Slovenia,0,24-08-2020,30-08-2020,7,2020,35,2119410,341,2,370.0890449,-29.08904494,339,0.094365885,-1.372506733,-0.078600124
Slovenia,Slovenia,0,31-08-2020,06-09-2020,7,2020,36,2119410,370,2,346.4890449,23.51095506,368,0.094365885,1.109316039,0.067854829
Slovenia,Slovenia,0,07-09-2020,13-09-2020,7,2020,37,2119410,393,0,369.2890449,23.71095506,393,0,1.118752627,0.064207036
Slovenia,Slovenia,0,14-09-2020,20-09-2020,7,2020,38,2119410,421,7,372.2890449,48.71095506,414,0.330280597,2.298326188,0.130841763
Slovenia,Slovenia,0,21-09-2020,27-09-2020,7,2020,39,2119410,354,5,361.4890449,-7.489044944,349,0.235914712,-0.353355176,-0.020717211
Slovenia,Slovenia,0,28-09-2020,04-10-2020,7,2020,40,2119410,412,8,386.4890449,25.51095506,404,0.377463539,1.203681924,0.066006929
Slovenia,Slovenia,0,05-10-2020,11-10-2020,7,2020,41,2119410,415,12,392.8890449,22.11095506,403,0.566195309,1.043259919,0.056277861
Slovenia,Slovenia,0,12-10-2020,18-10-2020,7,2020,42,2119410,441,21,382.8890449,58.11095506,420,0.990841791,2.741845847,0.151769699
Slovenia,Slovenia,0,19-10-2020,25-10-2020,7,2020,43,2119410,514,52,393.6890449,120.3109551,462,2.453513006,5.676624865,0.305598941
Slovenia,Slovenia,0,26-10-2020,01-11-2020,7,2020,44,2119410,595,123,383.0890449,211.9109551,472,5.803501918,9.998582391,0.553163704
Slovenia,Slovenia,0,02-11-2020,08-11-2020,7,2020,45,2119410,624,191,384.2890449,239.7109551,433,9.011942003,11.31026819,0.623777748
Slovenia,Slovenia,0,09-11-2020,15-11-2020,7,2020,46,2119410,739,243,400.2890449,338.7109551,496,11.46545501,15.98137949,0.846165938
Slovenia,Slovenia,0,16-11-2020,22-11-2020,7,2020,47,2119410,731,255,383.2890449,347.7109551,476,12.03165032,16.40602597,0.907176867
Slovenia,Slovenia,0,23-11-2020,29-11-2020,7,2020,48,2119410,792,332,383.4890449,408.5109551,460,15.66473688,19.27474887,1.065248044
Slovenia,Slovenia,0,30-11-2020,06-12-2020,7,2020,49,2119410,801,360,412.2890449,388.7109551,441,16.98585927,18.34052661,0.942811748
Slovenia,Slovenia,0,07-12-2020,13-12-2020,7,2020,50,2119410,784,319,418.2890449,365.7109551,465,15.05135863,17.25531894,0.874302016
Slovenia,Slovenia,0,14-12-2020,20-12-2020,7,2020,51,2119410,717,290,417.6890449,299.3109551,427,13.6830533,14.12237156,0.716587995
Slovenia,Slovenia,0,21-12-2020,27-12-2020,7,2020,52,2119410,686,212,421.4890449,264.5109551,474,10.00278379,12.48040516,0.627563061
Slovenia,Slovenia,0,28-12-2020,03-01-2021,7,2020,53,2119410,660,238,421.1544944,238.8455056,422,11.2295403,11.26943374,0.567120876
Slovenia,Slovenia,0,04-01-2021,10-01-2021,7,2021,1,2119410,606,195,450.9372191,155.0627809,411,9.200673772,7.316318263,0.343867781
Slovenia,Slovenia,0,11-01-2021,17-01-2021,7,2021,2,2119410,624,182,464.1038858,159.8961142,442,8.587295521,7.544369151,0.344526558
Slovenia,Slovenia,0,18-01-2021,24-01-2021,7,2021,3,2119410,591,180,472.7705524,118.2294476,411,8.492929636,5.578413217,0.250077859
Slovenia,Slovenia,0,25-01-2021,31-01-2021,7,2021,4,2119410,530,143,484.9372191,45.0627809,387,6.747160766,2.126194597,0.092924979
Slovenia,Slovenia,0,01-02-2021,07-02-2021,7,2021,5,2119410,526,120,498.4372191,27.5627809,406,5.661953091,1.300493104,0.0552984
Slovenia,Slovenia,0,08-02-2021,14-02-2021,7,2021,6,2119410,435,94,470.2705524,-35.27055243,341,4.435196588,-1.664168445,-0.075000555
Slovenia,Slovenia,0,15-02-2021,21-02-2021,7,2021,7,2119410,428,59,481.6038858,-53.60388577,369,2.783793603,-2.529189056,-0.111302851
Slovenia,Slovenia,0,22-02-2021,28-02-2021,7,2021,8,2119410,470,60,464.2705524,5.729447566,410,2.830976545,0.270332195,0.012340752
Slovenia,Slovenia,0,01-03-2021,07-03-2021,7,2021,9,2119410,442,55,474.3853933,-32.38539326,387,2.595061833,-1.528038145,-0.068268108
Slovenia,Slovenia,0,08-03-2021,14-03-2021,7,2021,10,2119410,444,43,423.7853933,20.21460674,401,2.028866524,0.953784626,0.047700103
Slovenia,Slovenia,0,15-03-2021,21-03-2021,7,2021,11,2119410,444,38,454.1853933,-10.18539326,406,1.792951812,-0.480576824,-0.022425629
Slovenia,Slovenia,0,22-03-2021,28-03-2021,7,2021,12,2119410,424,46,433.1853933,-9.185393258,378,2.170415351,-0.433393881,-0.021204301
Slovenia,Slovenia,0,29-03-2021,04-04-2021,7,2021,13,2119410,442,57,439.9853933,2.014606742,385,2.689427718,0.095055074,0.004578804
Slovenia,Slovenia,0,05-04-2021,11-04-2021,7,2021,14,2119410,406,44,416.1853933,-10.18539326,362,2.076049467,-0.480576824,-0.024473212
Slovenia,Slovenia,0,12-04-2021,18-04-2021,7,2021,15,2119410,421,40,383.5853933,37.41460674,381,1.887317697,1.765331236,0.097539185
Slovenia,Slovenia,0,19-04-2021,25-04-2021,7,2021,16,2119410,458,49,413.9853933,44.01460674,409,2.311964179,2.076738656,0.106319226
Slovenia,Slovenia,0,26-04-2021,02-05-2021,7,2021,17,2119410,383,55,394.3853933,-11.38539326,328,2.595061833,-0.537196355,-0.028868699
Slovenia,Slovenia,0,03-05-2021,09-05-2021,7,2021,18,2119410,390,30,378.9853933,11.01460674,360,1.415488273,0.519701556,0.029063407
Slovenia,Slovenia,0,10-05-2021,16-05-2021,7,2021,19,2119410,401,31,375.3853933,25.61460674,370,1.462671215,1.208572515,0.068235491
Slovenia,Slovenia,0,17-05-2021,23-05-2021,7,2021,20,2119410,408,29,369.5853933,38.41460674,379,1.36830533,1.812514178,0.103939732
Slovenia,Slovenia,0,24-05-2021,30-05-2021,7,2021,21,2119410,390,21,368.3853933,21.61460674,369,0.990841791,1.019840745,0.058673897
Slovenia,Slovenia,0,31-05-2021,06-06-2021,7,2021,22,2119410,414,14,364.3853933,49.61460674,400,0.660561194,2.340963133,0.136159703
Slovenia,Slovenia,0,07-06-2021,13-06-2021,7,2021,23,2119410,389,16,361.1853933,27.81460674,373,0.754927079,1.312374988,0.077009224
Slovenia,Slovenia,0,14-06-2021,20-06-2021,7,2021,24,2119410,396,8,354.3853933,41.61460674,388,0.377463539,1.963499594,0.117427545
Slovenia,Slovenia,0,21-06-2021,27-06-2021,7,2021,25,2119410,381,7,360.1853933,20.81460674,374,0.330280597,0.982094391,0.057788592
Slovenia,Slovenia,0,28-06-2021,04-07-2021,7,2021,26,2119410,383,0,339.9853933,43.01460674,383,0,2.029555713,0.126518985
Slovenia,Slovenia,0,05-07-2021,11-07-2021,7,2021,27,2119410,342,4,368.9853933,-26.98539326,338,0.18873177,-1.273250256,-0.073134042
Slovenia,Slovenia,0,12-07-2021,18-07-2021,7,2021,28,2119410,339,2,358.7853933,-19.78539326,337,0.094365885,-0.933533071,-0.055145481
Slovenia,Slovenia,0,19-07-2021,25-07-2021,7,2021,29,2119410,332,3,369.1853933,-37.18539326,329,0.141548827,-1.754516269,-0.100722818
Slovenia,Slovenia,0,26-07-2021,01-08-2021,7,2021,30,2119410,375,1,381.5853933,-6.585393258,374,0.047182942,-0.310718231,-0.01725798
Slovenia,Slovenia,0,02-08-2021,08-08-2021,7,2021,31,2119410,330,4,366.9853933,-36.98539326,326,0.18873177,-1.745079681,-0.100781649
Slovenia,Slovenia,0,09-08-2021,15-08-2021,7,2021,32,2119410,353,0,364.3853933,-11.38539326,353,0,-0.537196355,-0.031245471
Slovenia,Slovenia,0,16-08-2021,22-08-2021,7,2021,33,2119410,327,7,367.5853933,-40.58539326,320,0.330280597,-1.914938273,-0.110410789
Slovenia,Slovenia,0,23-08-2021,29-08-2021,7,2021,34,2119410,334,8,373.9853933,-39.98539326,326,0.377463539,-1.886628508,-0.106916992
Slovenia,Slovenia,0,30-08-2021,05-09-2021,7,2021,35,2119410,400,7,373.7853933,26.21460674,393,0.330280597,1.236882281,0.070132775
Slovenia,Slovenia,0,06-09-2021,12-09-2021,7,2021,36,2119410,418,14,350.1853933,67.81460674,404,0.660561194,3.199692685,0.193653442
Slovenia,Slovenia,0,13-09-2021,19-09-2021,7,2021,37,2119410,405,29,372.9853933,32.01460674,376,1.36830533,1.510543347,0.085833406
Slovenia,Slovenia,0,20-09-2021,26-09-2021,7,2021,38,2119410,423,39,375.9853933,47.01460674,384,1.840134754,2.218287483,0.125043705
Slovenia,Slovenia,0,27-09-2021,03-10-2021,7,2021,39,2119410,432,37,365.1853933,66.81460674,395,1.74576887,3.152509743,0.182960786
Slovenia,Slovenia,0,04-10-2021,10-10-2021,7,2021,40,2119410,412,39,390.1853933,21.81460674,373,1.840134754,1.029277334,0.055908312
Slovenia,Slovenia,0,11-10-2021,17-10-2021,7,2021,41,2119410,453,25,396.5853933,56.41460674,428,1.179573561,2.661807142,0.142250844
Slovenia,Slovenia,0,18-10-2021,24-10-2021,7,2021,42,2119410,471,45,386.5853933,84.41460674,426,2.123232409,3.98292953,0.218359535
Slovenia,Slovenia,0,25-10-2021,31-10-2021,7,2021,43,2119410,467,62,397.3853933,69.61460674,405,2.92534243,3.284621982,0.175181594
Slovenia,Slovenia,0,01-11-2021,07-11-2021,7,2021,44,2119410,546,85,386.7853933,159.2146067,461,4.010550106,7.512213623,0.411635521
Slovenia,Slovenia,0,08-11-2021,14-11-2021,7,2021,45,2119410,585,111,387.9853933,197.0146067,474,5.237306609,9.295728846,0.507788721
Slovenia,Slovenia,0,15-11-2021,21-11-2021,7,2021,46,2119410,587,122,403.9853933,183.0146067,465,5.756318976,8.635167652,0.453022832
Slovenia,Slovenia,0,22-11-2021,28-11-2021,7,2021,47,2119410,542,125,386.9853933,155.0146067,417,5.897867803,7.314045265,0.400569658
Slovenia,Slovenia,0,29-11-2021,05-12-2021,7,2021,48,2119410,589,115,387.1853933,201.8146067,474,5.426038379,9.52220697,0.521235073
Slovenia,Slovenia,0,06-12-2021,12-12-2021,7,2021,49,2119410,528,105,415.9853933,112.0146067,423,4.954208954,5.28517874,0.269275336
Slovenia,Slovenia,0,13-12-2021,19-12-2021,7,2021,50,2119410,500,88,421.9853933,78.01460674,412,4.152098933,3.680958698,0.184875135
Slovenia,Slovenia,0,20-12-2021,26-12-2021,7,2021,51,2119410,479,47,421.3853933,57.61460674,432,2.217598294,2.718426673,0.136726635
Slovenia,Slovenia,0,27-12-2021,02-01-2022,7,2021,52,2119410,493,60,425.1853933,67.81460674,433,2.830976545,3.199692685,0.159494206
Slovenia,Slovenia,0,03-01-2022,09-01-2022,7,2022,1,2119410,471,52,454.6335674,16.36643258,419,2.453513006,0.772216446,0.035999173
Slovenia,Slovenia,0,10-01-2022,16-01-2022,7,2022,2,2119410,491,43,467.8002341,23.19976592,448,2.028866524,1.09463322,0.049593318
Slovenia,Slovenia,0,17-01-2022,23-01-2022,7,2022,3,2119410,456,74,476.4669007,-20.46690075,382,3.491537739,-0.9656886,-0.042955556
Slovenia,Slovenia,0,24-01-2022,30-01-2022,7,2022,4,2119410,476,85,488.6335674,-12.63356742,391,4.010550106,-0.596088884,-0.025854891
Slovenia,Slovenia,0,31-01-2022,06-02-2022,7,2022,5,2119410,581,118,502.1335674,78.86643258,463,5.567587206,3.721150348,0.157062658
Slovenia,Slovenia,0,07-02-2022,13-02-2022,7,2022,6,2119410,539,106,473.9669007,65.03309925,433,5.001391897,3.068452978,0.137210213
Slovenia,Slovenia,0,14-02-2022,20-02-2022,7,2022,7,2119410,560,122,485.3002341,74.69976592,438,5.756318976,3.524554754,0.15392485
Slovenia,Slovenia,0,21-02-2022,27-02-2022,7,2022,8,2119410,462,89,467.9669007,-5.966900749,373,4.199281876,-0.281535934,-0.01275069
Slovenia,Slovenia,0,28-02-2022,06-03-2022,7,2022,9,2119410,484,71,478.0817416,5.918258427,413,3.349988912,0.279240847,0.012379177
Slovenia,Slovenia,0,07-03-2022,13-03-2022,7,2022,10,2119410,475,47,427.4817416,47.51825843,428,2.217598294,2.242051251,0.111158568
Slovenia,Slovenia,0,14-03-2022,20-03-2022,7,2022,11,2119410,458,32,457.8817416,0.118258427,426,1.509854158,0.005579781,0.000258273
Slovenia,Slovenia,0,21-03-2022,27-03-2022,7,2022,12,2119410,428,33,436.8817416,-8.881741573,395,1.5570371,-0.419066701,-0.020329853
Slovenia,Slovenia,0,28-03-2022,03-04-2022,7,2022,13,2119410,433,26,443.6817416,-10.68174157,407,1.226756503,-0.503995998,-0.024075234
Slovenia,Slovenia,0,04-04-2022,10-04-2022,7,2022,14,2119410,426,34,419.8817416,6.118258427,392,1.604220042,0.288677435,0.014571385
Slovenia,Slovenia,0,11-04-2022,17-04-2022,7,2022,15,2119410,427,22,387.2817416,39.71825843,405,1.038024733,1.8740243,0.102556496
Slovenia,Slovenia,0,18-04-2022,24-04-2022,7,2022,16,2119410,435,21,417.6817416,17.31825843,414,0.990841791,0.81712639,0.041462809
Slovenia,Slovenia,0,25-04-2022,01-05-2022,7,2022,17,2119410,407,15,398.0817416,8.918258427,392,0.707744136,0.420789674,0.022403083
Slovenia,Slovenia,0,02-05-2022,08-05-2022,7,2022,18,2119410,383,18,382.6817416,0.318258427,365,0.849292964,0.015016369,0.000831653
Slovenia,Slovenia,0,09-05-2022,15-05-2022,7,2022,19,2119410,394,11,379.0817416,14.91825843,383,0.519012367,0.703887328,0.039353672
Slovenia,Slovenia,0,16-05-2022,22-05-2022,7,2022,20,2119410,387,7,373.2817416,13.71825843,380,0.330280597,0.647267797,0.036750414
Slovenia,Slovenia,0,23-05-2022,29-05-2022,7,2022,21,2119410,362,7,372.0817416,-10.08174157,355,0.330280597,-0.475686232,-0.027095502
Slovenia,Slovenia,0,30-05-2022,05-06-2022,7,2022,22,2119410,378,6,368.0817416,9.918258427,372,0.283097655,0.467972616,0.026945804
Slovenia,Slovenia,0,06-06-2022,12-06-2022,7,2022,23,2119410,360,2,364.8817416,-4.881741573,358,0.094365885,-0.230334932,-0.013378969
Slovenia,Slovenia,0,13-06-2022,19-06-2022,7,2022,24,2119410,348,2,358.0817416,-10.08174157,346,0.094365885,-0.475686232,-0.028154861
South Africa,South Africa,0,29-12-2019,04-01-2020,7,2020,1,59392255,10456,0,10253.71897,202.2810321,10456,0,0.340584866,0.019727577
South Africa,South Africa,0,05-01-2020,11-01-2020,7,2020,2,59392255,9678,0,9357.052301,320.9476987,9678,0,0.540386451,0.034300086
South Africa,South Africa,0,12-01-2020,18-01-2020,7,2020,3,59392255,9254,0,9104.218968,149.7810321,9254,0,0.252189502,0.016451827
South Africa,South Africa,0,19-01-2020,25-01-2020,7,2020,4,59392255,8626,0,8877.385635,-251.3856346,8626,0,-0.423263327,-0.02831753
South Africa,South Africa,0,26-01-2020,01-02-2020,7,2020,5,59392255,9417,0,9281.552301,135.4476987,9417,0,0.228056164,0.014593216
South Africa,South Africa,0,02-02-2020,08-02-2020,7,2020,6,59392255,10095,0,9488.718968,606.2810321,10095,0,1.020808239,0.06389493
South Africa,South Africa,0,09-02-2020,15-02-2020,7,2020,7,59392255,9279,0,9071.552301,207.4476987,9279,0,0.349284092,0.022867938
South Africa,South Africa,0,16-02-2020,22-02-2020,7,2020,8,59392255,9312,0,9036.885635,275.1143654,9312,0,0.463215895,0.030443493
South Africa,South Africa,0,23-02-2020,29-02-2020,7,2020,9,59392255,9019,0,9360.218968,-341.2189679,9019,0,-0.574517617,-0.036454165
South Africa,South Africa,0,01-03-2020,07-03-2020,7,2020,10,59392255,9837,0,9367.462762,469.5372385,9837,0,0.790569812,0.050124271
South Africa,South Africa,0,08-03-2020,14-03-2020,7,2020,11,59392255,9398,0,9148.862762,249.1372385,9398,0,0.419477655,0.027231498
South Africa,South Africa,0,15-03-2020,21-03-2020,7,2020,12,59392255,9118,0,9037.862762,80.13723849,9118,0,0.134928769,0.008866835
South Africa,South Africa,0,22-03-2020,28-03-2020,7,2020,13,59392255,9043,1,9425.662762,-382.6627615,9042,0.001683721,-0.644297411,-0.040597969
South Africa,South Africa,0,29-03-2020,04-04-2020,7,2020,14,59392255,8772,8,9696.262762,-924.2627615,8764,0.01346977,-1.556200824,-0.095321546
South Africa,South Africa,0,05-04-2020,11-04-2020,7,2020,15,59392255,8764,16,9459.062762,-695.0627615,8748,0.02693954,-1.17029192,-0.073481145
South Africa,South Africa,0,12-04-2020,18-04-2020,7,2020,16,59392255,8617,27,9415.662762,-798.6627615,8590,0.045460473,-1.344725439,-0.084822787
South Africa,South Africa,0,19-04-2020,25-04-2020,7,2020,17,59392255,8430,34,9668.262762,-1238.262762,8396,0.057246521,-2.084889287,-0.128075001
South Africa,South Africa,0,26-04-2020,02-05-2020,7,2020,18,59392255,8480,37,10207.66276,-1727.662762,8443,0.062297685,-2.908902451,-0.169251552
South Africa,South Africa,0,03-05-2020,09-05-2020,7,2020,19,59392255,8938,63,10200.26276,-1262.262762,8875,0.106074437,-2.125298596,-0.123748063
South Africa,South Africa,0,10-05-2020,16-05-2020,7,2020,20,59392255,9069,75,10279.86276,-1210.862762,8994,0.126279091,-2.038755325,-0.117789779
South Africa,South Africa,0,17-05-2020,23-05-2020,7,2020,21,59392255,9276,146,10169.06276,-893.0627615,9130,0.245823298,-1.503668722,-0.087821541
South Africa,South Africa,0,24-05-2020,30-05-2020,7,2020,22,59392255,9817,236,10866.26276,-1049.262762,9581,0.397358208,-1.766665976,-0.096561512
South Africa,South Africa,0,31-05-2020,06-06-2020,7,2020,23,59392255,10509,309,11516.46276,-1007.462762,10200,0.520269857,-1.696286429,-0.087480226
South Africa,South Africa,0,07-06-2020,13-06-2020,7,2020,24,59392255,11008,471,11535.86276,-527.8627615,10537,0.793032694,-0.888773732,-0.045758412
South Africa,South Africa,0,14-06-2020,20-06-2020,7,2020,25,59392255,12397,454,11363.06276,1033.937238,11943,0.764409434,1.740862068,0.09099107
South Africa,South Africa,0,21-06-2020,27-06-2020,7,2020,26,59392255,12988,536,11437.66276,1550.337238,12452,0.902474573,2.610335705,0.135546682
South Africa,South Africa,0,28-06-2020,04-07-2020,7,2020,27,59392255,13965,613,11647.66276,2317.337238,13352,1.032121107,3.901749881,0.198952982
South Africa,South Africa,0,05-07-2020,11-07-2020,7,2020,28,59392255,15241,945,11097.86276,4143.137238,14296,1.591116552,6.975888083,0.373327489
South Africa,South Africa,0,12-07-2020,18-07-2020,7,2020,29,59392255,16710,977,10896.46276,5813.537238,15733,1.644995631,9.788376007,0.533525178
South Africa,South Africa,0,19-07-2020,25-07-2020,7,2020,30,59392255,16559,1707,10594.66276,5964.337238,14852,2.874112121,10.04228117,0.56295678
South Africa,South Africa,0,26-07-2020,01-08-2020,7,2020,31,59392255,15635,1498,11090.46276,4544.537238,14137,2.522214386,7.65173378,0.409769848
South Africa,South Africa,0,02-08-2020,08-08-2020,7,2020,32,59392255,14191,2057,10959.26276,3231.737238,12134,3.463414548,5.441344563,0.294886372
South Africa,South Africa,0,09-08-2020,15-08-2020,7,2020,33,59392255,12735,1467,10671.26276,2063.737238,11268,2.470019029,3.474758179,0.193392037
South Africa,South Africa,0,16-08-2020,22-08-2020,7,2020,34,59392255,12388,1310,10472.06276,1915.937238,11078,2.205674797,3.225904183,0.182957005
South Africa,South Africa,0,23-08-2020,29-08-2020,7,2020,35,59392255,11554,994,10451.26276,1102.737238,10560,1.673618892,1.856702088,0.105512345
South Africa,South Africa,0,30-08-2020,05-09-2020,7,2020,36,59392255,11379,798,10725.26276,653.7372385,10581,1.343609533,1.10071126,0.060953028
South Africa,South Africa,0,06-09-2020,12-09-2020,7,2020,37,59392255,10485,648,10209.86276,275.1372385,9837,1.09105135,0.463254407,0.026948182
South Africa,South Africa,0,13-09-2020,19-09-2020,7,2020,38,59392255,10010,513,10105.66276,-95.66276151,9497,0.863748985,-0.161069421,-0.009466253
South Africa,South Africa,0,20-09-2020,26-09-2020,7,2020,39,59392255,10259,436,10000.86276,258.1372385,9823,0.734102452,0.434631146,0.025811497
South Africa,South Africa,0,27-09-2020,03-10-2020,7,2020,40,59392255,9941,562,10415.66276,-474.6627615,9379,0.946251325,-0.799199764,-0.045572017
South Africa,South Africa,0,04-10-2020,10-10-2020,7,2020,41,59392255,10519,735,9891.862762,627.1372385,9784,1.237535096,1.055924276,0.063399306
South Africa,South Africa,0,11-10-2020,17-10-2020,7,2020,42,59392255,10572,735,9577.662762,994.3372385,9837,1.237535096,1.674186707,0.10381836
South Africa,South Africa,0,18-10-2020,24-10-2020,7,2020,43,59392255,10450,536,9606.662762,843.3372385,9914,0.902474573,1.419944803,0.087786702
South Africa,South Africa,0,25-10-2020,31-10-2020,7,2020,44,59392255,10302,332,9962.262762,339.7372385,9970,0.558995445,0.572022797,0.034102417
South Africa,South Africa,0,01-11-2020,07-11-2020,7,2020,45,59392255,10479,513,9734.262762,744.7372385,9966,0.863748985,1.253929891,0.076506794
South Africa,South Africa,0,08-11-2020,14-11-2020,7,2020,46,59392255,10850,417,9458.062762,1391.937238,10433,0.702111748,2.343634264,0.147169381
South Africa,South Africa,0,15-11-2020,21-11-2020,7,2020,47,59392255,10744,639,9329.862762,1414.137238,10105,1.075897859,2.381012875,0.151571065
South Africa,South Africa,0,22-11-2020,28-11-2020,7,2020,48,59392255,10601,594,9990.462762,610.5372385,10007,1.000130404,1.027974504,0.061112008
South Africa,South Africa,0,29-11-2020,05-12-2020,7,2020,49,59392255,11879,628,10049.46276,1829.537238,11251,1.057376926,3.08043067,0.182053238
South Africa,South Africa,0,06-12-2020,12-12-2020,7,2020,50,59392255,12804,1039,9633.662762,3170.337238,11765,1.749386347,5.33796408,0.329089498
South Africa,South Africa,0,13-12-2020,19-12-2020,7,2020,51,59392255,14321,1433,10276.66276,4044.337238,12888,2.412772507,6.809536426,0.393545778
South Africa,South Africa,0,20-12-2020,26-12-2020,7,2020,52,59392255,17524,1982,10220.26276,7303.737238,15542,3.337135456,12.29745737,0.71463302
South Africa,South Africa,0,27-12-2020,02-01-2021,7,2020,53,59392255,20234,2654,10220.26276,10013.73724,17580,4.468596116,16.86034187,0.979792543
South Africa,South Africa,0,03-01-2021,09-01-2021,7,2021,1,59392255,23510,3649,10220.93989,13289.06011,19861,6.143898729,22.37507249,1.300179852
South Africa,South Africa,0,10-01-2021,16-01-2021,7,2021,2,59392255,24953,4027,9324.273222,15628.72678,20926,6.78034535,26.31441891,1.676133507
South Africa,South Africa,0,17-01-2021,23-01-2021,7,2021,3,59392255,21804,3723,9071.439888,12732.56011,18081,6.268494099,21.43808163,1.403587553
South Africa,South Africa,0,24-01-2021,30-01-2021,7,2021,4,59392255,15818,3377,8844.606555,6973.393445,12441,5.685926557,11.74125051,0.788434556
South Africa,South Africa,0,31-01-2021,06-02-2021,7,2021,5,59392255,13832,2229,9248.773222,4583.226778,11603,3.753014598,7.716876179,0.495549698
South Africa,South Africa,0,07-02-2021,13-02-2021,7,2021,6,59392255,12182,1641,9455.939888,2726.060112,10541,2.762986521,4.589925255,0.288290762
South Africa,South Africa,0,14-02-2021,20-02-2021,7,2021,7,59392255,11440,1119,9038.773222,2401.226778,10321,1.884084044,4.042996479,0.265658483
South Africa,South Africa,0,21-02-2021,27-02-2021,7,2021,8,59392255,10717,1001,9004.106555,1712.893445,9716,1.68540494,2.884035039,0.190234693
South Africa,South Africa,0,28-02-2021,06-03-2021,7,2021,9,59392255,10965,706,9327.439888,1637.560112,10259,1.188707181,2.757194708,0.175563727
South Africa,South Africa,0,07-03-2021,13-03-2021,7,2021,10,59392255,10919,614,9334.683682,1584.316318,10305,1.033804829,2.667547003,0.169723621
South Africa,South Africa,0,14-03-2021,20-03-2021,7,2021,11,59392255,10169,821,9116.083682,1052.916318,9348,1.382335121,1.772817547,0.115500949
South Africa,South Africa,0,21-03-2021,27-03-2021,7,2021,12,59392255,10172,566,9005.083682,1166.916318,9606,0.95298621,1.964761766,0.129584173
South Africa,South Africa,0,28-03-2021,03-04-2021,7,2021,13,59392255,10622,306,9392.883682,1229.116318,10316,0.515218693,2.069489225,0.13085612
South Africa,South Africa,0,04-04-2021,10-04-2021,7,2021,14,59392255,10847,302,9663.483682,1183.516318,10545,0.508483808,1.992711538,0.12247305
South Africa,South Africa,0,11-04-2021,17-04-2021,7,2021,15,59392255,10808,455,9426.283682,1381.716318,10353,0.766093155,2.326425084,0.146581237
South Africa,South Africa,0,18-04-2021,24-04-2021,7,2021,16,59392255,10637,414,9382.883682,1254.116318,10223,0.697060585,2.111582256,0.133660009
South Africa,South Africa,0,25-04-2021,01-05-2021,7,2021,17,59392255,10928,281,9635.483682,1292.516318,10647,0.473125663,2.176237151,0.134141301
South Africa,South Africa,0,02-05-2021,08-05-2021,7,2021,18,59392255,11472,281,10174.88368,1297.116318,11191,0.473125663,2.183982268,0.127482177
South Africa,South Africa,0,09-05-2021,15-05-2021,7,2021,19,59392255,11723,496,10167.48368,1555.516318,11227,0.835125725,2.619055831,0.15298931
South Africa,South Africa,0,16-05-2021,22-05-2021,7,2021,20,59392255,11773,589,10247.08368,1525.916318,11184,0.991711798,2.569217683,0.148912253
South Africa,South Africa,0,23-05-2021,29-05-2021,7,2021,21,59392255,12290,591,10136.28368,2153.716318,11699,0.995079241,3.626257865,0.212475932
South Africa,South Africa,0,30-05-2021,05-06-2021,7,2021,22,59392255,13567,566,10833.48368,2733.516318,13001,0.95298621,4.602479428,0.252321081
South Africa,South Africa,0,06-06-2021,12-06-2021,7,2021,23,59392255,14339,777,11483.68368,2855.316318,13562,1.308251387,4.807556672,0.24864115
South Africa,South Africa,0,13-06-2021,19-06-2021,7,2021,24,59392255,13944,884,11503.08368,2440.916318,13060,1.488409558,4.109822599,0.212196693
South Africa,South Africa,0,20-06-2021,26-06-2021,7,2021,25,59392255,15725,1188,11330.28368,4394.716318,14537,2.000260808,7.399477117,0.387873459
South Africa,South Africa,0,27-06-2021,03-07-2021,7,2021,26,59392255,17351,1729,11404.88368,5946.116318,15622,2.911153988,10.01160222,0.521365801
South Africa,South Africa,0,04-07-2021,10-07-2021,7,2021,27,59392255,18883,2631,11614.88368,7268.116318,16252,4.429870528,12.23748167,0.625758855
South Africa,South Africa,0,11-07-2021,17-07-2021,7,2021,28,59392255,21366,2538,11065.08368,10300.91632,18828,4.273284454,17.34387138,0.930938854
South Africa,South Africa,0,18-07-2021,24-07-2021,7,2021,29,59392255,20400,2812,10863.68368,9536.316318,17588,4.734624068,16.05649814,0.877816089
South Africa,South Africa,0,25-07-2021,31-07-2021,7,2021,30,59392255,19074,2525,10561.88368,8512.116318,16549,4.251396078,14.33203086,0.80592786
South Africa,South Africa,0,01-08-2021,07-08-2021,7,2021,31,59392255,17442,2610,11057.68368,6384.316318,14832,4.394512382,10.74940885,0.577364709
South Africa,South Africa,0,08-08-2021,14-08-2021,7,2021,32,59392255,15647,2246,10926.48368,4720.516318,13401,3.781637858,7.94803349,0.432025202
South Africa,South Africa,0,15-08-2021,21-08-2021,7,2021,33,59392255,15781,2382,10638.48368,5142.516318,13399,4.010623944,8.658563845,0.483388091
South Africa,South Africa,0,22-08-2021,28-08-2021,7,2021,34,59392255,14886,2210,10439.28368,4446.716318,12676,3.721023894,7.48703062,0.425959908
South Africa,South Africa,0,29-08-2021,04-09-2021,7,2021,35,59392255,14703,1882,10418.48368,4284.516318,12821,3.168763335,7.213931039,0.411241832
South Africa,South Africa,0,05-09-2021,11-09-2021,7,2021,36,59392255,13684,1408,10692.48368,2991.516318,12276,2.370679477,5.036879502,0.279777497
South Africa,South Africa,0,12-09-2021,18-09-2021,7,2021,37,59392255,12174,1365,10177.08368,1996.916318,10809,2.298279464,3.362250378,0.19621695
South Africa,South Africa,0,19-09-2021,25-09-2021,7,2021,38,59392255,11796,885,10072.88368,1723.116318,10911,1.490093279,2.901247508,0.171064848
South Africa,South Africa,0,26-09-2021,02-10-2021,7,2021,39,59392255,11158,752,9968.083682,1189.916318,10406,1.266158357,2.003487354,0.119372625
South Africa,South Africa,0,03-10-2021,09-10-2021,7,2021,40,59392255,11147,539,10382.88368,764.116318,10608,0.907525737,1.286558859,0.073593844
South Africa,South Africa,0,10-10-2021,16-10-2021,7,2021,41,59392255,11031,295,9859.083682,1171.916318,10736,0.49669776,1.973180372,0.118866657
South Africa,South Africa,0,17-10-2021,23-10-2021,7,2021,42,59392255,10451,327,9544.883682,906.116318,10124,0.550576839,1.525647272,0.094932149
South Africa,South Africa,0,24-10-2021,30-10-2021,7,2021,43,59392255,10049,249,9573.883682,475.116318,9800,0.419246584,0.799963426,0.049626289
South Africa,South Africa,0,31-10-2021,06-11-2021,7,2021,44,59392255,11140,156,9929.483682,1210.516318,10984,0.26266051,2.038172011,0.121911305
South Africa,South Africa,0,07-11-2021,13-11-2021,7,2021,45,59392255,10970,157,9701.483682,1268.516318,10813,0.264344231,2.135827842,0.130754878
South Africa,South Africa,0,14-11-2021,20-11-2021,7,2021,46,59392255,10348,96,9425.283682,922.716318,10252,0.161637237,1.553597044,0.097897989
South Africa,South Africa,0,21-11-2021,27-11-2021,7,2021,47,59392255,10163,219,9297.083682,865.916318,9944,0.368734947,1.457961679,0.093138488
South Africa,South Africa,0,28-11-2021,04-12-2021,7,2021,48,59392255,11493,174,9957.683682,1535.316318,11319,0.292967492,2.585044663,0.154184082
South Africa,South Africa,0,05-12-2021,11-12-2021,7,2021,49,59392255,11308,151,10016.68368,1291.316318,11157,0.254241904,2.174216685,0.128916552
South Africa,South Africa,0,12-12-2021,18-12-2021,7,2021,50,59392255,11976,229,9600.883682,2375.116318,11747,0.385572159,3.999033743,0.247385178
South Africa,South Africa,0,19-12-2021,25-12-2021,7,2021,51,59392255,13334,428,10243.88368,3090.116318,12906,0.720632682,5.202894414,0.301654764
South Africa,South Africa,0,26-12-2021,01-01-2022,7,2021,52,59392255,13591,425,10187.48368,3403.516318,13166,0.715581518,5.730572645,0.334088026
South Africa,South Africa,0,02-01-2022,08-01-2022,7,2022,1,59392255,12439,622,10188.16081,2250.839191,11817,1.047274598,3.789785707,0.22092694
South Africa,South Africa,0,09-01-2022,15-01-2022,7,2022,2,59392255,11358,907,9291.494142,2066.505858,10451,1.527135146,3.479419762,0.222408347
South Africa,South Africa,0,16-01-2022,22-01-2022,7,2022,3,59392255,10360,785,9038.660809,1321.339191,9575,1.321721157,2.224766834,0.146187496
South Africa,South Africa,0,23-01-2022,29-01-2022,7,2022,4,59392255,9827,1070,8811.827476,1015.172524,8757,1.801581705,1.70926752,0.115205674
South Africa,South Africa,0,30-01-2022,05-02-2022,7,2022,5,59392255,10215,912,9215.994142,999.0058577,9303,1.535553752,1.682047361,0.108399142
South Africa,South Africa,0,06-02-2022,12-02-2022,7,2022,6,59392255,9939,1168,9423.160809,515.8391911,8771,1.966586384,0.868529392,0.054741631
South Africa,South Africa,0,13-02-2022,19-02-2022,7,2022,7,59392255,9591,1632,9005.994142,585.0058577,7959,2.74783303,0.984986776,0.064957388
South Africa,South Africa,0,20-02-2022,26-02-2022,7,2022,8,59392255,9749,574,8971.327476,777.6725244,9175,0.96645598,1.309383731,0.08668422
South Africa,South Africa,0,27-02-2022,05-03-2022,7,2022,9,59392255,10104,352,9294.660809,809.3391911,9752,0.592669869,1.36270157,0.08707571
South Africa,South Africa,0,06-03-2022,12-03-2022,7,2022,10,59392255,10085,169,9301.904603,783.0953975,9916,0.284548886,1.318514337,0.084186565
South Africa,South Africa,0,13-03-2022,19-03-2022,7,2022,11,59392255,9679,167,9083.304603,595.6953975,9512,0.281181444,1.002984981,0.065581352
South Africa,South Africa,0,20-03-2022,26-03-2022,7,2022,12,59392255,9812,86,8972.304603,839.6953975,9726,0.144800025,1.413812958,0.093587482
South Africa,South Africa,0,27-03-2022,02-04-2022,7,2022,13,59392255,10086,67,9360.104603,725.8953975,10019,0.112809322,1.222205484,0.07755206
South Africa,South Africa,0,03-04-2022,09-04-2022,7,2022,14,59392255,10079,64,9630.704603,448.2953975,10015,0.107758158,0.754804473,0.046548557
South Africa,South Africa,0,10-04-2022,16-04-2022,7,2022,15,59392255,10951,48,9393.504603,1557.495397,10903,0.080818619,2.62238805,0.165805571
South Africa,South Africa,0,17-04-2022,23-04-2022,7,2022,16,59392255,10406,154,9350.104603,1055.895397,10252,0.259293068,1.777833486,0.112928726
South Africa,South Africa,0,24-04-2022,30-04-2022,7,2022,17,59392255,10728,65,9602.704603,1125.295397,10663,0.109441879,1.894683739,0.117185256
South Africa,South Africa,0,01-05-2022,07-05-2022,7,2022,18,59392255,11528,153,10142.1046,1385.895397,11375,0.257609347,2.333461488,0.136647713
South Africa,South Africa,0,08-05-2022,14-05-2022,7,2022,19,59392255,11563,237,10134.7046,1428.295397,11326,0.399041929,2.404851268,0.140931133
South Africa,South Africa,0,15-05-2022,21-05-2022,7,2022,20,59392255,11116,178,10214.3046,901.6953975,10938,0.299702377,1.518203674,0.088277708
South Africa,South Africa,0,22-05-2022,28-05-2022,7,2022,21,59392255,11663,211,10103.5046,1559.495397,11452,0.355265177,2.625755492,0.154351926
South Africa,South Africa,0,29-05-2022,04-06-2022,7,2022,22,59392255,12006,171,10800.7046,1205.295397,11835,0.287916328,2.029381436,0.111594145
South Africa,South Africa,0,05-06-2022,11-06-2022,7,2022,23,59392255,12310,164,11450.9046,859.0953975,12146,0.27613028,1.44647715,0.075024238
South Africa,South Africa,0,12-06-2022,18-06-2022,7,2022,24,59392255,12392,112,11470.3046,921.6953975,12280,0.188576777,1.551878098,0.080354919
South Africa,South Africa,0,19-06-2022,25-06-2022,7,2022,25,59392255,11880,138,11297.5046,582.4953975,11742,0.232353528,0.980759861,0.051559651
South Africa,South Africa,0,26-06-2022,02-07-2022,7,2022,26,59392255,12210,82,11372.1046,837.8953975,12128,0.13806514,1.41078226,0.073679888
South Africa,South Africa,0,03-07-2022,09-07-2022,7,2022,27,59392255,11816,67,11582.1046,233.8953975,11749,0.112809322,0.393814644,0.020194551
South Africa,South Africa,0,10-07-2022,16-07-2022,7,2022,28,59392255,10962,42,11032.3046,-70.30460251,10920,0.070716291,-0.118373351,-0.006372613
South Africa,South Africa,0,17-07-2022,23-07-2022,7,2022,29,59392255,11382,25,10830.9046,551.0953975,11357,0.04209303,0.927891015,0.050881752
South Korea,South Korea,0,30-12-2019,05-01-2020,7,2020,1,51830139,6438,0,6423.284878,14.71512172,6438,0,0.028391052,0.002290903
South Korea,South Korea,0,06-01-2020,12-01-2020,7,2020,2,51830139,6320,0,6433.284878,-113.2848783,6320,0,-0.218569505,-0.017609181
South Korea,South Korea,0,13-01-2020,19-01-2020,7,2020,3,51830139,6403,0,6415.284878,-12.28487828,6403,0,-0.02370219,-0.001914939
South Korea,South Korea,0,20-01-2020,26-01-2020,7,2020,4,51830139,6490,0,6365.451545,124.5484551,6490,0,0.240301218,0.019566319
South Korea,South Korea,0,27-01-2020,02-02-2020,7,2020,5,51830139,6434,0,6359.784878,74.21512172,6434,0,0.143189123,0.011669439
South Korea,South Korea,0,03-02-2020,09-02-2020,7,2020,6,51830139,6431,0,6225.618212,205.3817884,6431,0,0.396259382,0.032989782
South Korea,South Korea,0,10-02-2020,16-02-2020,7,2020,7,51830139,6161,0,6181.784878,-20.78487828,6161,0,-0.040101915,-0.003362278
South Korea,South Korea,0,17-02-2020,23-02-2020,7,2020,8,51830139,5970,6,6187.618212,-217.6182116,5964,0.011576276,-0.419868084,-0.035169948
South Korea,South Korea,0,24-02-2020,01-03-2020,7,2020,9,51830139,6012,11,6200.541854,-188.5418539,6001,0.021223173,-0.36376876,-0.030407319
South Korea,South Korea,0,02-03-2020,08-03-2020,7,2020,10,51830139,5961,33,6128.341854,-167.3418539,5928,0.063669519,-0.322865918,-0.02730622
South Korea,South Korea,0,09-03-2020,15-03-2020,7,2020,11,51830139,5933,25,6046.141854,-113.1418539,5908,0.048234484,-0.218293557,-0.018713066
South Korea,South Korea,0,16-03-2020,22-03-2020,7,2020,12,51830139,5838,36,5942.941854,-104.9418539,5802,0.069457657,-0.202472646,-0.017658233
South Korea,South Korea,0,23-03-2020,29-03-2020,7,2020,13,51830139,5708,41,5925.541854,-217.5418539,5667,0.079104553,-0.419720761,-0.036712567
South Korea,South Korea,0,30-03-2020,05-04-2020,7,2020,14,51830139,5649,31,5931.941854,-282.9418539,5618,0.05981076,-0.545902171,-0.047698015
South Korea,South Korea,0,06-04-2020,12-04-2020,7,2020,15,51830139,5874,31,5778.141854,95.85814607,5843,0.05981076,0.184946728,0.016589788
South Korea,South Korea,0,13-04-2020,19-04-2020,7,2020,16,51830139,5745,20,5847.741854,-102.7418539,5725,0.038587587,-0.198228012,-0.017569492
South Korea,South Korea,0,20-04-2020,26-04-2020,7,2020,17,51830139,5578,9,5695.941854,-117.9418539,5569,0.017364414,-0.227554578,-0.020706295
South Korea,South Korea,0,27-04-2020,03-05-2020,7,2020,18,51830139,5982,9,5796.141854,185.8581461,5973,0.017364414,0.358590869,0.032065838
South Korea,South Korea,0,04-05-2020,10-05-2020,7,2020,19,51830139,5529,4,5683.741854,-154.7418539,5525,0.007717517,-0.298555738,-0.027225349
South Korea,South Korea,0,11-05-2020,17-05-2020,7,2020,20,51830139,5437,7,5703.741854,-266.7418539,5430,0.013505655,-0.514646225,-0.046766116
South Korea,South Korea,0,18-05-2020,24-05-2020,7,2020,21,51830139,5496,4,5599.341854,-103.3418539,5492,0.007717517,-0.199385639,-0.018456072
South Korea,South Korea,0,25-05-2020,31-05-2020,7,2020,22,51830139,5390,4,5642.941854,-252.9418539,5386,0.007717517,-0.48802079,-0.044824466
South Korea,South Korea,0,01-06-2020,07-06-2020,7,2020,23,51830139,5636,2,5517.541854,118.4581461,5634,0.003858759,0.228550701,0.02146937
South Korea,South Korea,0,08-06-2020,14-06-2020,7,2020,24,51830139,5540,4,5456.541854,83.45814607,5536,0.007717517,0.161022424,0.015295062
South Korea,South Korea,0,15-06-2020,21-06-2020,7,2020,25,51830139,5440,3,5500.941854,-60.94185393,5437,0.005788138,-0.117579955,-0.01107844
South Korea,South Korea,0,22-06-2020,28-06-2020,7,2020,26,51830139,5435,2,5443.941854,-8.941853932,5433,0.003858759,-0.017252228,-0.001642533
South Korea,South Korea,0,29-06-2020,05-07-2020,7,2020,27,51830139,5422,2,5424.741854,-2.741853932,5420,0.003858759,-0.005290076,-0.000505435
South Korea,South Korea,0,06-07-2020,12-07-2020,7,2020,28,51830139,5210,5,5383.941854,-173.9418539,5205,0.009646897,-0.335599821,-0.032307528
South Korea,South Korea,0,13-07-2020,19-07-2020,7,2020,29,51830139,5437,7,5375.941854,61.05814607,5430,0.013505655,0.117804326,0.011357665
South Korea,South Korea,0,20-07-2020,26-07-2020,7,2020,30,51830139,5522,3,5503.341854,18.65814607,5519,0.005788138,0.035998642,0.00339033
South Korea,South Korea,0,27-07-2020,02-08-2020,7,2020,31,51830139,5507,2,5599.541854,-92.54185393,5505,0.003858759,-0.178548342,-0.016526683
South Korea,South Korea,0,03-08-2020,09-08-2020,7,2020,32,51830139,5421,4,5578.141854,-157.1418539,5417,0.007717517,-0.303186248,-0.028171004
South Korea,South Korea,0,10-08-2020,16-08-2020,7,2020,33,51830139,5690,0,5433.741854,256.2581461,5690,0,0.494419176,0.04716053
South Korea,South Korea,0,17-08-2020,23-08-2020,7,2020,34,51830139,5954,4,5474.741854,479.2581461,5950,0.007717517,0.924670771,0.087539862
South Korea,South Korea,0,24-08-2020,30-08-2020,7,2020,35,51830139,5814,15,5462.141854,351.8581461,5799,0.02894069,0.678867842,0.064417614
South Korea,South Korea,0,31-08-2020,06-09-2020,7,2020,36,51830139,5617,12,5552.741854,64.25814607,5605,0.023152552,0.12397834,0.011572327
South Korea,South Korea,0,07-09-2020,13-09-2020,7,2020,37,51830139,5630,27,5529.541854,100.4581461,5603,0.052093243,0.193821873,0.018167535
South Korea,South Korea,0,14-09-2020,20-09-2020,7,2020,38,51830139,5733,22,5562.741854,170.2581461,5711,0.042446346,0.328492552,0.030606875
South Korea,South Korea,0,21-09-2020,27-09-2020,7,2020,39,51830139,5763,21,5650.141854,112.8581461,5742,0.040516966,0.217746177,0.019974392
South Korea,South Korea,0,28-09-2020,04-10-2020,7,2020,40,51830139,5776,16,5763.341854,12.65814607,5760,0.03087007,0.024422366,0.002196321
South Korea,South Korea,0,05-10-2020,11-10-2020,7,2020,41,51830139,5951,11,5753.941854,197.0581461,5940,0.021223173,0.380199918,0.034247504
South Korea,South Korea,0,12-10-2020,18-10-2020,7,2020,42,51830139,5884,11,5898.341854,-14.34185393,5873,0.021223173,-0.027670877,-0.002431506
South Korea,South Korea,0,19-10-2020,25-10-2020,7,2020,43,51830139,6043,13,5874.941854,168.0581461,6030,0.025081932,0.324247917,0.028605925
South Korea,South Korea,0,26-10-2020,01-11-2020,7,2020,44,51830139,6081,11,5894.141854,186.8581461,6070,0.021223173,0.360520249,0.03170235
South Korea,South Korea,0,02-11-2020,08-11-2020,7,2020,45,51830139,6062,12,5922.341854,139.6581461,6050,0.023152552,0.269453543,0.023581575
South Korea,South Korea,0,09-11-2020,15-11-2020,7,2020,46,51830139,6029,14,5909.741854,119.2581461,6015,0.027011311,0.230094205,0.020179925
South Korea,South Korea,0,16-11-2020,22-11-2020,7,2020,47,51830139,5943,15,5908.541854,34.45814607,5928,0.02894069,0.066482836,0.00583192
South Korea,South Korea,0,23-11-2020,29-11-2020,7,2020,48,51830139,5802,17,5984.141854,-182.1418539,5785,0.032799449,-0.351420732,-0.030437423
South Korea,South Korea,0,30-11-2020,06-12-2020,7,2020,49,51830139,6161,23,5993.541854,167.4581461,6138,0.044375725,0.323090289,0.027939764
South Korea,South Korea,0,07-12-2020,13-12-2020,7,2020,50,51830139,6027,38,6115.741854,-88.74185393,5989,0.073316415,-0.171216701,-0.014510399
South Korea,South Korea,0,14-12-2020,20-12-2020,7,2020,51,51830139,5922,111,6219.341854,-297.3418539,5811,0.214161108,-0.573685233,-0.047809215
South Korea,South Korea,0,21-12-2020,27-12-2020,7,2020,52,51830139,6138,121,6258.341854,-120.3418539,6017,0.233454902,-0.232185088,-0.019229032
South Korea,South Korea,0,28-12-2020,03-01-2021,7,2020,53,51830139,6165,162,6201.435393,-36.43539326,6003,0.312559455,-0.070297695,-0.005875316
South Korea,South Korea,0,04-01-2021,10-01-2021,7,2021,1,51830139,6220,159,6533.465496,-313.4654963,6061,0.306771317,-0.604793856,-0.047978442
South Korea,South Korea,0,11-01-2021,17-01-2021,7,2021,2,51830139,6334,124,6543.465496,-209.4654963,6210,0.23924304,-0.404138403,-0.032011401
South Korea,South Korea,0,18-01-2021,24-01-2021,7,2021,3,51830139,6189,96,6525.465496,-336.4654963,6093,0.185220418,-0.649169581,-0.051561915
South Korea,South Korea,0,25-01-2021,31-01-2021,7,2021,4,51830139,5841,65,6475.632163,-634.6321629,5776,0.125409658,-1.224446191,-0.098003121
South Korea,South Korea,0,01-02-2021,07-02-2021,7,2021,5,51830139,6074,49,6469.965496,-395.9654963,6025,0.094539588,-0.763967653,-0.061200558
South Korea,South Korea,0,08-02-2021,14-02-2021,7,2021,6,51830139,5778,53,6335.79883,-557.7988296,5725,0.102257106,-1.076205544,-0.088039227
South Korea,South Korea,0,15-02-2021,21-02-2021,7,2021,7,51830139,6075,35,6291.965496,-216.9654963,6040,0.067528277,-0.418608749,-0.034482944
South Korea,South Korea,0,22-02-2021,28-02-2021,7,2021,8,51830139,5912,43,6297.79883,-385.7988296,5869,0.082963312,-0.744352296,-0.061259313
South Korea,South Korea,0,01-03-2021,07-03-2021,7,2021,9,51830139,5950,37,6310.722472,-360.7224719,5913,0.071387036,-0.695970489,-0.05716025
South Korea,South Korea,0,08-03-2021,14-03-2021,7,2021,10,51830139,6100,33,6238.522472,-138.5224719,6067,0.063669519,-0.267262397,-0.022204372
South Korea,South Korea,0,15-03-2021,21-03-2021,7,2021,11,51830139,6035,22,6156.322472,-121.3224719,6013,0.042446346,-0.234077072,-0.019706972
South Korea,South Korea,0,22-03-2021,28-03-2021,7,2021,12,51830139,5897,29,6053.122472,-156.1224719,5868,0.055952001,-0.301219474,-0.025792056
South Korea,South Korea,0,29-03-2021,04-04-2021,7,2021,13,51830139,5920,22,6035.722472,-115.7224719,5898,0.042446346,-0.223272548,-0.019172928
South Korea,South Korea,0,05-04-2021,11-04-2021,7,2021,14,51830139,5836,22,6042.122472,-206.1224719,5814,0.042446346,-0.397688441,-0.034114249
South Korea,South Korea,0,12-04-2021,18-04-2021,7,2021,15,51830139,5938,31,5888.322472,49.67752809,5907,0.05981076,0.095846797,0.008436618
South Korea,South Korea,0,19-04-2021,25-04-2021,7,2021,16,51830139,5822,16,5957.922472,-135.9224719,5806,0.03087007,-0.262246011,-0.022813736
South Korea,South Korea,0,26-04-2021,02-05-2021,7,2021,17,51830139,5766,17,5806.122472,-40.12247191,5749,0.032799449,-0.077411469,-0.006910373
South Korea,South Korea,0,03-05-2021,09-05-2021,7,2021,18,51830139,5859,41,5906.322472,-47.32247191,5818,0.079104553,-0.091303,-0.008012172
South Korea,South Korea,0,10-05-2021,16-05-2021,7,2021,19,51830139,5943,28,5793.922472,149.0775281,5915,0.054022622,0.287627105,0.025729983
South Korea,South Korea,0,17-05-2021,23-05-2021,7,2021,20,51830139,5559,31,5813.922472,-254.9224719,5528,0.05981076,-0.491842154,-0.043846899
South Korea,South Korea,0,24-05-2021,30-05-2021,7,2021,21,51830139,5780,25,5709.522472,70.47752809,5755,0.048234484,0.135977887,0.012343857
South Korea,South Korea,0,31-05-2021,06-06-2021,7,2021,22,51830139,5657,15,5753.122472,-96.12247191,5642,0.02894069,-0.185456713,-0.016707879
South Korea,South Korea,0,07-06-2021,13-06-2021,7,2021,23,51830139,5707,14,5627.722472,79.27752809,5693,0.027011311,0.152956426,0.014086965
South Korea,South Korea,0,14-06-2021,20-06-2021,7,2021,24,51830139,5639,16,5566.722472,72.27752809,5623,0.03087007,0.13945077,0.012983857
South Korea,South Korea,0,21-06-2021,27-06-2021,7,2021,25,51830139,5723,11,5611.122472,111.8775281,5712,0.021223173,0.215854193,0.019938529
South Korea,South Korea,0,28-06-2021,04-07-2021,7,2021,26,51830139,5706,13,5554.122472,151.8775281,5693,0.025081932,0.293029367,0.027345009
South Korea,South Korea,0,05-07-2021,11-07-2021,7,2021,27,51830139,5688,16,5534.922472,153.0775281,5672,0.03087007,0.295344622,0.027656671
South Korea,South Korea,0,12-07-2021,18-07-2021,7,2021,28,51830139,5706,14,5494.122472,211.8775281,5692,0.027011311,0.408792128,0.038564398
South Korea,South Korea,0,19-07-2021,25-07-2021,7,2021,29,51830139,5876,19,5486.122472,389.8775281,5857,0.036658208,0.752221653,0.071066136
South Korea,South Korea,0,26-07-2021,01-08-2021,7,2021,30,51830139,6005,22,5613.522472,391.4775281,5983,0.042446346,0.755308659,0.069738302
South Korea,South Korea,0,02-08-2021,08-08-2021,7,2021,31,51830139,5901,26,5709.722472,191.2775281,5875,0.050163863,0.369046913,0.03350032
South Korea,South Korea,0,09-08-2021,15-08-2021,7,2021,32,51830139,5816,42,5688.322472,127.6775281,5774,0.081033933,0.246338386,0.02244555
South Korea,South Korea,0,16-08-2021,22-08-2021,7,2021,33,51830139,5853,55,5543.922472,309.0775281,5798,0.106115864,0.596327801,0.055750695
South Korea,South Korea,0,23-08-2021,29-08-2021,7,2021,34,51830139,5817,62,5584.922472,232.0775281,5755,0.11962152,0.447765591,0.041554297
South Korea,South Korea,0,30-08-2021,05-09-2021,7,2021,35,51830139,5839,43,5572.322472,266.6775281,5796,0.082963312,0.514522116,0.047857519
South Korea,South Korea,0,06-09-2021,12-09-2021,7,2021,36,51830139,5978,33,5662.922472,315.0775281,5945,0.063669519,0.607904077,0.055638679
South Korea,South Korea,0,13-09-2021,19-09-2021,7,2021,37,51830139,5967,49,5639.722472,327.2775281,5918,0.094539588,0.631442505,0.058030786
South Korea,South Korea,0,20-09-2021,26-09-2021,7,2021,38,51830139,6011,47,5672.922472,338.0775281,5964,0.09068083,0.652279802,0.059594949
South Korea,South Korea,0,27-09-2021,03-10-2021,7,2021,39,51830139,6093,57,5760.322472,332.6775281,6036,0.109974623,0.641861154,0.057753282
South Korea,South Korea,0,04-10-2021,10-10-2021,7,2021,40,51830139,6096,70,5873.522472,222.4775281,6026,0.135056555,0.429243549,0.037878042
South Korea,South Korea,0,11-10-2021,17-10-2021,7,2021,41,51830139,6118,85,5864.122472,253.8775281,6033,0.163997245,0.489826061,0.043293354
South Korea,South Korea,0,18-10-2021,24-10-2021,7,2021,42,51830139,6355,105,6008.522472,346.4775281,6250,0.202584832,0.668486589,0.057664348
South Korea,South Korea,0,25-10-2021,31-10-2021,7,2021,43,51830139,6555,85,5985.122472,569.8775281,6470,0.163997245,1.099509936,0.095215684
South Korea,South Korea,0,01-11-2021,07-11-2021,7,2021,44,51830139,6470,122,6004.322472,465.6775281,6348,0.235384281,0.898468607,0.077557048
South Korea,South Korea,0,08-11-2021,14-11-2021,7,2021,45,51830139,6488,135,6032.522472,455.4775281,6353,0.260466213,0.878788938,0.07550366
South Korea,South Korea,0,15-11-2021,21-11-2021,7,2021,46,51830139,6656,183,6019.922472,636.0775281,6473,0.353076421,1.227234849,0.10566208
South Korea,South Korea,0,22-11-2021,28-11-2021,7,2021,47,51830139,6680,282,6018.722472,661.2775281,6398,0.544084977,1.275855209,0.109870081
South Korea,South Korea,0,29-11-2021,05-12-2021,7,2021,48,51830139,6943,313,6094.322472,848.6775281,6630,0.603895737,1.637420899,0.139257076
South Korea,South Korea,0,06-12-2021,12-12-2021,7,2021,49,51830139,7060,400,6103.722472,956.2775281,6660,0.771751741,1.845022118,0.156671201
South Korea,South Korea,0,13-12-2021,19-12-2021,7,2021,50,51830139,7233,483,6225.922472,1007.077528,6750,0.931890227,1.943034589,0.161755552
South Korea,South Korea,0,20-12-2021,26-12-2021,7,2021,51,51830139,7232,524,6329.522472,902.4775281,6708,1.01099478,1.741221508,0.142582246
South Korea,South Korea,0,27-12-2021,02-01-2022,7,2021,52,51830139,7106,430,6368.522472,737.4775281,6676,0.829633121,1.422873915,0.115800412
South Korea,South Korea,0,03-01-2022,09-01-2022,7,2022,1,51830139,6807,341,6643.646114,163.3538858,6466,0.657918359,0.315171614,0.024587987
South Korea,South Korea,0,10-01-2022,16-01-2022,7,2022,2,51830139,6696,262,6653.646114,42.35388577,6434,0.50549739,0.081716713,0.006365515
South Korea,South Korea,0,17-01-2022,23-01-2022,7,2022,3,51830139,6672,232,6635.646114,36.35388577,6440,0.44761601,0.070140437,0.005478575
South Korea,South Korea,0,24-01-2022,30-01-2022,7,2022,4,51830139,6686,190,6585.812781,100.1872191,6496,0.366582077,0.193299152,0.015212582
South Korea,South Korea,0,31-01-2022,06-02-2022,7,2022,5,51830139,6591,131,6580.146114,10.85388577,6460,0.252748695,0.020941263,0.00164949
South Korea,South Korea,0,07-02-2022,13-02-2022,7,2022,6,51830139,6991,216,6445.979448,545.0205524,6775,0.41674594,1.0515514,0.084552015
South Korea,South Korea,0,14-02-2022,20-02-2022,7,2022,7,51830139,7014,348,6402.146114,611.8538858,6666,0.671424015,1.180498254,0.095570122
South Korea,South Korea,0,21-02-2022,27-02-2022,7,2022,8,51830139,7773,608,6407.979448,1365.020552,7165,1.173062646,2.633642469,0.213018872
South Korea,South Korea,0,28-02-2022,06-03-2022,7,2022,9,51830139,8798,1038,6420.90309,2377.09691,7760,2.002695767,4.586321696,0.370212239
South Korea,South Korea,0,07-03-2022,13-03-2022,7,2022,10,51830139,9575,1499,6348.70309,3226.29691,8076,2.892139649,6.224750642,0.508182044
South Korea,South Korea,0,14-03-2022,20-03-2022,7,2022,11,51830139,10409,2162,6266.50309,4142.49691,8247,4.171318159,7.992448004,0.661053996
South Korea,South Korea,0,21-03-2022,27-03-2022,7,2022,12,51830139,10466,2429,6163.30309,4302.69691,8037,4.686462446,8.301534576,0.698115418
South Korea,South Korea,0,28-03-2022,03-04-2022,7,2022,13,51830139,10187,2267,6145.90309,4041.09691,7920,4.373902991,7.796808938,0.657526949
South Korea,South Korea,0,04-04-2022,10-04-2022,7,2022,14,51830139,9540,2226,6152.30309,3387.69691,7314,4.294798438,6.536152469,0.550638819
South Korea,South Korea,0,11-04-2022,17-04-2022,7,2022,15,51830139,8757,1545,5998.50309,2758.49691,7212,2.980891099,5.322186981,0.459864214
South Korea,South Korea,0,18-04-2022,24-04-2022,7,2022,16,51830139,7760,1019,6068.10309,1691.89691,6741,1.96603756,3.264310964,0.278818089
South Korea,South Korea,0,25-04-2022,01-05-2022,7,2022,17,51830139,6968,715,5916.30309,1051.69691,6253,1.379506237,2.029122303,0.177762514
Spain,Spain,0,30-12-2019,05-01-2020,7,2020,1,47486935,8710,0,9658.270599,-948.2705993,8710,0,-1.996908411,-0.098182236
Spain,Spain,0,06-01-2020,12-01-2020,7,2020,2,47486935,9398,0,10124.60393,-726.6039326,9398,0,-1.530113351,-0.071766159
Spain,Spain,0,13-01-2020,19-01-2020,7,2020,3,47486935,9917,0,10359.43727,-442.4372659,9917,0,-0.931703143,-0.04270862
Spain,Spain,0,20-01-2020,26-01-2020,7,2020,4,47486935,9954,0,10087.10393,-133.1039326,9954,0,-0.280295902,-0.013195456
Spain,Spain,0,27-01-2020,02-02-2020,7,2020,5,47486935,9974,0,9982.270599,-8.270599251,9974,0,-0.017416578,-0.000828529
Spain,Spain,0,03-02-2020,09-02-2020,7,2020,6,47486935,9192,0,9618.437266,-426.4372659,9192,0,-0.898009665,-0.0443354
Spain,Spain,0,10-02-2020,16-02-2020,7,2020,7,47486935,8839,0,9429.937266,-590.9372659,8839,0,-1.244420736,-0.062666087
Spain,Spain,0,17-02-2020,23-02-2020,7,2020,8,47486935,8413,0,9187.437266,-774.4372659,8413,0,-1.630842812,-0.084293067
Spain,Spain,0,24-02-2020,01-03-2020,7,2020,9,47486935,8379,0,9102.524719,-723.5247191,8379,0,-1.523629013,-0.079486158
Spain,Spain,0,02-03-2020,08-03-2020,7,2020,10,47486935,8465,17,8800.924719,-335.9247191,8448,0.03579932,-0.707404508,-0.038169253
Spain,Spain,0,09-03-2020,15-03-2020,7,2020,11,47486935,9481,272,8497.724719,983.2752809,9209,0.572789126,2.070622753,0.115710418
Spain,Spain,0,16-03-2020,22-03-2020,7,2020,12,47486935,12843,1483,8221.524719,4621.475281,11360,3.122964243,9.732098483,0.562119003
Spain,Spain,0,23-03-2020,29-03-2020,7,2020,13,47486935,19828,5031,8257.324719,11570.67528,14797,10.59449299,24.36601832,1.401261992
Spain,Spain,0,30-03-2020,05-04-2020,7,2020,14,47486935,20967,5838,8102.924719,12864.07528,15129,12.29390779,27.08971485,1.587584203
Spain,Spain,0,06-04-2020,12-04-2020,7,2020,15,47486935,17325,4568,7972.524719,9352.475281,12757,9.619487971,19.69483876,1.173088276
Spain,Spain,0,13-04-2020,19-04-2020,7,2020,16,47486935,13244,3244,7770.124719,5473.875281,10000,6.831352666,11.52711852,0.704477145
Spain,Spain,0,20-04-2020,26-04-2020,7,2020,17,47486935,10452,2737,7667.724719,2784.275281,7715,5.763690581,5.863244871,0.363116228
Spain,Spain,0,27-04-2020,03-05-2020,7,2020,18,47486935,9008,2074,7502.724719,1505.275281,6934,4.367517087,3.169872473,0.200630483
Spain,Spain,0,04-05-2020,10-05-2020,7,2020,19,47486935,8458,1357,7541.124719,916.8752809,7101,2.857628103,1.930794819,0.12158336
Spain,Spain,0,11-05-2020,17-05-2020,7,2020,20,47486935,7536,942,7507.324719,28.6752809,6594,1.983703518,0.060385622,0.00381964
Spain,Spain,0,18-05-2020,24-05-2020,7,2020,21,47486935,7643,1189,7417.324719,225.6752809,6454,2.503846584,0.47523657,0.030425428
Spain,Spain,0,25-05-2020,31-05-2020,7,2020,22,47486935,7620,293,7257.324719,362.6752809,7327,0.617011816,0.763736975,0.049973688
Spain,Spain,0,01-06-2020,07-06-2020,7,2020,23,47486935,7144,9,7308.724719,-164.7247191,7135,0.018952581,-0.346884294,-0.022538093
Spain,Spain,0,08-06-2020,14-06-2020,7,2020,24,47486935,6849,0,7240.124719,-391.1247191,6849,0,-0.823647008,-0.054021821
Spain,Spain,0,15-06-2020,21-06-2020,7,2020,25,47486935,7032,8,7431.324719,-399.3247191,7024,0.016846739,-0.840914915,-0.053735334
Spain,Spain,0,22-06-2020,28-06-2020,7,2020,26,47486935,7512,20,7356.124719,155.8752809,7492,0.042116848,0.328248772,0.021189864
Spain,Spain,0,29-06-2020,05-07-2020,7,2020,27,47486935,7635,42,7616.324719,18.6752809,7593,0.08844538,0.039327198,0.002452007
Spain,Spain,0,06-07-2020,12-07-2020,7,2020,28,47486935,7732,18,7547.324719,184.6752809,7714,0.037905163,0.388897032,0.024468972
Spain,Spain,0,13-07-2020,19-07-2020,7,2020,29,47486935,7562,17,7441.324719,120.6752809,7545,0.03579932,0.25412312,0.016216908
Spain,Spain,0,20-07-2020,26-07-2020,7,2020,30,47486935,7827,12,7348.324719,478.6752809,7815,0.025270109,1.008014691,0.065140736
Spain,Spain,0,27-07-2020,02-08-2020,7,2020,31,47486935,8589,13,7431.324719,1157.675281,8576,0.027375951,2.437881663,0.155783164
Spain,Spain,0,03-08-2020,09-08-2020,7,2020,32,47486935,8394,58,7375.524719,1018.475281,8336,0.122138858,2.144748405,0.138088518
Spain,Spain,0,10-08-2020,16-08-2020,7,2020,33,47486935,8170,116,7107.324719,1062.675281,8054,0.244277716,2.237826638,0.149518324
Spain,Spain,0,17-08-2020,23-08-2020,7,2020,34,47486935,7886,221,7011.724719,874.2752809,7665,0.465391165,1.841085934,0.124687622
Spain,Spain,0,24-08-2020,30-08-2020,7,2020,35,47486935,7954,173,6962.324719,991.6752809,7781,0.364310731,2.088311829,0.142434506
Spain,Spain,0,31-08-2020,06-09-2020,7,2020,36,47486935,7777,407,6843.124719,933.8752809,7370,0.857077847,1.96659414,0.136469131
Spain,Spain,0,07-09-2020,13-09-2020,7,2020,37,47486935,7998,329,6744.724719,1253.275281,7669,0.692822142,2.639200195,0.185815631
Spain,Spain,0,14-09-2020,20-09-2020,7,2020,38,47486935,8168,748,6946.524719,1221.475281,7420,1.575170097,2.572234407,0.175839766
Spain,Spain,0,21-09-2020,27-09-2020,7,2020,39,47486935,8064,737,7095.524719,968.4752809,7327,1.552005831,2.039456286,0.136491002
Spain,Spain,0,28-09-2020,04-10-2020,7,2020,40,47486935,8188,854,7076.124719,1111.875281,7334,1.798389389,2.341434083,0.157130538
Spain,Spain,0,05-10-2020,11-10-2020,7,2020,41,47486935,8593,843,7198.724719,1394.275281,7750,1.775225122,2.936123969,0.19368365
Spain,Spain,0,12-10-2020,18-10-2020,7,2020,42,47486935,8594,846,7255.924719,1338.075281,7748,1.78154265,2.817775628,0.184411406
Spain,Spain,0,19-10-2020,25-10-2020,7,2020,43,47486935,9470,977,7375.324719,2094.675281,8493,2.057408001,4.411055969,0.284011262
Spain,Spain,0,26-10-2020,01-11-2020,7,2020,44,47486935,9596,1126,7511.724719,2084.275281,8470,2.371178515,4.389155208,0.277469604
Spain,Spain,0,02-11-2020,08-11-2020,7,2020,45,47486935,10316,2955,7685.524719,2630.475281,7361,6.222764219,5.539366314,0.34226359
Spain,Spain,0,09-11-2020,15-11-2020,7,2020,46,47486935,10030,1936,7883.724719,2146.275281,8094,4.076910839,4.519717436,0.272241276
Spain,Spain,0,16-11-2020,22-11-2020,7,2020,47,47486935,9695,1850,7944.924719,1750.075281,7845,3.895808394,3.685382687,0.22027588
Spain,Spain,0,23-11-2020,29-11-2020,7,2020,48,47486935,9534,2049,8120.724719,1413.275281,7485,4.314871027,2.976134975,0.174033147
Spain,Spain,0,30-11-2020,06-12-2020,7,2020,49,47486935,9541,1584,8163.124719,1377.875281,7957,3.335654323,2.901588155,0.168792629
Spain,Spain,0,07-12-2020,13-12-2020,7,2020,50,47486935,9534,1372,8495.524719,1038.475281,8162,2.889215739,2.186865252,0.122237921
Spain,Spain,0,14-12-2020,20-12-2020,7,2020,51,47486935,9287,1302,8737.924719,549.0752809,7985,2.741806773,1.156265994,0.062838179
Spain,Spain,0,21-12-2020,27-12-2020,7,2020,52,47486935,9015,898,9040.124719,-25.1247191,8117,1.891046453,-0.052908698,-0.002779245
Spain,Spain,0,28-12-2020,03-01-2021,7,2020,53,47486935,9524,1013,8933.47191,590.5280899,8511,2.133218326,1.243559076,0.066102865
Spain,Spain,0,04-01-2021,10-01-2021,7,2021,1,47486935,10479,1037,9652.912172,826.0878277,9442,2.183758543,1.739610753,0.08557913
Spain,Spain,0,11-01-2021,17-01-2021,7,2021,2,47486935,11862,1440,10119.24551,1742.754494,10422,3.032413021,3.669966264,0.172221782
Spain,Spain,0,18-01-2021,24-01-2021,7,2021,3,47486935,12950,2127,10354.07884,2595.921161,10823,4.479126732,5.466600784,0.250714834
Spain,Spain,0,25-01-2021,31-01-2021,7,2021,4,47486935,12703,2878,10081.74551,2621.254494,9825,6.060614356,5.519948791,0.260000066
Spain,Spain,0,01-02-2021,07-02-2021,7,2021,5,47486935,11577,3067,9976.912172,1600.087828,8510,6.458618565,3.369532752,0.160379063
Spain,Spain,0,08-02-2021,14-02-2021,7,2021,6,47486935,10375,3361,9613.078839,761.921161,7014,7.077736224,1.604485868,0.079258807
Spain,Spain,0,15-02-2021,21-02-2021,7,2021,7,47486935,9489,2354,9424.578839,64.42116105,7135,4.957152952,0.135660811,0.006835442
Spain,Spain,0,22-02-2021,28-02-2021,7,2021,8,47486935,9037,2041,9182.078839,-145.078839,6996,4.298024288,-0.305513167,-0.015800217
Spain,Spain,0,01-03-2021,07-03-2021,7,2021,9,47486935,8546,1996,9097.166292,-551.1662921,6550,4.203261381,-1.160669334,-0.060586591
Spain,Spain,0,08-03-2021,14-03-2021,7,2021,10,47486935,8325,1120,8795.566292,-470.5662921,7205,2.35854346,-0.990938438,-0.053500397
Spain,Spain,0,15-03-2021,21-03-2021,7,2021,11,47486935,8080,652,8492.366292,-412.3662921,7428,1.373009229,-0.868378412,-0.04855729
Spain,Spain,0,22-03-2021,28-03-2021,7,2021,12,47486935,8199,2100,8216.166292,-17.16629213,6099,4.422268988,-0.036149505,-0.002089331
Spain,Spain,0,29-03-2021,04-04-2021,7,2021,13,47486935,8200,688,8251.966292,-51.96629213,7512,1.448819554,-0.10943282,-0.006297444
Spain,Spain,0,05-04-2021,11-04-2021,7,2021,14,47486935,8079,630,8097.566292,-18.56629213,7449,1.326680696,-0.039097685,-0.002292824
Spain,Spain,0,12-04-2021,18-04-2021,7,2021,15,47486935,7958,653,7967.166292,-9.166292135,7305,1.375115071,-0.019302766,-0.001150508
Spain,Spain,0,19-04-2021,25-04-2021,7,2021,16,47486935,8094,610,7764.766292,329.2337079,7484,1.284563849,0.693314293,0.042400981
Spain,Spain,0,26-04-2021,02-05-2021,7,2021,17,47486935,7867,625,7662.366292,204.6337079,7242,1.316151485,0.430926333,0.026706333
Spain,Spain,0,03-05-2021,09-05-2021,7,2021,18,47486935,8067,576,7497.366292,569.6337079,7491,1.212965208,1.1995588,0.075977842
Spain,Spain,0,10-05-2021,16-05-2021,7,2021,19,47486935,7744,547,7535.766292,208.2337079,7197,1.151895779,0.438507366,0.027632718
Spain,Spain,0,17-05-2021,23-05-2021,7,2021,20,47486935,7615,281,7501.966292,113.0337079,7334,0.591741707,0.238031172,0.015067211
Spain,Spain,0,24-05-2021,30-05-2021,7,2021,21,47486935,7438,285,7411.966292,26.03370787,7153,0.600165077,0.054822885,0.003512389
Spain,Spain,0,31-05-2021,06-06-2021,7,2021,22,47486935,7355,291,7251.966292,103.0337079,7064,0.612800131,0.216972748,0.014207693
Spain,Spain,0,07-06-2021,13-06-2021,7,2021,23,47486935,7713,305,7303.366292,409.6337079,7408,0.642281924,0.86262402,0.056088342
Spain,Spain,0,14-06-2021,20-06-2021,7,2021,24,47486935,7807,151,7234.766292,572.2337079,7656,0.317982199,1.205033991,0.079094982
Spain,Spain,0,21-06-2021,27-06-2021,7,2021,25,47486935,7286,127,7425.966292,-139.9662921,7159,0.267441982,-0.294746949,-0.018848226
Spain,Spain,0,28-06-2021,04-07-2021,7,2021,26,47486935,7555,132,7350.766292,204.2337079,7423,0.277971194,0.430083997,0.027784002
Spain,Spain,0,05-07-2021,11-07-2021,7,2021,27,47486935,7543,92,7610.966292,-67.96629213,7451,0.193737499,-0.143126298,-0.008930048
Spain,Spain,0,12-07-2021,18-07-2021,7,2021,28,47486935,7564,93,7541.966292,22.03370787,7471,0.195843341,0.046399516,0.002921481
Spain,Spain,0,19-07-2021,25-07-2021,7,2021,29,47486935,8479,125,7435.966292,1043.033708,8354,0.263230297,2.196464581,0.140268751
Spain,Spain,0,26-07-2021,01-08-2021,7,2021,30,47486935,8367,265,7342.966292,1024.033708,8102,0.558048229,2.156453576,0.13945777
Spain,Spain,0,02-08-2021,08-08-2021,7,2021,31,47486935,8642,520,7425.966292,1216.033708,8122,1.095038035,2.560775312,0.163754273
Spain,Spain,0,09-08-2021,15-08-2021,7,2021,32,47486935,8856,464,7370.166292,1485.833708,8392,0.977110862,3.128931585,0.20160111
Spain,Spain,0,16-08-2021,22-08-2021,7,2021,33,47486935,8759,666,7101.966292,1657.033708,8093,1.402491022,3.489451799,0.233320413
Spain,Spain,0,23-08-2021,29-08-2021,7,2021,34,47486935,8219,864,7006.366292,1212.633708,7355,1.819447812,2.553615448,0.173075979
Spain,Spain,0,30-08-2021,05-09-2021,7,2021,35,47486935,7939,795,6956.966292,982.0337079,7144,1.674144688,2.068008196,0.141158325
Spain,Spain,0,06-09-2021,12-09-2021,7,2021,36,47486935,7900,495,6837.766292,1062.233708,7405,1.042391976,2.236896755,0.155348057
Spain,Spain,0,13-09-2021,19-09-2021,7,2021,37,47486935,7512,493,6739.366292,772.6337079,7019,1.038180291,1.627044803,0.11464486
Spain,Spain,0,20-09-2021,26-09-2021,7,2021,38,47486935,7435,446,6941.166292,493.8337079,6989,0.939205699,1.039935948,0.071145639
Spain,Spain,0,27-09-2021,03-10-2021,7,2021,39,47486935,7555,234,7090.166292,464.8337079,7321,0.492767116,0.97886652,0.065560339
Spain,Spain,0,04-10-2021,10-10-2021,7,2021,40,47486935,7529,315,7070.766292,458.2337079,7214,0.663340348,0.96496796,0.064806796
Spain,Spain,0,11-10-2021,17-10-2021,7,2021,41,47486935,7590,196,7193.366292,396.6337079,7394,0.412745106,0.83524807,0.055138817
Spain,Spain,0,18-10-2021,24-10-2021,7,2021,42,47486935,7745,158,7250.566292,494.4337079,7587,0.332723095,1.041199454,0.068192426
Spain,Spain,0,25-10-2021,31-10-2021,7,2021,43,47486935,8182,236,7369.966292,812.0337079,7946,0.496978801,1.710014992,0.110181468
Spain,Spain,0,01-11-2021,07-11-2021,7,2021,44,47486935,7819,136,7506.366292,312.6337079,7683,0.286394563,0.65835731,0.041649141
Spain,Spain,0,08-11-2021,14-11-2021,7,2021,45,47486935,8723,169,7680.166292,1042.833708,8554,0.355887361,2.196043412,0.135782699
Spain,Spain,0,15-11-2021,21-11-2021,7,2021,46,47486935,8786,137,7878.366292,907.6337079,8649,0.288500405,1.911333523,0.115205827
Spain,Spain,0,22-11-2021,28-11-2021,7,2021,47,47486935,8848,145,7939.566292,908.4337079,8703,0.305347144,1.913018197,0.114418556
Spain,Spain,0,29-11-2021,05-12-2021,7,2021,48,47486935,9377,204,8115.366292,1261.633708,9173,0.429591845,2.656801724,0.155462324
Spain,Spain,0,06-12-2021,12-12-2021,7,2021,49,47486935,9012,222,8157.766292,854.2337079,8790,0.467497007,1.798881541,0.104714168
Spain,Spain,0,13-12-2021,19-12-2021,7,2021,50,47486935,9489,327,8490.166292,998.8337079,9162,0.688610457,2.103386348,0.117645953
Spain,Spain,0,20-12-2021,26-12-2021,7,2021,51,47486935,9780,311,8732.566292,1047.433708,9469,0.654916979,2.205730287,0.119945692
Spain,Spain,0,27-12-2021,02-01-2022,7,2021,52,47486935,9827,386,9034.766292,792.2337079,9441,0.812855157,1.668319313,0.087687239
Spain,Spain,0,03-01-2022,09-01-2022,7,2022,1,47486935,9933,529,9647.553745,285.4462547,9404,1.113990617,0.601104819,0.029587423
Spain,Spain,0,10-01-2022,16-01-2022,7,2022,2,47486935,10692,825,10113.88708,578.1129213,9867,1.73731996,1.217414688,0.05716031
Spain,Spain,0,17-01-2022,23-01-2022,7,2022,3,47486935,10848,982,10348.72041,499.279588,9866,2.067937213,1.051404114,0.048245538
Spain,Spain,0,24-01-2022,30-01-2022,7,2022,4,47486935,11227,1225,10076.38708,1150.612921,10002,2.57965691,2.423009447,0.114189035
Spain,Spain,0,31-01-2022,06-02-2022,7,2022,5,47486935,10889,1074,9971.553745,917.4462547,9815,2.261674711,1.9319972,0.092006349
Spain,Spain,0,07-02-2022,13-02-2022,7,2022,6,47486935,10030,1955,9607.720412,422.279588,8075,4.116921844,0.889254251,0.04395211
Spain,Spain,0,14-02-2022,20-02-2022,7,2022,7,47486935,9265,2003,9419.220412,-154.220412,7262,4.218002278,-0.324763879,-0.016372949
Spain,Spain,0,21-02-2022,27-02-2022,7,2022,8,47486935,8943,1412,9176.720412,-233.720412,7531,2.973449434,-0.492178348,-0.025468839
Spain,Spain,0,28-02-2022,06-03-2022,7,2022,9,47486935,8627,1003,9091.807865,-464.8078652,7624,2.112159903,-0.978812099,-0.051123811
Spain,Spain,0,07-03-2022,13-03-2022,7,2022,10,47486935,8505,722,8790.207865,-285.2078652,7783,1.520418195,-0.600602808,-0.032446089
Spain,Spain,0,14-03-2022,20-03-2022,7,2022,11,47486935,8530,568,8487.007865,42.99213483,7962,1.196118469,0.090534659,0.005065641
Spain,Spain,0,21-03-2022,27-03-2022,7,2022,12,47486935,8536,689,8210.807865,325.1921348,7847,1.450925397,0.684803378,0.039605376
Spain,Spain,0,28-03-2022,03-04-2022,7,2022,13,47486935,8494,323,8246.607865,247.3921348,8171,0.680187087,0.520968841,0.02999926
Spain,Spain,0,04-04-2022,10-04-2022,7,2022,14,47486935,8701,563,8092.207865,608.7921348,8138,1.185589257,1.282020275,0.075231895
Spain,Spain,0,11-04-2022,17-04-2022,7,2022,15,47486935,8689,0,7961.807865,727.1921348,8689,0,1.531352013,0.091335052
Spain,Spain,0,18-04-2022,24-04-2022,7,2022,16,47486935,8378,804,7759.407865,618.5921348,7574,1.69309727,1.302657531,0.079721565
Spain,Spain,0,25-04-2022,01-05-2022,7,2022,17,47486935,8501,548,7657.007865,843.9921348,7953,1.154001622,1.777314402,0.110224797
Spain,Spain,0,02-05-2022,08-05-2022,7,2022,18,47486935,8462,413,7492.007865,969.9921348,8049,0.869712901,2.042650541,0.12947025
Spain,Spain,0,09-05-2022,15-05-2022,7,2022,19,47486935,8777,575,7530.407865,1246.592135,8202,1.210859366,2.625126542,0.165541118
Spain,Spain,0,16-05-2022,22-05-2022,7,2022,20,47486935,8828,508,7496.607865,1331.392135,8320,1.069767927,2.803701976,0.177599277
Spain,Spain,0,23-05-2022,29-05-2022,7,2022,21,47486935,7934,394,7406.607865,527.3921348,7540,0.829701896,1.110604706,0.071205624
Sweden,Sweden,0,30-12-2019,05-01-2020,7,2020,1,10467097,1874.5,0,1967.448993,-92.94899345,1874.5,0,-0.888011198,-0.047243407
Sweden,Sweden,0,06-01-2020,12-01-2020,7,2020,2,10467097,1945.2,0,1960.648993,-15.44899345,1945.2,0,-0.14759578,-0.00787953
Sweden,Sweden,0,13-01-2020,19-01-2020,7,2020,3,10467097,1885.2,0,1946.31566,-61.11566011,1885.2,0,-0.583883575,-0.031400693
Sweden,Sweden,0,20-01-2020,26-01-2020,7,2020,4,10467097,1784.2,0,1909.648993,-125.4489934,1784.2,0,-1.198507986,-0.065692174
Sweden,Sweden,0,27-01-2020,02-02-2020,7,2020,5,10467097,1900.3,0,1898.098993,2.201006554,1900.3,0,0.02102786,0.001159585
Sweden,Sweden,0,03-02-2020,09-02-2020,7,2020,6,10467097,1775.6,0,1880.282327,-104.6823268,1775.6,0,-1.0001085,-0.055673728
Sweden,Sweden,0,10-02-2020,16-02-2020,7,2020,7,10467097,1871.6,0,1927.282327,-55.68232678,1871.6,0,-0.531974881,-0.028891629
Sweden,Sweden,0,17-02-2020,23-02-2020,7,2020,8,10467097,1824.6,0,1972.782327,-148.1823268,1824.6,0,-1.415696509,-0.075113369
Sweden,Sweden,0,24-02-2020,01-03-2020,7,2020,9,10467097,1825.5,0,1989.018792,-163.5187921,1825.5,0,-1.562217224,-0.082210783
Sweden,Sweden,0,02-03-2020,08-03-2020,7,2020,10,10467097,1872.8,0,1928.298792,-55.49879213,1872.8,0,-0.530221437,-0.02878122
Sweden,Sweden,0,09-03-2020,15-03-2020,7,2020,11,10467097,1776.8,7,1913.098792,-136.2987921,1769.8,0.066876231,-1.302164221,-0.071245036
Sweden,Sweden,0,16-03-2020,22-03-2020,7,2020,12,10467097,1911.8,53,1811.298792,100.5012079,1858.8,0.506348608,0.960163146,0.055485715
Sweden,Sweden,0,23-03-2020,29-03-2020,7,2020,13,10467097,2086.8,224,1833.458792,253.3412079,1862.8,2.140039402,2.420357888,0.138176658
Sweden,Sweden,0,30-03-2020,05-04-2020,7,2020,14,10467097,2429.7,349,1813.398792,616.3012079,2080.7,3.334257818,5.887986018,0.339859721
Sweden,Sweden,0,06-04-2020,12-04-2020,7,2020,15,10467097,2615.7,498,1756.478792,859.2212079,2117.7,4.75776617,8.208782319,0.489172549
Sweden,Sweden,0,13-04-2020,19-04-2020,7,2020,16,10467097,2571.7,641,1770.678792,801.0212079,1930.7,6.123952038,7.652754225,0.452380867
Sweden,Sweden,0,20-04-2020,26-04-2020,7,2020,17,10467097,2315.7,654,1704.878792,610.8212079,1661.7,6.248150753,5.835631483,0.358278378
Sweden,Sweden,0,27-04-2020,03-05-2020,7,2020,18,10467097,2288.4,485,1656.638792,631.7612079,1803.4,4.633567454,6.035686952,0.38135121
Sweden,Sweden,0,04-05-2020,10-05-2020,7,2020,19,10467097,2235.1,546,1644.538792,590.5612079,1689.1,5.216346041,5.642072562,0.359104456
Sweden,Sweden,0,11-05-2020,17-05-2020,7,2020,20,10467097,2042.1,454,1579.338792,462.7612079,1588.1,4.337401287,4.421103653,0.293009461
Sweden,Sweden,0,18-05-2020,24-05-2020,7,2020,21,10467097,1971.1,319,1569.738792,401.3612079,1652.1,3.047645398,3.834503567,0.255686621
Sweden,Sweden,0,25-05-2020,31-05-2020,7,2020,22,10467097,1709.1,397,1571.018792,138.0812079,1312.1,3.792837689,1.319192971,0.087892779
Sweden,Sweden,0,01-06-2020,07-06-2020,7,2020,23,10467097,1802.1,264,1549.218792,252.8812079,1538.1,2.522189295,2.415963164,0.163231436
Sweden,Sweden,0,08-06-2020,14-06-2020,7,2020,24,10467097,1772.1,215,1537.218792,234.8812079,1557.1,2.054055676,2.243995712,0.152796212
Sweden,Sweden,0,15-06-2020,21-06-2020,7,2020,25,10467097,1721.1,179,1548.618792,172.4812079,1542.1,1.710120772,1.647841879,0.111377447
Sweden,Sweden,0,22-06-2020,28-06-2020,7,2020,26,10467097,1725.1,227,1571.158792,153.9412079,1498.1,2.168700644,1.470715403,0.097979408
Sweden,Sweden,0,29-06-2020,05-07-2020,7,2020,27,10467097,1619.8,140,1592.198792,27.60120787,1479.8,1.337524626,0.263694966,0.017335277
Sweden,Sweden,0,06-07-2020,12-07-2020,7,2020,28,10467097,1627.3,106,1579.438792,47.86120787,1521.3,1.012697217,0.457253887,0.030302667
Sweden,Sweden,0,13-07-2020,19-07-2020,7,2020,29,10467097,1569.3,93,1585.438792,-16.13879213,1476.3,0.888498502,-0.154185942,-0.010179385
Sweden,Sweden,0,20-07-2020,26-07-2020,7,2020,30,10467097,1596.3,78,1574.438792,21.86120787,1518.3,0.745192292,0.208856456,0.01388508
Sweden,Sweden,0,27-07-2020,02-08-2020,7,2020,31,10467097,1600.1,46,1595.138792,4.961207865,1554.1,0.439472377,0.047398126,0.003110205
Sweden,Sweden,0,03-08-2020,09-08-2020,7,2020,32,10467097,1616.2,23,1542.298792,73.90120787,1593.2,0.219736189,0.706033467,0.047916272
Sweden,Sweden,0,10-08-2020,16-08-2020,7,2020,33,10467097,1562.2,20,1540.298792,21.90120787,1542.2,0.191074947,0.209238606,0.014218805
Sweden,Sweden,0,17-08-2020,23-08-2020,7,2020,34,10467097,1623.2,27,1551.498792,71.70120787,1596.2,0.257951178,0.685015223,0.046214156
Sweden,Sweden,0,24-08-2020,30-08-2020,7,2020,35,10467097,1531.2,11,1599.518792,-68.31879213,1520.2,0.105091221,-0.652700478,-0.042712091
Sweden,Sweden,0,31-08-2020,06-09-2020,7,2020,36,10467097,1564.1,22,1581.358792,-17.25879213,1542.1,0.210182441,-0.164886139,-0.0109139
Sweden,Sweden,0,07-09-2020,13-09-2020,7,2020,37,10467097,1574.4,11,1560.298792,14.10120787,1563.4,0.105091221,0.134719377,0.009037505
Sweden,Sweden,0,14-09-2020,20-09-2020,7,2020,38,10467097,1560.4,19,1578.498792,-18.09879213,1541.4,0.181521199,-0.172911287,-0.011465826
Sweden,Sweden,0,21-09-2020,27-09-2020,7,2020,39,10467097,1610.4,15,1602.918792,7.481207865,1595.4,0.14330621,0.07147357,0.004667241
Sweden,Sweden,0,28-09-2020,04-10-2020,7,2020,40,10467097,1598.6,15,1650.398792,-51.79879213,1583.6,0.14330621,-0.494872572,-0.031385622
Sweden,Sweden,0,05-10-2020,11-10-2020,7,2020,41,10467097,1597.7,2,1661.038792,-63.33879213,1595.7,0.019107495,-0.605122816,-0.038132037
Sweden,Sweden,0,12-10-2020,18-10-2020,7,2020,42,10467097,1666.7,24,1637.438792,29.26120787,1642.7,0.229289936,0.279554186,0.017870108
Sweden,Sweden,0,19-10-2020,25-10-2020,7,2020,43,10467097,1624.7,15,1680.638792,-55.93879213,1609.7,0.14330621,-0.534425086,-0.033284244
Sweden,Sweden,0,26-10-2020,01-11-2020,7,2020,44,10467097,1745.2,11,1709.278792,35.92120787,1734.2,0.105091221,0.343182144,0.021015418
Sweden,Sweden,0,02-11-2020,08-11-2020,7,2020,45,10467097,1724.1,84,1680.058792,44.04120787,1640.1,0.802514776,0.420758572,0.026214087
Sweden,Sweden,0,09-11-2020,15-11-2020,7,2020,46,10467097,1919.1,142,1706.858792,212.2412079,1777.1,1.356632121,2.027698873,0.124346085
Sweden,Sweden,0,16-11-2020,22-11-2020,7,2020,47,10467097,2040.1,242,1682.258792,357.8412079,1798.1,2.312006853,3.418724484,0.21271472
Sweden,Sweden,0,23-11-2020,29-11-2020,7,2020,48,10467097,2010.1,275,1755.158792,254.9412079,1735.1,2.627280515,2.435643884,0.145252503
Sweden,Sweden,0,30-11-2020,06-12-2020,7,2020,49,10467097,2203.7,386,1802.358792,401.3412079,1817.7,3.687746469,3.834312492,0.222675535
Sweden,Sweden,0,07-12-2020,13-12-2020,7,2020,50,10467097,2173.5,447,1768.898792,404.6012079,1726.5,4.270525056,3.865457709,0.228730558
Sweden,Sweden,0,14-12-2020,20-12-2020,7,2020,51,10467097,2355.5,479,1816.898792,538.6012079,1876.5,4.57624497,5.145659851,0.296439851
Sweden,Sweden,0,21-12-2020,27-12-2020,7,2020,52,10467097,2372.5,286,1847.098792,525.4012079,2086.5,2.732371736,5.019550386,0.284446728
Sweden,Sweden,0,28-12-2020,03-01-2021,7,2020,53,10467097,2433.7,448,1855.904213,577.7957865,1985.7,4.280078803,5.520114952,0.311328452
Sweden,Sweden,0,04-01-2021,10-01-2021,7,2021,1,10467097,2369.9,706,1958.295257,411.6047425,1663.9,6.744945614,3.932367709,0.210185232
Sweden,Sweden,0,11-01-2021,17-01-2021,7,2021,2,10467097,2352.9,890,1951.495257,401.4047425,1462.9,8.502835122,3.834919486,0.205690862
Sweden,Sweden,0,18-01-2021,24-01-2021,7,2021,3,10467097,2306.9,682,1937.161924,369.7380758,1624.9,6.515655678,3.532384154,0.19086586
Sweden,Sweden,0,25-01-2021,31-01-2021,7,2021,4,10467097,2129.9,586,1900.495257,229.4047425,1543.9,5.598495934,2.191674946,0.120707874
Sweden,Sweden,0,01-02-2021,07-02-2021,7,2021,5,10467097,1909.5,524,1888.945257,20.55474251,1385.5,5.0061636,0.196374816,0.010881598
Sweden,Sweden,0,08-02-2021,14-02-2021,7,2021,6,10467097,1917.5,313,1871.128591,46.37140918,1604.5,2.990322914,0.443020727,0.024782588
Sweden,Sweden,0,15-02-2021,21-02-2021,7,2021,7,10467097,1892.5,221,1918.128591,-25.62859082,1671.5,2.11137816,-0.244849081,-0.013361247
Sweden,Sweden,0,22-02-2021,28-02-2021,7,2021,8,10467097,1862.5,177,1963.628591,-101.1285908,1685.5,1.691013277,-0.966157004,-0.051500875
Sweden,Sweden,0,01-03-2021,07-03-2021,7,2021,9,10467097,1712.2,177,1979.865056,-267.6650562,1535.2,1.691013277,-2.557204315,-0.135193586
Sweden,Sweden,0,08-03-2021,14-03-2021,7,2021,10,10467097,1859.2,143,1919.145056,-59.94505618,1716.2,1.366185868,-0.57269992,-0.031235292
Sweden,Sweden,0,15-03-2021,21-03-2021,7,2021,11,10467097,1737.2,116,1903.945056,-166.7450562,1621.2,1.10823469,-1.593040135,-0.087578712
Sweden,Sweden,0,22-03-2021,28-03-2021,7,2021,12,10467097,1770.2,140,1802.145056,-31.94505618,1630.2,1.337524626,-0.305194995,-0.017726129
Sweden,Sweden,0,29-03-2021,04-04-2021,7,2021,13,10467097,1719.6,96,1824.305056,-104.7050562,1623.6,0.917159744,-1.000325651,-0.057394489
Sweden,Sweden,0,05-04-2021,11-04-2021,7,2021,14,10467097,1751.1,123,1804.245056,-53.14505618,1628.1,1.175110921,-0.507734438,-0.029455564
Sweden,Sweden,0,12-04-2021,18-04-2021,7,2021,15,10467097,1705.1,167,1747.325056,-42.22505618,1538.1,1.595475804,-0.403407518,-0.024165542
Sweden,Sweden,0,19-04-2021,25-04-2021,7,2021,16,10467097,1736.1,135,1761.525056,-25.42505618,1601.1,1.289755889,-0.242904563,-0.014433548
Sweden,Sweden,0,26-04-2021,02-05-2021,7,2021,17,10467097,1664.9,125,1695.725056,-30.82505618,1539.9,1.194218416,-0.294494798,-0.018178098
Sweden,Sweden,0,03-05-2021,09-05-2021,7,2021,18,10467097,1726.1,125,1647.485056,78.61494382,1601.1,1.194218416,0.751067309,0.047718153
Sweden,Sweden,0,10-05-2021,16-05-2021,7,2021,19,10467097,1708.1,102,1635.385056,72.71494382,1606.1,0.974482227,0.6947002,0.0444635
Sweden,Sweden,0,17-05-2021,23-05-2021,7,2021,20,10467097,1597.1,91,1570.185056,26.91494382,1506.1,0.869391007,0.257138573,0.017141256
Sweden,Sweden,0,24-05-2021,30-05-2021,7,2021,21,10467097,1561.1,85,1560.585056,0.51494382,1476.1,0.812068523,0.004919643,0.000329968
Sweden,Sweden,0,31-05-2021,06-06-2021,7,2021,22,10467097,1560.7,72,1561.865056,-1.16505618,1488.7,0.687869808,-0.011130652,-0.000745939
Sweden,Sweden,0,07-06-2021,13-06-2021,7,2021,23,10467097,1559.8,51,1540.065056,19.73494382,1508.8,0.487241114,0.188542667,0.012814357
Sweden,Sweden,0,14-06-2021,20-06-2021,7,2021,24,10467097,1518.8,0,1528.065056,-9.26505618,1518.8,0,-0.088516006,-0.00606326
Sweden,Sweden,0,21-06-2021,27-06-2021,7,2021,25,10467097,1541.8,45,1539.465056,2.33494382,1496.8,0.42991863,0.022307463,0.001516724
Sweden,Sweden,0,28-06-2021,04-07-2021,7,2021,26,10467097,1536.9,12,1562.005056,-25.10505618,1524.9,0.114644968,-0.239847363,-0.016072327
Sweden,Sweden,0,05-07-2021,11-07-2021,7,2021,27,10467097,1585,12,1583.045056,1.95494382,1573,0.114644968,0.018677039,0.001234926
Sweden,Sweden,0,12-07-2021,18-07-2021,7,2021,28,10467097,1609,6,1570.285056,38.71494382,1603,0.057322484,0.369872791,0.024654723
Sweden,Sweden,0,19-07-2021,25-07-2021,7,2021,29,10467097,1566,5,1576.285056,-10.28505618,1561,0.047768737,-0.098260828,-0.006524871
Sweden,Sweden,0,26-07-2021,01-08-2021,7,2021,30,10467097,1639.5,5,1565.285056,74.21494382,1634.5,0.047768737,0.709030821,0.047413053
Sweden,Sweden,0,02-08-2021,08-08-2021,7,2021,31,10467097,1525.6,2,1585.985056,-60.38505618,1523.6,0.019107495,-0.576903569,-0.038074165
Sweden,Sweden,0,09-08-2021,15-08-2021,7,2021,32,10467097,1632.6,1,1533.145056,99.45494382,1631.6,0.009553747,0.950167404,0.064869885
Sweden,Sweden,0,16-08-2021,22-08-2021,7,2021,33,10467097,1588.6,10,1531.145056,57.45494382,1578.6,0.095537473,0.548910016,0.037524168
Sweden,Sweden,0,23-08-2021,29-08-2021,7,2021,34,10467097,1605.6,17,1542.345056,63.25494382,1588.6,0.162413705,0.604321751,0.041012187
Sweden,Sweden,0,30-08-2021,05-09-2021,7,2021,35,10467097,1622.7,7,1590.365056,32.33494382,1615.7,0.066876231,0.308919883,0.020331775
Sweden,Sweden,0,06-09-2021,12-09-2021,7,2021,36,10467097,1661.2,11,1572.205056,88.99494382,1650.2,0.105091221,0.850235207,0.056605176
Sweden,Sweden,0,13-09-2021,19-09-2021,7,2021,37,10467097,1707.2,72,1551.145056,156.0549438,1635.2,0.687869808,1.490909503,0.100606286
Sweden,Sweden,0,20-09-2021,26-09-2021,7,2021,38,10467097,1678.2,46,1569.345056,108.8549438,1632.2,0.439472377,1.039972629,0.069363295
Sweden,Sweden,0,27-09-2021,03-10-2021,7,2021,39,10467097,1723.4,47,1593.765056,129.6349438,1676.4,0.449026124,1.238499498,0.081338804
Sweden,Sweden,0,04-10-2021,10-10-2021,7,2021,40,10467097,1661.3,37,1641.245056,20.05494382,1624.3,0.353488651,0.191599866,0.012219348
Sweden,Sweden,0,11-10-2021,17-10-2021,7,2021,41,10467097,1700.3,51,1651.885056,48.41494382,1649.3,0.487241114,0.46254414,0.029308906
Sweden,Sweden,0,18-10-2021,24-10-2021,7,2021,42,10467097,1741.3,37,1628.285056,113.0149438,1704.3,0.353488651,1.079716218,0.069407346
Sweden,Sweden,0,25-10-2021,31-10-2021,7,2021,43,10467097,1736.3,32,1671.485056,64.81494382,1704.3,0.305719915,0.619225596,0.038776861
Sweden,Sweden,0,01-11-2021,07-11-2021,7,2021,44,10467097,1833.5,32,1700.125056,133.3749438,1801.5,0.305719915,1.274230513,0.078450078
Sweden,Sweden,0,08-11-2021,14-11-2021,7,2021,45,10467097,1776.5,25,1670.905056,105.5949438,1751.5,0.238843683,1.008827412,0.063196256
Sweden,Sweden,0,15-11-2021,21-11-2021,7,2021,46,10467097,1786.5,28,1697.705056,88.79494382,1758.5,0.267504925,0.848324457,0.052302927
Sweden,Sweden,0,22-11-2021,28-11-2021,7,2021,47,10467097,1739.5,35,1673.105056,66.39494382,1704.5,0.334381156,0.634320517,0.039683667
Sweden,Sweden,0,29-11-2021,05-12-2021,7,2021,48,10467097,1827.5,25,1746.005056,81.49494382,1802.5,0.238843683,0.778582102,0.04667509
Sweden,Sweden,0,06-12-2021,12-12-2021,7,2021,49,10467097,1941.9,21,1793.205056,148.6949438,1920.9,0.200628694,1.420593922,0.082921328
Sweden,Sweden,0,13-12-2021,19-12-2021,7,2021,50,10467097,1918.9,40,1759.745056,159.1549438,1878.9,0.382149893,1.520526119,0.090442046
Sweden,Sweden,0,20-12-2021,26-12-2021,7,2021,51,10467097,1949.9,34,1807.745056,142.1549438,1915.9,0.324827409,1.358112415,0.07863661
Sweden,Sweden,0,27-12-2021,02-01-2022,7,2021,52,10467097,2044,45,1837.945056,206.0549438,1999,0.42991863,1.968596869,0.112111591
Sweden,Sweden,0,03-01-2022,09-01-2022,7,2022,1,10467097,2101.9,67,1949.141522,152.7584785,2034.9,0.640101071,1.459415906,0.078372184
Sweden,Sweden,0,10-01-2022,16-01-2022,7,2022,2,10467097,2069.9,136,1942.341522,127.5584785,1933.9,1.299309637,1.218661473,0.065672528
Sweden,Sweden,0,17-01-2022,23-01-2022,7,2022,3,10467097,2018.9,161,1928.008188,90.8918118,1857.9,1.53815332,0.868357404,0.047142856
Sweden,Sweden,0,24-01-2022,30-01-2022,7,2022,4,10467097,2094.9,181,1891.341522,203.5584785,1913.9,1.729228266,1.94474627,0.107626505
Sweden,Sweden,0,31-01-2022,06-02-2022,7,2022,5,10467097,2187.8,325,1879.791522,308.0084785,1862.8,3.104967882,2.942635178,0.163852467
Sweden,Sweden,0,07-02-2022,13-02-2022,7,2022,6,10467097,2007.7,321,1861.974855,145.7251451,1686.7,3.066752892,1.392221216,0.078263756
Sweden,Sweden,0,14-02-2022,20-02-2022,7,2022,7,10467097,2084.7,351,1908.974855,175.7251451,1733.7,3.353365312,1.678833636,0.0920521
Sweden,Sweden,0,21-02-2022,27-02-2022,7,2022,8,10467097,1987.7,290,1954.474855,33.22514513,1697.7,2.770586725,0.317424642,0.016999525
Sweden,Sweden,0,28-02-2022,06-03-2022,7,2022,9,10467097,1953.6,370,1970.71132,-17.11132022,1583.6,3.534886512,-0.16347723,-0.008682814
Sweden,Sweden,0,07-03-2022,13-03-2022,7,2022,10,10467097,1810.2,286,1909.99132,-99.79132022,1524.2,2.732371736,-0.953381059,-0.052247002
Sweden,Sweden,0,14-03-2022,20-03-2022,7,2022,11,10467097,1800.2,255,1894.79132,-94.59132022,1545.2,2.436205569,-0.903701573,-0.049921761
Sweden,Sweden,0,21-03-2022,27-03-2022,7,2022,12,10467097,1766.2,136,1792.99132,-26.79132022,1630.2,1.299309637,-0.255957504,-0.014942248
Sweden,Sweden,0,28-03-2022,03-04-2022,7,2022,13,10467097,1761.2,176,1815.15132,-53.95132022,1585.2,1.68145953,-0.515437281,-0.029722767
Sweden,Sweden,0,04-04-2022,10-04-2022,7,2022,14,10467097,1796.9,141,1795.09132,1.808679775,1655.9,1.347078373,0.01727967,0.00100757
Sweden,Sweden,0,11-04-2022,17-04-2022,7,2022,15,10467097,1662.9,99,1738.17132,-75.27132022,1563.9,0.945820986,-0.719123175,-0.043304891
Sweden,Sweden,0,18-04-2022,24-04-2022,7,2022,16,10467097,1654.9,84,1752.37132,-97.47132022,1570.9,0.802514776,-0.931216365,-0.055622527
Sweden,Sweden,0,25-04-2022,01-05-2022,7,2022,17,10467097,1644.6,83,1686.57132,-41.97132022,1561.6,0.792961028,-0.400983388,-0.024885589
Sweden,Sweden,0,02-05-2022,08-05-2022,7,2022,18,10467097,1690.2,52,1638.33132,51.86867978,1638.2,0.496794861,0.495540261,0.031659457
Sweden,Sweden,0,09-05-2022,15-05-2022,7,2022,19,10467097,1661.2,73,1626.23132,34.96867978,1588.2,0.697423555,0.334081931,0.021502894
Sweden,Sweden,0,16-05-2022,22-05-2022,7,2022,20,10467097,1711.2,44,1561.03132,150.1686798,1667.2,0.420364882,1.434673623,0.096198377
Sweden,Sweden,0,23-05-2022,29-05-2022,7,2022,21,10467097,1584.2,36,1551.43132,32.76867978,1548.2,0.343934904,0.313063687,0.021121579
Sweden,Sweden,0,30-05-2022,05-06-2022,7,2022,22,10467097,1593.7,37,1552.71132,40.98867978,1556.7,0.353488651,0.39159549,0.026398133
Sweden,Sweden,0,06-06-2022,12-06-2022,7,2022,23,10467097,1543.7,35,1530.91132,12.78867978,1508.7,0.334381156,0.122179815,0.008353639
Switzerland,Switzerland,0,30-12-2019,05-01-2020,7,2020,1,8691406,1314,0,1444.128277,-130.1282772,1314,0,-1.497206288,-0.090108531
Switzerland,Switzerland,0,06-01-2020,12-01-2020,7,2020,2,8691406,1366,0,1461.96161,-95.96161049,1366,0,-1.104097663,-0.06563894
Switzerland,Switzerland,0,13-01-2020,19-01-2020,7,2020,3,8691406,1418,0,1478.46161,-60.46161049,1418,0,-0.695648213,-0.040894948
Switzerland,Switzerland,0,20-01-2020,26-01-2020,7,2020,4,8691406,1417,0,1452.128277,-35.12827715,1417,0,-0.404172549,-0.024190891
Switzerland,Switzerland,0,27-01-2020,02-02-2020,7,2020,5,8691406,1426,0,1461.46161,-35.46161049,1426,0,-0.408007755,-0.024264483
Switzerland,Switzerland,0,03-02-2020,09-02-2020,7,2020,6,8691406,1396,0,1485.628277,-89.62827715,1396,0,-1.031228747,-0.060330218
Switzerland,Switzerland,0,10-02-2020,16-02-2020,7,2020,7,8691406,1384,0,1487.46161,-103.4616105,1384,0,-1.1903898,-0.069555819
Switzerland,Switzerland,0,17-02-2020,23-02-2020,7,2020,8,8691406,1369,0,1486.128277,-117.1282772,1369,0,-1.34763325,-0.078814379
Switzerland,Switzerland,0,24-02-2020,01-03-2020,7,2020,9,8691406,1349,0,1522.953933,-173.9539326,1349,0,-2.001447552,-0.114221401
Switzerland,Switzerland,0,02-03-2020,08-03-2020,7,2020,10,8691406,1357,2,1448.753933,-91.75393258,1355,0.023011237,-1.055685727,-0.063333
Switzerland,Switzerland,0,09-03-2020,15-03-2020,7,2020,11,8691406,1396,20,1389.953933,6.046067416,1376,0.230112366,0.069563744,0.004349833
Switzerland,Switzerland,0,16-03-2020,22-03-2020,7,2020,12,8691406,1530,91,1341.353933,188.6460674,1439,1.047011266,2.170489647,0.140638546
Switzerland,Switzerland,0,23-03-2020,29-03-2020,7,2020,13,8691406,1630,263,1284.553933,345.4460674,1367,3.025977615,3.974570598,0.268922977
Switzerland,Switzerland,0,30-03-2020,05-04-2020,7,2020,14,8691406,1879,395,1301.353933,577.6460674,1484,4.544719232,6.646175169,0.443880833
Switzerland,Switzerland,0,06-04-2020,12-04-2020,7,2020,15,8691406,1647,370,1236.753933,410.2460674,1277,4.257078774,4.720134664,0.331711957
Switzerland,Switzerland,0,13-04-2020,19-04-2020,7,2020,16,8691406,1576,250,1229.753933,346.2460674,1326,2.876404577,3.983775092,0.281557195
Switzerland,Switzerland,0,20-04-2020,26-04-2020,7,2020,17,8691406,1377,203,1200.153933,176.8460674,1174,2.335640517,2.034723351,0.147352821
Switzerland,Switzerland,0,27-04-2020,03-05-2020,7,2020,18,8691406,1250,101,1229.353933,20.64606742,1149,1.162067449,0.237545771,0.016794242
Switzerland,Switzerland,0,04-05-2020,10-05-2020,7,2020,19,8691406,1184,59,1197.553933,-13.55393258,1125,0.67883148,-0.155946375,-0.011318014
Switzerland,Switzerland,0,11-05-2020,17-05-2020,7,2020,20,8691406,1153,18,1175.553933,-22.55393258,1135,0.20710113,-0.25949694,-0.019185791
Switzerland,Switzerland,0,18-05-2020,24-05-2020,7,2020,21,8691406,1190,18,1208.753933,-18.75393258,1172,0.20710113,-0.21577559,-0.015515095
Switzerland,Switzerland,0,25-05-2020,31-05-2020,7,2020,22,8691406,1102,6,1157.353933,-55.35393258,1096,0.06903371,-0.63688122,-0.047828008
Switzerland,Switzerland,0,01-06-2020,07-06-2020,7,2020,23,8691406,1171,2,1163.953933,7.046067416,1169,0.023011237,0.081069362,0.006053562
Switzerland,Switzerland,0,08-06-2020,14-06-2020,7,2020,24,8691406,1152,4,1139.953933,12.04606742,1148,0.046022473,0.138597454,0.010567153
Switzerland,Switzerland,0,15-06-2020,21-06-2020,7,2020,25,8691406,1149,4,1175.553933,-26.55393258,1145,0.046022473,-0.305519413,-0.022588443
Switzerland,Switzerland,0,22-06-2020,28-06-2020,7,2020,26,8691406,1180,2,1193.353933,-13.35393258,1178,0.023011237,-0.153645251,-0.011190253
Switzerland,Switzerland,0,29-06-2020,05-07-2020,7,2020,27,8691406,1180,2,1192.553933,-12.55393258,1178,0.023011237,-0.144440757,-0.010526931
Switzerland,Switzerland,0,06-07-2020,12-07-2020,7,2020,28,8691406,1174,3,1183.953933,-9.953932584,1171,0.034516855,-0.114526149,-0.008407365
Switzerland,Switzerland,0,13-07-2020,19-07-2020,7,2020,29,8691406,1114,2,1223.553933,-109.5539326,1112,0.023011237,-1.260485733,-0.089537477
Switzerland,Switzerland,0,20-07-2020,26-07-2020,7,2020,30,8691406,1156,8,1193.153933,-37.15393258,1148,0.092044946,-0.427478967,-0.031139262
Switzerland,Switzerland,0,27-07-2020,02-08-2020,7,2020,31,8691406,1280,5,1172.753933,107.2460674,1275,0.057528092,1.233932317,0.091448056
Switzerland,Switzerland,0,03-08-2020,09-08-2020,7,2020,32,8691406,1172,5,1166.353933,5.646067416,1167,0.057528092,0.064961497,0.004840784
Switzerland,Switzerland,0,10-08-2020,16-08-2020,7,2020,33,8691406,1230,5,1165.153933,64.84606742,1225,0.057528092,0.7460941,0.055654507
Switzerland,Switzerland,0,17-08-2020,23-08-2020,7,2020,34,8691406,1219,5,1178.953933,40.04606742,1214,0.057528092,0.460754766,0.033967457
Switzerland,Switzerland,0,24-08-2020,30-08-2020,7,2020,35,8691406,1173,4,1166.753933,6.246067416,1169,0.046022473,0.071864868,0.005353372
Switzerland,Switzerland,0,31-08-2020,06-09-2020,7,2020,36,8691406,1167,10,1169.153933,-2.153932584,1157,0.115056183,-0.024782326,-0.0018423
Switzerland,Switzerland,0,07-09-2020,13-09-2020,7,2020,37,8691406,1259,13,1194.153933,64.84606742,1246,0.149573038,0.7460941,0.054302938
Switzerland,Switzerland,0,14-09-2020,20-09-2020,7,2020,38,8691406,1243,20,1211.153933,31.84606742,1223,0.230112366,0.366408696,0.026293988
Switzerland,Switzerland,0,21-09-2020,27-09-2020,7,2020,39,8691406,1255,14,1219.953933,35.04606742,1241,0.161078656,0.403226675,0.02872737
Switzerland,Switzerland,0,28-09-2020,04-10-2020,7,2020,40,8691406,1243,10,1256.553933,-13.55393258,1233,0.115056183,-0.155946375,-0.01078659
Switzerland,Switzerland,0,05-10-2020,11-10-2020,7,2020,41,8691406,1334,16,1245.153933,88.84606742,1318,0.184089893,1.02222894,0.071353481
Switzerland,Switzerland,0,12-10-2020,18-10-2020,7,2020,42,8691406,1289,51,1244.753933,44.24606742,1238,0.586786534,0.509078363,0.035546035
Switzerland,Switzerland,0,19-10-2020,25-10-2020,7,2020,43,8691406,1492,140,1238.953933,253.0460674,1352,1.610786563,2.911451466,0.204241708
Switzerland,Switzerland,0,26-10-2020,01-11-2020,7,2020,44,8691406,1694,316,1251.153933,442.8460674,1378,3.635775385,5.095217821,0.353950106
Switzerland,Switzerland,0,02-11-2020,08-11-2020,7,2020,45,8691406,2068,557,1260.353933,807.6460674,1511,6.408629398,9.29246738,0.64080894
Switzerland,Switzerland,0,09-11-2020,15-11-2020,7,2020,46,8691406,2149,664,1284.753933,864.2460674,1485,7.639730557,9.943685376,0.672693849
Switzerland,Switzerland,0,16-11-2020,22-11-2020,7,2020,47,8691406,2157,663,1277.353933,879.6460674,1494,7.628224939,10.1208719,0.688647089
Switzerland,Switzerland,0,23-11-2020,29-11-2020,7,2020,48,8691406,2123,625,1337.153933,785.8460674,1498,7.191011443,9.041644901,0.587700524
Switzerland,Switzerland,0,30-11-2020,06-12-2020,7,2020,49,8691406,2179,638,1321.153933,857.8460674,1541,7.340584481,9.870049419,0.649315758
Switzerland,Switzerland,0,07-12-2020,13-12-2020,7,2020,50,8691406,2215,651,1325.753933,889.2460674,1564,7.490157519,10.23132583,0.670747448
Switzerland,Switzerland,0,14-12-2020,20-12-2020,7,2020,51,8691406,2187,677,1368.153933,818.8460674,1510,7.789303595,9.421330305,0.598504341
Switzerland,Switzerland,0,21-12-2020,27-12-2020,7,2020,52,8691406,2121,624,1388.753933,732.2460674,1497,7.179505824,8.42494376,0.527268402
Switzerland,Switzerland,0,28-12-2020,03-01-2021,7,2020,53,8691406,1987,549,1377.393258,609.6067416,1438,6.316584451,7.013902487,0.442580024
Switzerland,Switzerland,0,04-01-2021,10-01-2021,7,2021,1,8691406,1907,439,1444.646255,462.3537453,1468,5.050966437,5.319665717,0.320046339
Switzerland,Switzerland,0,11-01-2021,17-01-2021,7,2021,2,8691406,1791,396,1462.479588,328.520412,1395,4.55622485,3.779830467,0.224632477
Switzerland,Switzerland,0,18-01-2021,24-01-2021,7,2021,3,8691406,1761,352,1478.979588,282.020412,1409,4.049977645,3.244819215,0.190685804
Switzerland,Switzerland,0,25-01-2021,31-01-2021,7,2021,4,8691406,1611,251,1452.646255,158.3537453,1360,2.887910195,1.821957751,0.109010535
Switzerland,Switzerland,0,01-02-2021,07-02-2021,7,2021,5,8691406,1439,193,1461.979588,-22.97958801,1246,2.220584334,-0.264394369,-0.015718132
Switzerland,Switzerland,0,08-02-2021,14-02-2021,7,2021,6,8691406,1410,224,1486.146255,-76.14625468,1186,2.577258501,-0.876109742,-0.05123739
Switzerland,Switzerland,0,15-02-2021,21-02-2021,7,2021,7,8691406,1299,93,1487.979588,-188.979588,1206,1.070022503,-2.174327008,-0.127004154
Switzerland,Switzerland,0,22-02-2021,28-02-2021,7,2021,8,8691406,1312,70,1486.646255,-174.6462547,1242,0.805393282,-2.009413145,-0.117476672
Switzerland,Switzerland,0,01-03-2021,07-03-2021,7,2021,9,8691406,1281,58,1523.47191,-242.4719101,1223,0.667325862,-2.789789248,-0.159157454
Switzerland,Switzerland,0,08-03-2021,14-03-2021,7,2021,10,8691406,1287,69,1449.27191,-162.2719101,1218,0.793887663,-1.86703866,-0.111967885
Switzerland,Switzerland,0,15-03-2021,21-03-2021,7,2021,11,8691406,1229,59,1390.47191,-161.4719101,1170,0.67883148,-1.857834165,-0.116127416
Switzerland,Switzerland,0,22-03-2021,28-03-2021,7,2021,12,8691406,1271,62,1341.87191,-70.87191011,1209,0.713348335,-0.815425147,-0.052815704
Switzerland,Switzerland,0,29-03-2021,04-04-2021,7,2021,13,8691406,1244,67,1285.07191,-41.07191011,1177,0.770876427,-0.472557721,-0.031960787
Switzerland,Switzerland,0,05-04-2021,11-04-2021,7,2021,14,8691406,1259,70,1301.87191,-42.87191011,1189,0.805393282,-0.493267834,-0.032930974
Switzerland,Switzerland,0,12-04-2021,18-04-2021,7,2021,15,8691406,1253,45,1237.27191,15.72808989,1208,0.517752824,0.180961399,0.012711911
Switzerland,Switzerland,0,19-04-2021,25-04-2021,7,2021,16,8691406,1251,58,1230.27191,20.72808989,1193,0.667325862,0.238489491,0.016848381
Switzerland,Switzerland,0,26-04-2021,02-05-2021,7,2021,17,8691406,1276,67,1200.67191,75.32808989,1209,0.770876427,0.86669625,0.06273828
Switzerland,Switzerland,0,03-05-2021,09-05-2021,7,2021,18,8691406,1219,47,1229.87191,-10.87191011,1172,0.54076406,-0.125088048,-0.008839872
Switzerland,Switzerland,0,10-05-2021,16-05-2021,7,2021,19,8691406,1259,29,1198.07191,60.92808989,1230,0.333662931,0.701015347,0.050855119
Switzerland,Switzerland,0,17-05-2021,23-05-2021,7,2021,20,8691406,1191,37,1176.07191,14.92808989,1154,0.425707877,0.171756904,0.012693178
Switzerland,Switzerland,0,24-05-2021,30-05-2021,7,2021,21,8691406,1209,26,1209.27191,-0.271910112,1183,0.299146076,-0.003128494,-0.000224854
Switzerland,Switzerland,0,31-05-2021,06-06-2021,7,2021,22,8691406,1217,22,1157.87191,59.12808989,1195,0.253123603,0.680305234,0.051066175
Switzerland,Switzerland,0,07-06-2021,13-06-2021,7,2021,23,8691406,1111,17,1164.47191,-53.47191011,1094,0.195595511,-0.615227388,-0.04591945
Switzerland,Switzerland,0,14-06-2021,20-06-2021,7,2021,24,8691406,1201,15,1140.47191,60.52808989,1186,0.172584275,0.696413099,0.053072846
Switzerland,Switzerland,0,21-06-2021,27-06-2021,7,2021,25,8691406,1191,9,1176.07191,14.92808989,1182,0.103550565,0.171756904,0.012693178
Switzerland,Switzerland,0,28-06-2021,04-07-2021,7,2021,26,8691406,1190,3,1193.87191,-3.871910112,1187,0.034516855,-0.04454872,-0.003243154
Switzerland,Switzerland,0,05-07-2021,11-07-2021,7,2021,27,8691406,1171,2,1193.07191,-22.07191011,1169,0.023011237,-0.253950973,-0.018500067
Switzerland,Switzerland,0,12-07-2021,18-07-2021,7,2021,28,8691406,1184,2,1184.47191,-0.471910112,1182,0.023011237,-0.005429618,-0.000398414
Switzerland,Switzerland,0,19-07-2021,25-07-2021,7,2021,29,8691406,1220,4,1224.07191,-4.071910112,1216,0.046022473,-0.046849844,-0.003326529
Switzerland,Switzerland,0,26-07-2021,01-08-2021,7,2021,30,8691406,1166,12,1193.67191,-27.67191011,1154,0.13806742,-0.318382436,-0.023182174
Switzerland,Switzerland,0,02-08-2021,08-08-2021,7,2021,31,8691406,1170,4,1173.27191,-3.271910112,1166,0.046022473,-0.037645349,-0.002788706
Switzerland,Switzerland,0,09-08-2021,15-08-2021,7,2021,32,8691406,1318,15,1166.87191,151.1280899,1303,0.172584275,1.738822118,0.129515578
Switzerland,Switzerland,0,16-08-2021,22-08-2021,7,2021,33,8691406,1255,28,1165.67191,89.32808989,1227,0.322157313,1.027774906,0.076632275
Switzerland,Switzerland,0,23-08-2021,29-08-2021,7,2021,34,8691406,1241,42,1179.47191,61.52808989,1199,0.483235969,0.707918717,0.052165795
Switzerland,Switzerland,0,30-08-2021,05-09-2021,7,2021,35,8691406,1337,44,1167.27191,169.7280899,1293,0.506247206,1.952826618,0.145405786
Switzerland,Switzerland,0,06-09-2021,12-09-2021,7,2021,36,8691406,1339,29,1169.67191,169.3280899,1310,0.333662931,1.948224371,0.144765458
Switzerland,Switzerland,0,13-09-2021,19-09-2021,7,2021,37,8691406,1347,48,1194.67191,152.3280899,1299,0.552269679,1.75262886,0.127506212
Switzerland,Switzerland,0,20-09-2021,26-09-2021,7,2021,38,8691406,1309,43,1211.67191,97.32808989,1266,0.494741587,1.119819853,0.080325449
Switzerland,Switzerland,0,27-09-2021,03-10-2021,7,2021,39,8691406,1320,50,1220.47191,99.52808989,1270,0.575280915,1.145132213,0.081548858
Switzerland,Switzerland,0,04-10-2021,10-10-2021,7,2021,40,8691406,1249,34,1257.07191,-8.071910112,1215,0.391191022,-0.092872317,-0.0064212
Switzerland,Switzerland,0,11-10-2021,17-10-2021,7,2021,41,8691406,1313,38,1245.67191,67.32808989,1275,0.437213496,0.774651304,0.054049617
Switzerland,Switzerland,0,18-10-2021,24-10-2021,7,2021,42,8691406,1337,27,1245.27191,91.72808989,1310,0.310651694,1.05538839,0.073661093
Switzerland,Switzerland,0,25-10-2021,31-10-2021,7,2021,43,8691406,1375,52,1239.47191,135.5280899,1323,0.598292152,1.559334472,0.109343414
Switzerland,Switzerland,0,01-11-2021,07-11-2021,7,2021,44,8691406,1319,40,1251.67191,67.32808989,1279,0.460224732,0.774651304,0.053790526
Switzerland,Switzerland,0,08-11-2021,14-11-2021,7,2021,45,8691406,1430,52,1260.87191,169.1280899,1378,0.598292152,1.945923247,0.134135822
Switzerland,Switzerland,0,15-11-2021,21-11-2021,7,2021,46,8691406,1516,56,1285.27191,230.7280899,1460,0.644314625,2.654669335,0.179516947
Switzerland,Switzerland,0,22-11-2021,28-11-2021,7,2021,47,8691406,1591,89,1277.87191,313.1280899,1502,1.024000029,3.602732284,0.245038714
Switzerland,Switzerland,0,29-11-2021,05-12-2021,7,2021,48,8691406,1719,122,1337.67191,381.3280899,1597,1.403685434,4.387415453,0.285068474
Switzerland,Switzerland,0,06-12-2021,12-12-2021,7,2021,49,8691406,1793,158,1321.67191,471.3280899,1635,1.817887693,5.4229211,0.356615047
Switzerland,Switzerland,0,13-12-2021,19-12-2021,7,2021,50,8691406,1712,165,1326.27191,385.7280899,1547,1.898427021,4.438040173,0.290836356
Switzerland,Switzerland,0,20-12-2021,26-12-2021,7,2021,51,8691406,1589,153,1368.67191,220.3280899,1436,1.760359601,2.535010905,0.160979478
Switzerland,Switzerland,0,27-12-2021,02-01-2022,7,2021,52,8691406,1638,162,1389.27191,248.7280899,1476,1.863910166,2.861770465,0.179034851
Switzerland,Switzerland,0,03-01-2022,09-01-2022,7,2022,1,8691406,1544,163,1445.164232,98.83576779,1381,1.875415784,1.137166619,0.068390682
Switzerland,Switzerland,0,10-01-2022,16-01-2022,7,2022,2,8691406,1510,120,1462.997566,47.00243446,1390,1.380674197,0.54079207,0.032127486
Switzerland,Switzerland,0,17-01-2022,23-01-2022,7,2022,3,8691406,1484,117,1479.497566,4.502434457,1367,1.346157342,0.051803292,0.003043219
Switzerland,Switzerland,0,24-01-2022,30-01-2022,7,2022,4,8691406,1476,98,1453.164232,22.83576779,1378,1.127550594,0.262739628,0.015714513
Switzerland,Switzerland,0,31-01-2022,06-02-2022,7,2022,5,8691406,1465,102,1462.497566,2.502434457,1363,1.173573067,0.028792056,0.001711069
Switzerland,Switzerland,0,07-02-2022,13-02-2022,7,2022,6,8691406,1454,150,1486.664232,-32.66423221,1304,1.725842746,-0.375822188,-0.021971493
Switzerland,Switzerland,0,14-02-2022,20-02-2022,7,2022,7,8691406,1558,80,1488.497566,69.50243446,1478,0.920449465,0.799668482,0.046693012
Switzerland,Switzerland,0,21-02-2022,27-02-2022,7,2022,8,8691406,1440,66,1487.164232,-47.16423221,1374,0.759370808,-0.542653654,-0.031714206
Switzerland,Switzerland,0,28-02-2022,06-03-2022,7,2022,9,8691406,1465,94,1523.989888,-58.98988764,1371,1.081528121,-0.678715131,-0.038707532
Switzerland,Switzerland,0,07-03-2022,13-03-2022,7,2022,10,8691406,1480,93,1449.789888,30.21011236,1387,1.070022503,0.347586022,0.02083758
Switzerland,Switzerland,0,14-03-2022,20-03-2022,7,2022,11,8691406,1543,157,1390.989888,152.0101124,1386,1.806382074,1.748970332,0.109281968
Switzerland,Switzerland,0,21-03-2022,27-03-2022,7,2022,12,8691406,1550,84,1342.389888,207.6101124,1466,0.966471938,2.38868271,0.154657089
Switzerland,Switzerland,0,28-03-2022,03-04-2022,7,2022,13,8691406,1543,66,1285.589888,257.4101124,1477,0.759370808,2.961662502,0.200227238
Switzerland,Switzerland,0,04-04-2022,10-04-2022,7,2022,14,8691406,1449,34,1302.389888,146.6101124,1415,0.391191022,1.686839993,0.112570064
Switzerland,Switzerland,0,11-04-2022,17-04-2022,7,2022,15,8691406,1327,40,1237.789888,89.21011236,1287,0.460224732,1.026417502,0.072072097
Switzerland,Switzerland,0,18-04-2022,24-04-2022,7,2022,16,8691406,1358,29,1230.789888,127.2101124,1329,0.333662931,1.463630998,0.103356482
Switzerland,Switzerland,0,25-04-2022,01-05-2022,7,2022,17,8691406,1275,36,1201.189888,73.81011236,1239,0.414202259,0.84923098,0.061447497
Switzerland,Switzerland,0,02-05-2022,08-05-2022,7,2022,18,8691406,1244,14,1230.389888,13.61011236,1230,0.161078656,0.156592758,0.011061626
Switzerland,Switzerland,0,09-05-2022,15-05-2022,7,2022,19,8691406,1193,55,1198.589888,-5.58988764,1138,0.632809007,-0.064315114,-0.00466372
Switzerland,Switzerland,0,16-05-2022,22-05-2022,7,2022,20,8691406,1261,10,1176.589888,84.41011236,1251,0.115056183,0.971190534,0.071741321
Switzerland,Switzerland,0,23-05-2022,29-05-2022,7,2022,21,8691406,1175,4,1209.789888,-34.78988764,1171,0.046022473,-0.400279168,-0.028756967
Switzerland,Switzerland,0,30-05-2022,05-06-2022,7,2022,22,8691406,1168,10,1158.389888,9.61011236,1158,0.115056183,0.110570285,0.008296095
Switzerland,Switzerland,0,06-06-2022,12-06-2022,7,2022,23,8691406,1163,10,1164.989888,-1.98988764,1153,0.115056183,-0.022894888,-0.001708073
Switzerland,Switzerland,0,13-06-2022,19-06-2022,7,2022,24,8691406,1299,3,1140.989888,158.0101124,1296,0.034516855,1.818004042,0.138485112
Switzerland,Switzerland,0,20-06-2022,26-06-2022,7,2022,25,8691406,1320,5,1176.589888,143.4101124,1315,0.057528092,1.650022014,0.121886236
Tunisia,Tunisia,0,30-12-2019,05-01-2020,7,2020,1,11935764,1699,0,1739.065678,-40.06567797,1699,0,-0.335677532,-0.023038623
Tunisia,Tunisia,0,06-01-2020,12-01-2020,7,2020,2,11935764,1618,0,1733.565678,-115.565678,1618,0,-0.968230253,-0.066663571
Tunisia,Tunisia,0,13-01-2020,19-01-2020,7,2020,3,11935764,1772,0,1779.232345,-7.232344633,1772,0,-0.060593898,-0.004064868
Tunisia,Tunisia,0,20-01-2020,26-01-2020,7,2020,4,11935764,1783,0,1805.065678,-22.06567797,1783,0,-0.18487026,-0.012224308
Tunisia,Tunisia,0,27-01-2020,02-02-2020,7,2020,5,11935764,1758,0,1758.065678,-0.065677966,1758,0,-0.000550262,-3.73581E-05
Tunisia,Tunisia,0,03-02-2020,09-02-2020,7,2020,6,11935764,1761,0,1752.399011,8.600988701,1761,0,0.072060646,0.004908122
Tunisia,Tunisia,0,10-02-2020,16-02-2020,7,2020,7,11935764,1717,0,1735.232345,-18.23234463,1717,0,-0.152753897,-0.010507149
Tunisia,Tunisia,0,17-02-2020,23-02-2020,7,2020,8,11935764,1622,0,1705.399011,-83.3990113,1622,0,-0.698732074,-0.048902932
Tunisia,Tunisia,0,24-02-2020,01-03-2020,7,2020,9,11935764,1523,0,1714.878814,-191.8788136,1523,0,-1.607595572,-0.111890597
Tunisia,Tunisia,0,02-03-2020,08-03-2020,7,2020,10,11935764,1453,0,1596.078814,-143.0788136,1453,0,-1.198740303,-0.089643953
Tunisia,Tunisia,0,09-03-2020,15-03-2020,7,2020,11,11935764,1387,0,1518.278814,-131.2788136,1387,0,-1.099877759,-0.086465551
Tunisia,Tunisia,0,16-03-2020,22-03-2020,7,2020,12,11935764,1431,3,1538.878814,-107.8788136,1428,0.025134545,-0.903828306,-0.070102215
Tunisia,Tunisia,0,23-03-2020,29-03-2020,7,2020,13,11935764,1395,5,1482.078814,-87.07881356,1390,0.041890909,-0.729562126,-0.058754509
Tunisia,Tunisia,0,30-03-2020,05-04-2020,7,2020,14,11935764,1296,14,1361.478814,-65.47881356,1282,0.117294544,-0.5485934,-0.048093891
Tunisia,Tunisia,0,06-04-2020,12-04-2020,7,2020,15,11935764,1263,9,1356.478814,-93.47881356,1254,0.075403636,-0.783182489,-0.068912845
Tunisia,Tunisia,0,13-04-2020,19-04-2020,7,2020,16,11935764,1153,7,1311.678814,-158.6788136,1146,0.058647272,-1.329439938,-0.120973833
Tunisia,Tunisia,0,20-04-2020,26-04-2020,7,2020,17,11935764,1087,0,1271.678814,-184.6788136,1087,0,-1.547272664,-0.145224416
Tunisia,Tunisia,0,27-04-2020,03-05-2020,7,2020,18,11935764,1109,4,1250.278814,-141.2788136,1105,0.033512727,-1.183659576,-0.112997847
Tunisia,Tunisia,0,04-05-2020,10-05-2020,7,2020,19,11935764,1083,3,1231.878814,-148.8788136,1080,0.025134545,-1.247333757,-0.120855081
Tunisia,Tunisia,0,11-05-2020,17-05-2020,7,2020,20,11935764,1080,0,1190.678814,-110.6788136,1080,0,-0.927287215,-0.092954382
Tunisia,Tunisia,0,18-05-2020,24-05-2020,7,2020,21,11935764,1087,3,1200.478814,-113.4788136,1084,0.025134545,-0.950746124,-0.09452796
Tunisia,Tunisia,0,25-05-2020,31-05-2020,7,2020,22,11935764,1043,0,1218.678814,-175.6788136,1043,0,-1.471869028,-0.144155139
Tunisia,Tunisia,0,01-06-2020,07-06-2020,7,2020,23,11935764,1083,1,1196.478814,-113.4788136,1082,0.008378182,-0.950746124,-0.094843981
Tunisia,Tunisia,0,08-06-2020,14-06-2020,7,2020,24,11935764,1087,0,1179.878814,-92.87881356,1087,0,-0.77815558,-0.078718943
Tunisia,Tunisia,0,15-06-2020,21-06-2020,7,2020,25,11935764,1091,1,1179.078814,-88.07881356,1090,0.008378182,-0.737940307,-0.074701379
Tunisia,Tunisia,0,22-06-2020,28-06-2020,7,2020,26,11935764,1263,0,1233.878814,29.12118644,1263,0,0.243982592,0.023601334
Tunisia,Tunisia,0,29-06-2020,05-07-2020,7,2020,27,11935764,1164,0,1272.678814,-108.6788136,1164,0,-0.910530851,-0.085393748
Tunisia,Tunisia,0,06-07-2020,12-07-2020,7,2020,28,11935764,1164,0,1308.078814,-144.0788136,1164,0,-1.207118485,-0.110145361
Tunisia,Tunisia,0,13-07-2020,19-07-2020,7,2020,29,11935764,1127,0,1297.678814,-170.6788136,1127,0,-1.429978119,-0.131526239
Tunisia,Tunisia,0,20-07-2020,26-07-2020,7,2020,30,11935764,1212,0,1334.678814,-122.6788136,1212,0,-1.027825396,-0.091916356
Tunisia,Tunisia,0,27-07-2020,02-08-2020,7,2020,31,11935764,1475,1,1388.078814,86.92118644,1474,0.008378182,0.728241497,0.062619777
Tunisia,Tunisia,0,03-08-2020,09-08-2020,7,2020,32,11935764,1197,0,1399.678814,-202.6788136,1197,0,-1.698079935,-0.144803802
Tunisia,Tunisia,0,10-08-2020,16-08-2020,7,2020,33,11935764,1307,3,1260.478814,46.52118644,1304,0.025134545,0.389762955,0.036907551
Tunisia,Tunisia,0,17-08-2020,23-08-2020,7,2020,34,11935764,1351,17,1242.278814,108.7211864,1334,0.14242909,0.910885859,0.087517541
Tunisia,Tunisia,0,24-08-2020,30-08-2020,7,2020,35,11935764,1219,5,1265.678814,-46.67881356,1214,0.041890909,-0.391083583,-0.036880457
Tunisia,Tunisia,0,31-08-2020,06-09-2020,7,2020,36,11935764,1201,17,1244.678814,-43.67881356,1184,0.14242909,-0.365949038,-0.035092438
Tunisia,Tunisia,0,07-09-2020,13-09-2020,7,2020,37,11935764,1164,14,1255.278814,-91.27881356,1150,0.117294544,-0.764750489,-0.072715968
Tunisia,Tunisia,0,14-09-2020,20-09-2020,7,2020,38,11935764,1406,52,1262.478814,143.5211864,1354,0.43566545,1.202446584,0.113682055
Tunisia,Tunisia,0,21-09-2020,27-09-2020,7,2020,39,11935764,1376,55,1210.678814,165.3211864,1321,0.460799996,1.385090946,0.136552473
Tunisia,Tunisia,0,28-09-2020,04-10-2020,7,2020,40,11935764,1538,107,1247.478814,290.5211864,1431,0.896465446,2.434039299,0.23288667
Tunisia,Tunisia,0,05-10-2020,11-10-2020,7,2020,41,11935764,1640,157,1288.078814,351.9211864,1483,1.315374533,2.948459658,0.273214017
Tunisia,Tunisia,0,12-10-2020,18-10-2020,7,2020,42,11935764,1860,148,1286.278814,573.7211864,1712,1.239970898,4.806740368,0.446031747
Tunisia,Tunisia,0,19-10-2020,25-10-2020,7,2020,43,11935764,1831,193,1264.878814,566.1211864,1638,1.616989076,4.743066187,0.447569507
Tunisia,Tunisia,0,26-10-2020,01-11-2020,7,2020,44,11935764,1871,529,1310.078814,560.9211864,1342,4.432058141,4.699499642,0.428158352
Tunisia,Tunisia,0,02-11-2020,08-11-2020,7,2020,45,11935764,1769,525,1349.078814,419.9211864,1244,4.398545414,3.518176017,0.311265126
Tunisia,Tunisia,0,09-11-2020,15-11-2020,7,2020,46,11935764,1714,472,1399.478814,314.5211864,1242,3.954501781,2.635115661,0.224741656
Tunisia,Tunisia,0,16-11-2020,22-11-2020,7,2020,47,11935764,1835,476,1440.478814,394.5211864,1359,3.988014508,3.3053702,0.273881978
Tunisia,Tunisia,0,23-11-2020,29-11-2020,7,2020,48,11935764,1791,398,1471.278814,319.7211864,1393,3.334516333,2.678682206,0.21730836
Tunisia,Tunisia,0,30-11-2020,06-12-2020,7,2020,49,11935764,1875,342,1477.278814,397.7211864,1533,2.865338155,3.332180382,0.26922554
Tunisia,Tunisia,0,07-12-2020,13-12-2020,7,2020,50,11935764,1820,333,1495.478814,324.5211864,1487,2.789934519,2.718897479,0.217001527
Tunisia,Tunisia,0,14-12-2020,20-12-2020,7,2020,51,11935764,1831,264,1555.678814,275.3211864,1567,2.211839979,2.306690937,0.176978168
Tunisia,Tunisia,0,21-12-2020,27-12-2020,7,2020,52,11935764,1857,308,1539.678814,317.3211864,1549,2.580479976,2.65857457,0.206095702
Tunisia,Tunisia,0,04-01-2021,10-01-2021,7,2021,1,11935764,2238,415,1772.691949,465.3080508,1823,3.476945422,3.898435415,0.262486695
Tunisia,Tunisia,0,11-01-2021,17-01-2021,7,2021,2,11935764,2230,477,1767.191949,462.8080508,1753,3.99639269,3.877489961,0.261888954
Tunisia,Tunisia,0,18-01-2021,24-01-2021,7,2021,3,11935764,2197,542,1812.858616,384.1413842,1655,4.540974503,3.218406331,0.211898148
Tunisia,Tunisia,0,25-01-2021,31-01-2021,7,2021,4,11935764,2194,520,1838.691949,355.3080508,1674,4.356654505,2.976835424,0.193239575
Tunisia,Tunisia,0,01-02-2021,07-02-2021,7,2021,5,11935764,2014,460,1791.691949,222.3080508,1554,3.8539636,1.862537252,0.124077161
Tunisia,Tunisia,0,08-02-2021,14-02-2021,7,2021,6,11935764,1728,330,1786.025282,-58.02528249,1398,2.764799974,-0.486146362,-0.0324885
United States,United States,0,30-12-2019,05-01-2020,7,2020,1,336997624,60180,0,62231.0572,-2051.057203,60180,0,-0.608626607,-0.03295874
United States,United States,0,06-01-2020,12-01-2020,7,2020,2,336997624,60737,0,62611.0572,-1874.057203,60737,0,-0.556103981,-0.029931729
United States,United States,0,13-01-2020,19-01-2020,7,2020,3,336997624,59366,0,61117.72387,-1751.72387,59366,0,-0.519803033,-0.028661471
United States,United States,0,20-01-2020,26-01-2020,7,2020,4,336997624,59164,0,60353.89054,-1189.890537,59164,0,-0.353085735,-0.019715225
United States,United States,0,27-01-2020,02-02-2020,7,2020,5,336997624,58835,0,60022.72387,-1187.72387,58835,0,-0.352442802,-0.019787904
United States,United States,0,03-02-2020,09-02-2020,7,2020,6,336997624,59484,0,60254.0572,-770.0572034,59484,0,-0.228505232,-0.012780172
United States,United States,0,10-02-2020,16-02-2020,7,2020,7,336997624,58818,0,59863.72387,-1045.72387,58818,0,-0.310306007,-0.017468407
United States,United States,0,17-02-2020,23-02-2020,7,2020,8,336997624,58915,0,59294.0572,-379.0572034,58915,0,-0.112480675,-0.006392836
United States,United States,0,24-02-2020,01-03-2020,7,2020,9,336997624,59335,1,59109.86864,225.1313559,59334,0.000296738,0.066805028,0.003808693
United States,United States,0,02-03-2020,08-03-2020,7,2020,10,336997624,59699,20,59261.86864,437.1313559,59679,0.00593476,0.129713483,0.007376267
United States,United States,0,09-03-2020,15-03-2020,7,2020,11,336997624,58675,49,58230.46864,444.5313559,58626,0.014540162,0.131909344,0.007633999
United States,United States,0,16-03-2020,22-03-2020,7,2020,12,336997624,59227,533,57874.06864,1352.931356,58694,0.158161352,0.401466141,0.02337716
United States,United States,0,23-03-2020,29-03-2020,7,2020,13,336997624,63031,2970,57130.86864,5900.131356,60061,0.881311852,1.750793162,0.103273965
United States,United States,0,30-03-2020,05-04-2020,7,2020,14,336997624,72299,9208,57028.86864,15270.13136,63091,2.732363478,4.531228195,0.267761429
United States,United States,0,06-04-2020,12-04-2020,7,2020,15,336997624,79101,14894,56635.46864,22465.53136,64207,4.41961573,6.66637678,0.396668941
United States,United States,0,13-04-2020,19-04-2020,7,2020,16,336997624,76814,15260,55504.66864,21309.33136,61554,4.528221837,6.323288308,0.383919621
United States,United States,0,20-04-2020,26-04-2020,7,2020,17,336997624,73913,14917,54886.86864,19026.13136,58996,4.426440704,5.645776113,0.346642682
United States,United States,0,27-04-2020,03-05-2020,7,2020,18,336997624,69305,13161,54908.46864,14396.53136,56144,3.905368781,4.271997881,0.262191456
United States,United States,0,04-05-2020,10-05-2020,7,2020,19,336997624,66816,12053,54092.06864,12723.93136,54763,3.57658308,3.775673907,0.235227302
United States,United States,0,11-05-2020,17-05-2020,7,2020,20,336997624,64481,9824,53539.46864,10941.53136,54657,2.915154084,3.246768101,0.204363839
United States,United States,0,18-05-2020,24-05-2020,7,2020,21,336997624,61634,8275,53431.66864,8202.331356,53359,2.455506927,2.433943379,0.153510672
United States,United States,0,25-05-2020,31-05-2020,7,2020,22,336997624,59685,6512,53040.86864,6644.131356,53173,1.932357838,1.971566232,0.125264377
United States,United States,0,01-06-2020,07-06-2020,7,2020,23,336997624,58911,5745,53504.46864,5406.531356,53166,1.704759794,1.604323286,0.101048221
United States,United States,0,08-06-2020,14-06-2020,7,2020,24,336997624,58038,5008,53022.86864,5015.131356,53030,1.48606389,1.488180034,0.094584308
United States,United States,0,15-06-2020,21-06-2020,7,2020,25,336997624,58002,4152,52901.06864,5100.931356,53850,1.232056164,1.513640154,0.096423976
United States,United States,0,22-06-2020,28-06-2020,7,2020,26,336997624,58511,3875,52782.06864,5728.931356,54636,1.149859739,1.699991617,0.108539349
United States,United States,0,29-06-2020,05-07-2020,7,2020,27,336997624,59831,3666,52979.66864,6851.331356,56165,1.087841498,2.033050345,0.129320011
United States,United States,0,06-07-2020,12-07-2020,7,2020,28,336997624,61949,5434,52657.46864,9291.531356,56515,1.612474277,2.757150405,0.176452298
United States,United States,0,13-07-2020,19-07-2020,7,2020,29,336997624,63180,5550,52308.66864,10871.33136,57630,1.646895884,3.225937093,0.207830397
United States,United States,0,20-07-2020,26-07-2020,7,2020,30,336997624,64250,6536,52198.46864,12051.53136,57714,1.93947955,3.576147278,0.230879021
United States,United States,0,27-07-2020,02-08-2020,7,2020,31,336997624,64239,7832,52258.26864,11980.73136,56407,2.324051994,3.555138227,0.229260013
United States,United States,0,03-08-2020,09-08-2020,7,2020,32,336997624,63723,7370,52423.66864,11299.33136,56353,2.186959039,3.352940956,0.215538738
United States,United States,0,10-08-2020,16-08-2020,7,2020,33,336997624,63647,7122,52197.86864,11449.13136,56525,2.113368016,3.397392308,0.219340974
United States,United States,0,17-08-2020,23-08-2020,7,2020,34,336997624,62571,6047,52056.06864,10514.93136,56524,1.794374669,3.120179671,0.201992421
United States,United States,0,24-08-2020,30-08-2020,7,2020,35,336997624,61109,6241,52438.26864,8670.731356,54868,1.85194184,2.572935457,0.165351214
United States,United States,0,31-08-2020,06-09-2020,7,2020,36,336997624,60247,5811,52656.06864,7590.931356,54436,1.724344502,2.252517767,0.144160617
United States,United States,0,07-09-2020,13-09-2020,7,2020,37,336997624,59669,5068,52902.06864,6766.931356,54601,1.50386817,2.008005658,0.127914305
United States,United States,0,14-09-2020,20-09-2020,7,2020,38,336997624,59741,5281,53003.06864,6737.931356,54460,1.567073363,1.999400256,0.12712342
United States,United States,0,21-09-2020,27-09-2020,7,2020,39,336997624,60617,5344,53088.26864,7528.731356,55273,1.585767857,2.234060664,0.141815349
United States,United States,0,28-09-2020,04-10-2020,7,2020,40,336997624,59808,4901,54153.06864,5654.931356,54907,1.454312924,1.678033005,0.104424948
United States,United States,0,05-10-2020,11-10-2020,7,2020,41,336997624,61782,5120,53986.86864,7795.131356,56662,1.519298546,2.313111666,0.144389396
United States,United States,0,12-10-2020,18-10-2020,7,2020,42,336997624,60649,5146,54630.06864,6018.931356,55503,1.527013733,1.786045636,0.110176163
United States,United States,0,19-10-2020,25-10-2020,7,2020,43,336997624,62195,5754,54780.06864,7414.931356,56441,1.707430436,2.20029188,0.135358198
United States,United States,0,26-10-2020,01-11-2020,7,2020,44,336997624,63428,5979,55125.86864,8302.131356,57449,1.774196485,2.463557831,0.150603184
United States,United States,0,02-11-2020,08-11-2020,7,2020,45,336997624,67592,7283,55405.86864,12186.13136,60309,2.161142833,3.616088212,0.219942971
United States,United States,0,09-11-2020,15-11-2020,7,2020,46,336997624,68826,8111,56182.06864,12643.93136,60715,2.406841895,3.751934867,0.225052791
United States,United States,0,16-11-2020,22-11-2020,7,2020,47,336997624,71687,11092,56205.66864,15481.33136,60595,3.291417865,4.59389926,0.275440747
United States,United States,0,23-11-2020,29-11-2020,7,2020,48,336997624,73311,10770,56648.66864,16662.33136,62541,3.19586823,4.944346835,0.294134562
United States,United States,0,30-11-2020,06-12-2020,7,2020,49,336997624,77435,16014,57804.06864,19630.93136,61421,4.751962287,5.825243253,0.339611585
United States,United States,0,07-12-2020,13-12-2020,7,2020,50,336997624,82010,17820,58200.26864,23809.73136,64190,5.28787111,7.065251996,0.409100025
United States,United States,0,14-12-2020,20-12-2020,7,2020,51,336997624,82944,19257,58948.26864,23995.73136,63687,5.714283612,7.120445263,0.407064226
United States,United States,0,21-12-2020,27-12-2020,7,2020,52,336997624,84373,16263,59441.86864,24931.13136,68110,4.825850048,7.398013986,0.419420384
United States,United States,0,28-12-2020,03-01-2021,7,2020,53,336997624,87037,18890,59441.86864,27595.13136,68147,5.605380767,8.18852401,0.464237279
United States,United States,0,04-01-2021,10-01-2021,7,2021,1,336997624,87096,23023,62940.48008,24155.51992,64073,6.831798909,7.1678606,0.383783535
United States,United States,0,11-01-2021,17-01-2021,7,2021,2,336997624,87417,23386,63320.48008,24096.51992,64031,6.939514802,7.150353059,0.380548598
United States,United States,0,18-01-2021,24-01-2021,7,2021,3,336997624,83684,21648,61827.14675,21856.85325,62036,6.423784163,6.485758858,0.353515477
United States,United States,0,25-01-2021,31-01-2021,7,2021,4,336997624,79202,22049,61063.31342,18138.68658,57153,6.5427761,5.382437528,0.297047205
United States,United States,0,01-02-2021,07-02-2021,7,2021,5,336997624,76515,20948,60732.14675,15782.85325,55567,6.216067565,4.683372263,0.259876426
United States,United States,0,08-02-2021,14-02-2021,7,2021,6,336997624,71528,17303,60963.48008,10564.51992,54225,5.134457565,3.134894481,0.173292599
United States,United States,0,15-02-2021,21-02-2021,7,2021,7,336997624,69517,13216,60573.14675,8943.853249,56301,3.921689371,2.6539811,0.147653766
United States,United States,0,22-02-2021,28-02-2021,7,2021,8,336997624,66754,13854,60003.48008,6750.519915,52900,4.111008213,2.00313576,0.11250214
United States,United States,0,01-03-2021,07-03-2021,7,2021,9,336997624,63703,11626,59819.29153,3883.708475,52077,3.449875955,1.152443874,0.064924013
United States,United States,0,08-03-2021,14-03-2021,7,2021,10,336997624,61891,8475,59971.29153,1919.708475,53416,2.514854526,0.569650448,0.032010457
United States,United States,0,15-03-2021,21-03-2021,7,2021,11,336997624,60375,7296,58939.89153,1435.108475,53079,2.165000427,0.425851214,0.024348679
United States,United States,0,22-03-2021,28-03-2021,7,2021,12,336997624,60818,6705,58583.49153,2234.508475,54113,1.989628271,0.663063569,0.038142289
United States,United States,0,29-03-2021,04-04-2021,7,2021,13,336997624,58748,5642,57840.29153,907.7084746,53106,1.67419578,0.269351595,0.015693359
United States,United States,0,05-04-2021,11-04-2021,7,2021,14,336997624,60999,6850,57738.29153,3260.708475,54149,2.032655281,0.967576102,0.056473934
United States,United States,0,12-04-2021,18-04-2021,7,2021,15,336997624,59151,5067,57344.89153,1806.108475,54084,1.503571432,0.535941011,0.031495543
United States,United States,0,19-04-2021,25-04-2021,7,2021,16,336997624,60286,4965,56214.09153,4071.908475,55321,1.473304156,1.208289965,0.072435725
United States,United States,0,26-04-2021,02-05-2021,7,2021,17,336997624,59833,4882,55596.29153,4236.708475,54951,1.448674902,1.257192387,0.076204876
United States,United States,0,03-05-2021,09-05-2021,7,2021,18,336997624,59015,4617,55617.89153,3397.108475,54398,1.370039333,1.008051165,0.061079419
United States,United States,0,10-05-2021,16-05-2021,7,2021,19,336997624,58484,4048,54801.49153,3682.508475,54436,1.201195413,1.092740189,0.067197231
United States,United States,0,17-05-2021,23-05-2021,7,2021,20,336997624,58762,3821,54248.89153,4513.108475,54941,1.133835887,1.33921077,0.083192639
United States,United States,0,24-05-2021,30-05-2021,7,2021,21,336997624,57362,4456,54141.09153,3220.908475,52906,1.322264515,0.95576593,0.059491015
United States,United States,0,31-05-2021,06-06-2021,7,2021,22,336997624,57459,3271,53750.29153,3708.708475,54188,0.970629989,1.100514725,0.068998853
United States,United States,0,07-06-2021,13-06-2021,7,2021,23,336997624,57179,2449,54213.89153,2965.108475,54730,0.726711355,0.87986035,0.054692781
United States,United States,0,14-06-2021,20-06-2021,7,2021,24,336997624,57263,2047,53732.29153,3530.708475,55216,0.60742268,1.047695361,0.065709248
United States,United States,0,21-06-2021,27-06-2021,7,2021,25,336997624,56934,2106,53610.49153,3323.508475,54828,0.624930222,0.986211248,0.061993621
United States,United States,0,28-06-2021,04-07-2021,7,2021,26,336997624,57530,1641,53491.49153,4038.508475,55889,0.486947053,1.198378916,0.075498147
United States,United States,0,05-07-2021,11-07-2021,7,2021,27,336997624,57220,1665,53689.09153,3530.908475,55555,0.494068765,1.047754709,0.065765845
United States,United States,0,12-07-2021,18-07-2021,7,2021,28,336997624,57253,1889,53366.89153,3886.108475,55364,0.560538077,1.153156046,0.072818715
United States,United States,0,19-07-2021,25-07-2021,7,2021,29,336997624,58440,1914,53018.09153,5421.908475,56526,0.567956527,1.608886262,0.102265252
United States,United States,0,26-07-2021,01-08-2021,7,2021,30,336997624,60356,2676,52907.89153,7448.108475,57680,0.79407088,2.210136792,0.140775001
United States,United States,0,02-08-2021,08-08-2021,7,2021,31,336997624,63803,3506,52967.69153,10835.30847,60297,1.040363418,3.215247736,0.204564484
United States,United States,0,09-08-2021,15-08-2021,7,2021,32,336997624,67051,4704,53133.09153,13917.90847,62347,1.395855539,4.129972286,0.261944263
United States,United States,0,16-08-2021,22-08-2021,7,2021,33,336997624,69987,7262,52907.29153,17079.70847,62725,2.154911336,5.068198485,0.322823338
United States,United States,0,23-08-2021,29-08-2021,7,2021,34,336997624,72213,9208,52765.49153,19447.50847,63005,2.732363478,5.770814715,0.368564907
United States,United States,0,30-08-2021,05-09-2021,7,2021,35,336997624,73526,11195,53147.69153,20378.30847,62331,3.321981878,6.047018443,0.383427914
United States,United States,0,06-09-2021,12-09-2021,7,2021,36,336997624,73752,11914,53365.49153,20386.50847,61838,3.535336498,6.049451694,0.382016691
United States,United States,0,13-09-2021,19-09-2021,7,2021,37,336997624,73337,14142,53611.49153,19725.50847,59195,4.196468756,5.853307878,0.367934335
United States,United States,0,20-09-2021,26-09-2021,7,2021,38,336997624,72195,14645,53712.49153,18482.50847,57550,4.345727969,5.484462548,0.344100747
United States,United States,0,27-09-2021,03-10-2021,7,2021,39,336997624,71377,13739,53797.69153,17579.30847,57638,4.076883343,5.216448789,0.326766967
United States,United States,0,04-10-2021,10-10-2021,7,2021,40,336997624,69163,11670,54862.49153,14300.50847,57493,3.462932427,4.243504243,0.260660937
United States,United States,0,11-10-2021,17-10-2021,7,2021,41,336997624,67554,11696,54696.29153,12857.70847,55858,3.470647615,3.815370661,0.235074593
United States,United States,0,18-10-2021,24-10-2021,7,2021,42,336997624,67072,11591,55339.49153,11732.50847,55481,3.439490125,3.481481067,0.212009691
United States,United States,0,25-10-2021,31-10-2021,7,2021,43,336997624,66486,9301,55489.49153,10996.50847,57185,2.759960112,3.263081901,0.19817281
United States,United States,0,01-11-2021,07-11-2021,7,2021,44,336997624,66629,8542,55835.29153,10793.70847,58087,2.534735972,3.202903435,0.193313372
United States,United States,0,08-11-2021,14-11-2021,7,2021,45,336997624,67469,8484,56115.29153,11353.70847,58985,2.517525168,3.369076713,0.202328245
United States,United States,0,15-11-2021,21-11-2021,7,2021,46,336997624,66996,8112,56891.49153,10104.50847,58884,2.407138633,2.998391607,0.177610187
United States,United States,0,22-11-2021,28-11-2021,7,2021,47,336997624,68001,5771,56915.09153,11085.90847,62230,1.712474982,3.289610278,0.194779771
United States,United States,0,29-11-2021,05-12-2021,7,2021,48,336997624,70190,12208,57358.09153,12831.90847,57982,3.62257747,3.807714821,0.22371575
United States,United States,0,06-12-2021,12-12-2021,7,2021,49,336997624,72157,9167,58513.49153,13643.50847,62990,2.72019722,4.048547379,0.233168593
United States,United States,0,13-12-2021,19-12-2021,7,2021,50,336997624,71359,9349,58909.69153,12449.30847,62010,2.774203536,3.694182863,0.211328699
United States,United States,0,20-12-2021,26-12-2021,7,2021,51,336997624,72356,10442,59657.69153,12698.30847,61914,3.098538167,3.768070624,0.21285283
United States,United States,0,27-12-2021,02-01-2022,7,2021,52,336997624,74434,9505,60151.29153,14282.70847,64929,2.820494663,4.238222307,0.237446414
United States,United States,0,03-01-2022,09-01-2022,7,2022,1,336997624,79674,12286,63649.90297,16024.09703,67388,3.645723033,4.75495846,0.251753676
United States,United States,0,10-01-2022,16-01-2022,7,2022,2,336997624,84964,14387,64029.90297,20934.09703,70577,4.269169565,6.211942027,0.326942508
United States,United States,0,17-01-2022,23-01-2022,7,2022,3,336997624,85557,15243,62536.56963,23020.43037,70314,4.523177291,6.831036401,0.368111499
United States,United States,0,24-01-2022,30-01-2022,7,2022,4,336997624,84930,17641,61772.7363,23157.2637,67289,5.234755008,6.871640051,0.374878386
United States,United States,0,31-01-2022,06-02-2022,7,2022,5,336997624,81281,17534,61441.56963,19839.43037,63747,5.203004043,5.887112832,0.322899146
United States,United States,0,07-02-2022,13-02-2022,7,2022,6,336997624,77205,16878,61672.90297,15532.09703,60327,5.008343916,4.608963366,0.251846375
United States,United States,0,14-02-2022,20-02-2022,7,2022,7,336997624,70965,15578,61282.56963,9682.430367,55387,4.62258452,2.873144995,0.157996481
United States,United States,0,21-02-2022,27-02-2022,7,2022,8,336997624,66090,12239,60712.90297,5377.097034,53851,3.631776347,1.595589004,0.088565968
United States,United States,0,28-02-2022,06-03-2022,7,2022,9,336997624,64479,9999,60528.71441,3950.285593,54480,2.967083234,1.172199835,0.065263002
United States,United States,0,07-03-2022,13-03-2022,7,2022,10,336997624,61885,9050,60680.71441,1204.285593,52835,2.685478874,0.357357295,0.019846266
United States,United States,0,14-03-2022,20-03-2022,7,2022,11,336997624,60597,6958,59649.31441,947.6855932,53639,2.064702984,0.281214325,0.015887619
United States,United States,0,21-03-2022,27-03-2022,7,2022,12,336997624,58617,5445,59292.91441,-675.9144068,53172,1.615738395,-0.200569487,-0.011399581
United States,United States,0,28-03-2022,03-04-2022,7,2022,13,336997624,57993,4759,58549.71441,-556.7144068,53234,1.412176129,-0.165198318,-0.009508405
United States,United States,0,04-04-2022,10-04-2022,7,2022,14,336997624,57755,3876,58447.71441,-692.7144068,53879,1.150156477,-0.205554686,-0.011851865
United States,United States,0,11-04-2022,17-04-2022,7,2022,15,336997624,57663,3136,58054.31441,-391.3144068,54527,0.930570359,-0.116117853,-0.006740488
United States,United States,0,18-04-2022,24-04-2022,7,2022,16,336997624,56725,2673,56923.51441,-198.5144068,54052,0.793180666,-0.058906767,-0.003487388
United States,United States,0,25-04-2022,01-05-2022,7,2022,17,336997624,57300,2400,56305.71441,994.2855932,54900,0.712171193,0.295042316,0.017658698
United States,United States,0,02-05-2022,08-05-2022,7,2022,18,336997624,57421,3901,56327.31441,1093.685593,53520,1.157574927,0.324538072,0.019416612
United States,United States,0,09-05-2022,15-05-2022,7,2022,19,336997624,57864,1868,55510.91441,2353.085593,55996,0.554306579,0.698249906,0.042389602
United States,United States,0,16-05-2022,22-05-2022,7,2022,20,336997624,57523,2461,54958.31441,2564.685593,55062,0.730272211,0.761039666,0.046666016
United States,United States,0,23-05-2022,29-05-2022,7,2022,21,336997624,56959,2607,54850.51441,2108.485593,54352,0.773595959,0.625667792,0.03844058
United States,United States,0,30-05-2022,05-06-2022,7,2022,22,336997624,57545,1956,54459.71441,3085.285593,55589,0.580419522,0.915521468,0.056652622
United States,United States,0,06-06-2022,12-06-2022,7,2022,23,336997624,57710,2770,54923.31441,2786.685593,54940,0.821964252,0.826915502,0.050737754
